    0.937730146777041682E+02    0.370314756161928699E+03    0.119855503320693974E+00    0.254347033500671380E-01    0.161734938621520996E+00   -0.367276239395141602E+01    0.141508904225815968E+01   -0.601219438100315529E+00   -0.146632092768527378E+01   -0.154123592578912394E+01    0.165158194182481588E+01   -0.434421062638845612E+01   -0.259876189423642643E+02   -0.216434083159758082E+02
    0.960599196161094824E+02    0.371610164061719161E+03    0.159138962745666496E+00    0.210887635946273785E-01    0.312774562835693382E+00   -0.289653038978576660E+01    0.369007507980541050E+00   -0.111664053499112015E+01   -0.989023052628681176E+00   -0.181628233170044950E+01    0.262617131260526548E+01   -0.577739158100452244E+01   -0.256942958134957351E+02   -0.199169042324912127E+02
    0.935789702891022444E+02    0.369184323920316956E+03    0.667650196552276587E-01    0.245905222296714764E-01    0.539675211906433083E+00    0.272283768653869629E+01   -0.115568399428298108E+01    0.276656300077661399E+01   -0.137871198302150311E+01   -0.289463791495904843E+01    0.136093778126110032E+01   -0.100590047122528290E+02   -0.297772083349931798E+02   -0.197182036227403508E+02
    0.937959047305823788E+02    0.370817504817286817E+03    0.192438965320587158E+00    0.192671911120414728E-01    0.806184434890746981E+00   -0.376313781738281250E+01   -0.674214725610227106E+00   -0.164832909641404513E+01   -0.151698126121914334E+01   -0.259316741986481247E+01   -0.239035230458737313E-01   -0.618161794297605560E+01   -0.258718802811626674E+02   -0.196902623381866100E+02
    0.946070139935684438E+02    0.371121757534490143E+03    0.158432991027832037E+00    0.232496157884597779E-01    0.757954812049865700E+00   -0.515581583976745605E+01    0.110950805300262800E+00    0.138681867349419008E+01   -0.552543698350973278E+00   -0.120927597715649426E+01    0.157222242628108710E+01   -0.441698144613241261E+01   -0.239655966927842456E+02   -0.195486152466518348E+02
    0.928615350914972169E+02    0.371043015155093826E+03    0.198817540168762213E+00    0.209780538678169259E-01    0.369269537925720259E+00   -0.133933138847351074E+01   -0.151489003955020962E+00   -0.311831082391336112E+00   -0.602735770831941187E+00   -0.704952848133189036E+00    0.108950490919937715E+01   -0.520414802821642297E+01   -0.245288564506802231E+02   -0.193247084224638002E+02
    0.949681274631782344E+02    0.369882524716099169E+03    0.103613837242126472E+00    0.198950939178466797E-01    0.490468120574951150E+00    0.190926003456115723E+01    0.248695139085839401E+00   -0.180477068063396473E+01    0.129521687097169380E-01   -0.141511276899450422E+01    0.106544862764508275E+01   -0.462131054431676080E+01   -0.239263380296361206E+02   -0.193050274853193606E+02
    0.951021383431841514E+02    0.370284420979148535E+03    0.128376616001129151E+00    0.218983027338981624E-01    0.459760403633117654E+00    0.236220359802246094E+00    0.247615049048590663E+00   -0.180091840116460844E+01   -0.241642632862863138E+01   -0.763739957336611042E+00    0.156106223902270580E+00   -0.559719475883620188E+01   -0.245781013126298653E+02   -0.189809065537936625E+02
    0.939560702037513238E+02    0.369992940418830813E+03    0.100784271955490112E+00    0.250324482321739178E-01    0.102379670143127433E+01    0.557719802856445312E+01    0.597663709457947334E+00    0.618738082142726853E+00   -0.932420050102109377E+00   -0.885406839391862377E+00    0.157858289546425135E+01   -0.365016440687851418E+01   -0.225036164679299411E+02   -0.188534520610514278E+02
    0.954324011159294514E+02    0.371626273269693911E+03    0.186447544097900403E+00    0.258643214106559736E-01    0.405119657516479492E+00    0.222819328308105469E+01    0.152477707318098510E+01   -0.132792469595415186E+00   -0.113005901352039451E+01   -0.329887903695293971E+01    0.243271383830006238E+00   -0.719243354534157664E+01   -0.259694702969294617E+02   -0.187770367515878860E+02
    0.948976955122022900E+02    0.371062201153210708E+03    0.201443983554840084E+00    0.231865339875221253E-01    0.360833668708801292E+00   -0.395091104507446289E+01    0.332635454791443408E+00   -0.439392325507696968E+00   -0.369775096929742864E+00   -0.200673299934805982E-01    0.224523497679570028E+01   -0.467793642707260116E+01   -0.234165290340720098E+02   -0.187385926069994078E+02
    0.949280778599315909E+02    0.369653059068511766E+03    0.556949551105499208E-01    0.196922600865364061E-01    0.683876061439514071E+00    0.228835773468017578E+01   -0.518977482778382182E+00    0.117494666883999344E+01    0.110237298826064056E+01   -0.233847647961624716E+01    0.217002831068953128E+01   -0.708050398360596933E+01   -0.257597242388372827E+02   -0.186792202552313142E+02
    0.937757799906787568E+02    0.368088026665220468E+03    0.853544003963470355E-01    0.239613456130027755E-01    0.704099059104919434E+00    0.583463716506958008E+01   -0.266203696120328459E+00   -0.544785950058894741E+00    0.107000353006015070E+00   -0.962999096224166351E+00    0.359316321465371402E+01   -0.905828079241784323E+01   -0.275686244968641319E+02   -0.185103437044462886E+02
    0.951603397545025018E+02    0.369410426389117447E+03    0.160576902866363530E+00    0.246157147288322449E-01    0.399113798141479514E+00   -0.513197779655456543E+01   -0.173414045458457622E+00   -0.401865830882570607E+00   -0.299307489036550578E+01   -0.149000978028539066E+01    0.130171037535660639E+01   -0.476432695630662195E+01   -0.231039955301620701E+02   -0.183396685738554481E+02
    0.961235979724735898E+02    0.369197119291761510E+03    0.205882862806320205E+00    0.204973110556602479E-01    0.403672623634338423E+00    0.488128352165222168E+01   -0.145666503848360662E+00   -0.969303849320795052E+00   -0.924576775261129802E+00   -0.815796541684221665E+00   -0.763536065004472908E+00   -0.649540227392154979E+01   -0.247734831736909875E+02   -0.182780808997694386E+02
    0.952867151789635045E+02    0.369799787063081794E+03    0.165482056617736822E+00    0.251205677390098567E-01    0.101545481681823735E+01    0.210748171806335449E+01   -0.573029777430065224E+00    0.996041263568940849E+00    0.228112399203155514E+00   -0.135877670113700333E+01    0.255407638893416333E+01   -0.533389449171202124E+01   -0.235290549053680920E+02   -0.181951604136560725E+02
    0.951359870844091802E+02    0.370461100817590022E+03    0.145059082746505752E+00    0.236391140222549437E-01    0.875621247291564875E+00   -0.239625120162963867E+01   -0.184747893805479180E+00    0.114162892838635344E+01    0.915509344896463739E+00   -0.212666534068944202E+01    0.362733349571726871E+00   -0.623841296615718210E+01   -0.243402282184846293E+02   -0.181018152523274480E+02
    0.934711071605104280E+02    0.370629324870355731E+03    0.134975919485092161E+00    0.214755193591117839E-01    0.943759298324584939E+00    0.599654388427734375E+01    0.119691935851619746E+01   -0.142210549509513839E+01   -0.169563473880657489E+01    0.182739092055044239E+00    0.859431903382983586E+00   -0.652764915915764821E+01   -0.246230001034846495E+02   -0.180953509443270022E+02
    0.945380599274405995E+02    0.371095214817978331E+03    0.792374217510223300E-01    0.222366891503334024E-01    0.653426909446716220E+00    0.901230812072753906E+00   -0.531977503318330491E+00   -0.186964899846884691E+01   -0.150864408015308959E+01   -0.842953247998821098E+00    0.990407609643853215E+00   -0.479320890457931537E+01   -0.228281247878710474E+02   -0.180349158832917311E+02
    0.946413339602715951E+02    0.370624278810844089E+03    0.947901027202606161E-01    0.215418472290039055E-01    0.884485912322998002E+00   -0.491225767135620117E+01    0.197186359488000562E+01   -0.128796315383738147E+01   -0.251750909264387701E+01   -0.138122380821528168E+01    0.131848215358218135E+01   -0.618834347881221092E+01   -0.241625495015319416E+02   -0.179742060227197307E+02
    0.958479354718954255E+02    0.369978573800092136E+03    0.106750985383987418E+00    0.252224575877189605E-01    0.603825712203979403E+00    0.261385202407836914E+01    0.409082218235425898E+00    0.685824885862302835E+00   -0.161512807243639123E+01   -0.303234938607943150E+01    0.265962755435452891E+01   -0.600339378256232958E+01   -0.238674894570376210E+02   -0.178640956744752906E+02
    0.947763918462967467E+02    0.370607395621850401E+03    0.177304638862609859E+00    0.248596463799476627E-01    0.484313488006591797E+00    0.152351546287536621E+01    0.131915420167501907E+01    0.927010983042464431E+00   -0.809036434205836263E+00   -0.128693096807296570E+01    0.823213417369288658E+00   -0.424986229958421191E+01   -0.220854717048916811E+02   -0.178356094053074692E+02
    0.965918812199768126E+02    0.371110685227797376E+03    0.125350348949432366E+00    0.212129808068275451E-01    0.543321728706359863E+00    0.370446681976318359E+00   -0.425808999672199207E+00    0.366762824345414684E+00   -0.254630287589634241E+00   -0.134837543199296306E+01    0.164913437985546829E+01   -0.516786723038537676E+01   -0.229956166878687576E+02   -0.178277494574833817E+02
    0.934751964062277239E+02    0.371542507163419259E+03    0.631319403648376437E-01    0.221747609972953799E-01    0.101972346305847172E+01    0.437386107444763184E+01    0.301060312561958199E+00   -0.807089852465878721E+00    0.126004504714956278E+00   -0.171261438487931628E+01    0.188085227247142961E+01   -0.555619624482453389E+01   -0.233405546989278996E+02   -0.177843584541033657E+02
    0.952876451809586342E+02    0.368717605062833854E+03    0.187890615463256833E+00    0.237361301779746986E-01    0.956340003013610773E+00    0.453509759902954102E+01    0.447355746092625850E+00   -0.133570835155865097E+01   -0.521890022711204216E+00   -0.333221176868050861E+01   -0.961844470668891116E-01   -0.755365139472417724E+01   -0.253253527466963355E+02   -0.177717013519721583E+02
    0.951589455451132835E+02    0.370893734053954404E+03    0.254443880081176799E+00    0.213087903261184666E-01    0.400957512855529830E+00    0.600410699844360352E+00   -0.447815136760709720E-01    0.282298720447329288E+01   -0.160137835345039781E+00   -0.275130822995492963E+01    0.482339484625527115E+00   -0.900795452600425151E+01   -0.267737625286790255E+02   -0.177658080026747740E+02
    0.941742317474838728E+02    0.369896597898620939E+03    0.223725963592529303E+00    0.194482003450393674E-01    0.889021277427673340E+00    0.133924555778503418E+01   -0.104703083388926643E+01   -0.161375663600438146E+00   -0.136452990036900679E+01   -0.175250439922024270E+01    0.594398192134804271E+00   -0.368869916310723189E+01   -0.214421157481546061E+02   -0.177534165850473755E+02
    0.951312723313892548E+02    0.370473595944162980E+03    0.113330067873001095E+00    0.255251601934432977E-01    0.675653624534606867E+00    0.580010104179382324E+01    0.133273117051317058E+01   -0.676694949883085428E+00   -0.163857680838987085E+01   -0.145545453912859557E+01   -0.461825342671317918E+00   -0.526545868893419033E+01   -0.229493233214239254E+02   -0.176838646324897333E+02
    0.963919865101322557E+02    0.370349484446719316E+03    0.105009706020355226E+00    0.197632547020912160E-01    0.756121540069579989E+00    0.593812036514282227E+01    0.349945246060769932E+00   -0.393801931465986299E-01   -0.136965584738277335E+01   -0.140493827046270781E+01    0.134810538635406396E+01   -0.388799833493399927E+01   -0.215433602855698467E+02   -0.176553619506358466E+02
    0.976689538804341737E+02    0.368951291162122516E+03    0.857805004119873010E-01    0.220201504826545713E-01    0.119877142906188960E+01    0.249142885208129883E+00   -0.107163478866482365E+01   -0.912063676490788566E+00   -0.984380421319883459E+00   -0.239846221141419846E+01    0.875161594069597815E-01   -0.946251977852351445E+01   -0.270835487231154062E+02   -0.176210289445918917E+02
    0.947322159240732162E+02    0.370094583321697201E+03    0.181030627727508553E+00    0.219577450156211856E-01    0.605778789520263650E+00   -0.523693799972534180E+01   -0.484824731203161718E+00   -0.991030523675817121E-01   -0.994550021395070649E+00   -0.194639970322782574E+01    0.154220268370295366E+01   -0.288080287304333860E+01   -0.204142687169286248E+02   -0.175334658438852848E+02
    0.944809758477074411E+02    0.370287825416369060E+03    0.244047115087509148E+00    0.203045679926872231E-01    0.436882162094116233E+00   -0.176984310150146484E+00   -0.674647989861796304E+00    0.736030138237993015E+00    0.103182379688973946E+01   -0.133757185324725469E+01    0.215298779431805309E+00   -0.610322220554017036E+01   -0.236331771825603560E+02   -0.175299549770201857E+02
    0.942867620403128512E+02    0.369678167790195630E+03    0.756608469486236557E-01    0.243618183135986335E-01    0.115716142654418941E+01   -0.165848207473754883E+01    0.118470523135670192E+01   -0.211927351478493620E+01   -0.535222987351744228E+00   -0.448672735625450514E+00    0.177452589384870429E+01   -0.617370632984152934E+01   -0.236761466993973499E+02   -0.175024403695558206E+02
    0.955715985204394656E+02    0.369782988969222743E+03    0.749387276172637923E-01    0.211811751723289497E-01    0.127500731945037837E+01   -0.306419134140014648E+00   -0.275337625240581474E+00    0.368928076155725704E+00   -0.254948150288896613E+01    0.117386332539126670E+00    0.413395977569735118E+00   -0.566085778490199854E+01   -0.231557051671255252E+02   -0.174948473822235258E+02
    0.955288347701005023E+02    0.369316161578508172E+03    0.114654853105545046E+00    0.212297994494438161E-01    0.642556452751159579E+00    0.287275242805480957E+01    0.115681265432385771E+00    0.841627862699851903E+00   -0.141919681211788862E+01   -0.201045518756814090E+01    0.104484271004253082E+01   -0.401116758694296394E+01   -0.214485817028416861E+02   -0.174374141158987221E+02
    0.945484385330748864E+02    0.369827950746771194E+03    0.775014073848724339E-01    0.208816902637481670E-01    0.107216701507568368E+01   -0.295609545707702637E+01   -0.205444457897897337E+01    0.270014297992702323E+00   -0.181659875251511926E+01   -0.164153270273686758E+01    0.174973186814781934E+01   -0.528058739758941709E+01   -0.226991681438204225E+02   -0.174185807462310045E+02
    0.956700706615381478E+02    0.369845945666188300E+03    0.176834157228469846E+00    0.203789964318275459E-01    0.507267260551452659E+00   -0.928952693939208984E-01    0.118639747389011063E+01    0.207879990588253405E+00   -0.694210004118076318E+00   -0.210115562009718815E+01    0.121474715597400995E+01   -0.409734594662163421E+01   -0.215131580755788292E+02   -0.174158121289571959E+02
    0.946348498909972022E+02    0.370774438409459663E+03    0.247094673156738276E+00    0.244292635321617102E-01    0.845571923255920344E+00    0.382463693618774414E+01    0.108633094487572635E+01    0.770946032447454854E+00   -0.283264171976611578E+01   -0.115793295179059896E+01   -0.100343278760419485E+00   -0.619695347192401869E+01   -0.235577546580589008E+02   -0.173608011861348821E+02
    0.957358733876551469E+02    0.369808161810524098E+03    0.115753109693527229E+00    0.259444108605384818E-01    0.532728576660156272E+00   -0.402100682258605957E+01    0.105331310625274455E+01   -0.425450465673975431E+00   -0.227862788770266889E+01   -0.240202428441193661E+01   -0.147362683284199880E+00   -0.582605074407486878E+01   -0.231307454765941252E+02   -0.173046947325192555E+02
    0.958872489718899033E+02    0.368968107058580927E+03    0.141547682046890250E+00    0.212641814947128298E-01    0.573388862609863215E+00    0.288889861106872559E+01   -0.911147026525895853E+00    0.218344402759385103E+00    0.361572240728949001E-01    0.493156150411095950E+00   -0.292113041228958314E+00   -0.806432482988538446E+01   -0.253628547156239108E+02   -0.172985298857385246E+02
    0.930421621120424334E+02    0.371874823437242185E+03    0.246080243110656738E+00    0.196362115740776055E-01    0.490829396247863814E+00   -0.240170001983642578E+01   -0.867589605333023428E+00   -0.150425682432000940E+01   -0.145984499908968779E-02   -0.626222160350380364E+00    0.900094954482711040E+00   -0.770674285659747227E+01   -0.249685316437509286E+02   -0.172617887871534563E+02
    0.943863102038224042E+02    0.370976329702022895E+03    0.104253783702850350E+00    0.223851200342178348E-01    0.104413864612579355E+01   -0.190576958656311035E+01   -0.124204612649123192E+01   -0.508094010154991338E+00   -0.767911219699044301E+00   -0.680651879248443947E+00    0.168558263731824831E+01   -0.414386343303864280E+01   -0.214034849122709048E+02   -0.172596214792322620E+02
    0.943863102038224042E+02    0.370976329702022895E+03    0.104253783702850350E+00    0.223851200342178348E-01    0.104413864612579355E+01   -0.190576958656311035E+01   -0.124204612649123192E+01   -0.508094010154991338E+00   -0.767911219699044301E+00   -0.680651879248443947E+00    0.168558263731824831E+01   -0.414386343303864280E+01   -0.214034849122709048E+02   -0.172596214792322620E+02
    0.969662248007514336E+02    0.368429863307526148E+03    0.147530494451522831E+00    0.200037700533866880E-01    0.514541840553283669E+00   -0.599573993682861328E+01   -0.547669396743231118E+00   -0.793300388371562804E+00   -0.936058259195533315E+00   -0.139053932790034196E+01    0.147297805495441048E+01   -0.684734733667751261E+01   -0.240981676990684264E+02   -0.172508203623909147E+02
    0.952997664250372054E+02    0.371418133327935948E+03    0.119532660484313963E+00    0.214716311693191539E-01    0.558112215995788530E+00   -0.416112184524536133E+01    0.333505322390692527E+00    0.842445011846849057E-01   -0.416642336987251616E+00   -0.122754173841030934E+00    0.224160971904325379E+01   -0.497288543927693283E+01   -0.221931544777910439E+02   -0.172202690385141111E+02
    0.952997664250372054E+02    0.371418133327935948E+03    0.119532660484313963E+00    0.214716311693191539E-01    0.558112215995788530E+00   -0.416112184524536133E+01    0.333505322390692527E+00    0.842445011846849057E-01   -0.416642336987251616E+00   -0.122754173841030934E+00    0.224160971904325379E+01   -0.497288543927693283E+01   -0.221931544777910439E+02   -0.172202690385141111E+02
    0.960553027628523068E+02    0.370155912699797000E+03    0.523991761207580550E-01    0.200094932317733745E-01    0.989184045791625888E+00    0.330962920188903809E+01   -0.983426282402888319E-01    0.691653045288376234E+00   -0.113732037380827911E+01   -0.254695889775916839E+01    0.108572315896367422E+01   -0.437195803302262931E+01   -0.215845052800806556E+02   -0.172125472470580263E+02
    0.951595086468958016E+02    0.370793994738416814E+03    0.121556486606597902E+00    0.225766927599906908E-01    0.625263214111328125E+00    0.102704286575317383E+01    0.226291847099560073E+01    0.549770018270692162E+00   -0.132748543031425448E+01   -0.640713982592160392E+00    0.158314662618181523E+01   -0.594377052814335993E+01   -0.231410743520006505E+02   -0.171973038238572897E+02
    0.951675163210691153E+02    0.369477006504953124E+03    0.131216297864913956E+00    0.259325743913650514E-01    0.104417490959167480E+01    0.481897115707397461E+00    0.675921131704626532E+00   -0.734194335601614512E+00   -0.578272377809980531E+00   -0.120350756792845459E+01    0.174148473798709369E+01   -0.355088691209328733E+01   -0.207476693921013506E+02   -0.171967824800080642E+02
    0.959368621926571450E+02    0.371669967848940587E+03    0.137392443895339972E+00    0.250011908411979650E-01    0.596525955200195246E+00    0.226730990409851074E+01    0.161080225031923874E+01    0.910410519156812925E-01   -0.212194706089462670E+01   -0.241434665504471013E+01    0.196084221604792242E+01   -0.679673745188614387E+01   -0.239839388093658918E+02   -0.171872013574797471E+02
    0.959368621926571450E+02    0.371669967848940587E+03    0.137392443895339972E+00    0.250011908411979650E-01    0.596525955200195246E+00    0.226730990409851074E+01    0.161080225031923874E+01    0.910410519156812925E-01   -0.212194706089462670E+01   -0.241434665504471013E+01    0.196084221604792242E+01   -0.679673745188614387E+01   -0.239839388093658918E+02   -0.171872013574797471E+02
    0.957472452884646827E+02    0.372106663301860635E+03    0.252442135334014883E+00    0.202602862715721109E-01    0.458025622367858931E+00   -0.317860007286071777E+01   -0.994822538926882771E+00    0.870602762053067636E+00   -0.918489003055355857E+00    0.204728238225015957E-01    0.189622788068959403E+01   -0.698367254574044782E+01   -0.241554920255447634E+02   -0.171718194798043164E+02
    0.952045317792842525E+02    0.370328860043207214E+03    0.141606618404388429E+00    0.202312702536582949E-01    0.636297106742858887E+00    0.473234152793884277E+01   -0.267530991167177490E+00    0.593681446647451594E+00   -0.240283304509602891E+00   -0.220237579735908184E+01    0.212149241806741884E+01   -0.403028841893759449E+01   -0.211581438946279832E+02   -0.171278554756903887E+02
    0.935769054403388054E+02    0.368409568471726971E+03    0.106987922430038462E+00    0.238877157568931561E-01    0.106540255546569829E+01   -0.138894724845886230E+01   -0.355998281180518461E+00    0.948544826838997324E+00   -0.167891637806519589E+01   -0.196526116158906916E+01    0.196909667841168834E+01   -0.627516156747686260E+01   -0.233905392648989192E+02   -0.171153776974220584E+02
    0.927369951942866919E+02    0.370075706993886570E+03    0.657504193782806334E-01    0.221947506070137024E-01    0.901016116142272949E+00    0.231762456893920898E+01    0.196488896600612861E+00   -0.441779446676946408E+00   -0.106610594917924550E+01   -0.356178901232283351E+01    0.987134547134474127E+00   -0.718461586201242852E+01   -0.242792281052590688E+02   -0.170946122432466403E+02
    0.948503609942761159E+02    0.368846886093315106E+03    0.116337609529495234E+00    0.243746836781501761E-01    0.737923860549926758E+00    0.533598017692565918E+01    0.631549364035208782E+00    0.783635378331837829E-01   -0.545526718020709955E+00   -0.298471497321656898E+01    0.808075538369621649E+00   -0.527719329975627272E+01   -0.223659046791389358E+02   -0.170887113793826622E+02
    0.956111956336783351E+02    0.370172877829090567E+03    0.156786603212356573E+00    0.255992264747619616E-01    0.536235904693603493E+00   -0.161193323135375977E+01   -0.128702581360244039E+01    0.179731938472969033E+00   -0.278328855191034563E+01   -0.236106245037376539E+01    0.961251600552941676E+00   -0.566403967125722474E+01   -0.227494292071072444E+02   -0.170853895358500196E+02
    0.956111956336783351E+02    0.370172877829090567E+03    0.156786603212356573E+00    0.255992264747619616E-01    0.536235904693603493E+00   -0.161193323135375977E+01   -0.128702581360244039E+01    0.179731938472969033E+00   -0.278328855191034563E+01   -0.236106245037376539E+01    0.961251600552941676E+00   -0.566403967125722474E+01   -0.227494292071072444E+02   -0.170853895358500196E+02
    0.960092893615344565E+02    0.370543381612371604E+03    0.128959498643875126E+00    0.211559167504310613E-01    0.555040836334228516E+00   -0.575404572486877441E+01   -0.952010507563727515E+00    0.101862759426580851E+01   -0.119040018869668507E+01    0.132830441758642337E+00    0.158480088570399880E+01   -0.568813950318005013E+01   -0.227649202455290727E+02   -0.170767807423490225E+02
    0.940834555156814076E+02    0.369767037856433717E+03    0.203464940071105965E+00    0.212908964753150930E-01    0.531346845626831099E+00   -0.366991066932678223E+01   -0.146004673969514442E+01   -0.130028344515835670E+01   -0.146588398262224451E+01   -0.101876568826924085E+01    0.788592942882360370E+00   -0.487511278510210566E+01   -0.219182470824743945E+02   -0.170431342973722906E+02
    0.962313434844329549E+02    0.369530989921490573E+03    0.194340200901031490E+00    0.219979161620140057E-01    0.601048517227172785E+00   -0.387032461166381836E+01   -0.308582564719017682E-01   -0.460673961466682103E+00   -0.191912881059010920E+01    0.249573294796618939E+00    0.272700740749201032E+01   -0.657319473777060637E+01   -0.236034619326981243E+02   -0.170302671949275179E+02
    0.946361991883375140E+02    0.370443969073066683E+03    0.136853347063064568E+00    0.237323341965675338E-01    0.617283391952514582E+00    0.603608608245849609E+00   -0.865964026819483479E+00   -0.938428529190105110E+00   -0.182782763853879238E+01   -0.162574468129491834E+01    0.955139342587472351E+00   -0.358122691600369780E+01   -0.205864084895332482E+02   -0.170051815735295513E+02
    0.957578404015341675E+02    0.369491413787118063E+03    0.164801911354064939E+00    0.234488593339920032E-01    0.606073546409606867E+00   -0.449171733856201172E+01   -0.164769641481257167E+01   -0.981317567504901844E-01   -0.709284613552654042E+00   -0.197190411676615440E+01    0.273474949598835337E+01   -0.594857289049791049E+01   -0.229308084696451289E+02   -0.169822355791472184E+02
    0.950298727509518812E+02    0.369677254651237263E+03    0.582855770587921151E-01    0.230453425049781807E-01    0.129185001850128178E+01   -0.306655883789062500E+00   -0.149102248890926603E+01    0.672120212209393331E-01   -0.887814003382345396E+00   -0.199269130588731969E+01    0.300298322819458008E+01   -0.558224845187856378E+01   -0.224621397560771570E+02   -0.168798913041985941E+02
    0.957804749334152348E+02    0.369756366900992134E+03    0.537180032730102536E-01    0.199937201738357544E-01    0.826158523559570312E+00   -0.544676756858825684E+01   -0.219598607019406700E+00    0.431847645321568108E+00   -0.419576477223699618E+00   -0.339097687818707527E+01    0.717256180508911934E+00   -0.571157364604873585E+01   -0.225341675033769633E+02   -0.168225938573282257E+02
    0.957804749334152348E+02    0.369756366900992134E+03    0.537180032730102536E-01    0.199937201738357544E-01    0.826158523559570312E+00   -0.544676756858825684E+01   -0.219598607019406700E+00    0.431847645321568108E+00   -0.419576477223699618E+00   -0.339097687818707527E+01    0.717256180508911934E+00   -0.571157364604873585E+01   -0.225341675033769633E+02   -0.168225938573282257E+02
    0.935912014743214513E+02    0.370660861603564399E+03    0.655203402042388861E-01    0.192288078069686869E-01    0.686864972114562988E+00   -0.528856945037841797E+01   -0.728169219247547517E+00    0.679738614099960614E+00   -0.103182433388496952E+01   -0.777741570997250165E+00    0.147015194555137918E+01   -0.425022166971700077E+01   -0.210671040800372040E+02   -0.168168824103202041E+02
    0.935912014743214513E+02    0.370660861603564399E+03    0.655203402042388861E-01    0.192288078069686869E-01    0.686864972114562988E+00   -0.528856945037841797E+01   -0.728169219247547517E+00    0.679738614099960614E+00   -0.103182433388496952E+01   -0.777741570997250165E+00    0.147015194555137918E+01   -0.425022166971700077E+01   -0.210671040800372040E+02   -0.168168824103202041E+02
    0.944280405424390210E+02    0.371313466991261748E+03    0.773340826034545903E-01    0.203655678033828717E-01    0.891165113449096657E+00    0.326358604431152344E+01    0.372891232565280006E+00    0.116891901468875403E+01   -0.138432098676162219E+01    0.163556899511831944E+00    0.108304286393945426E+01   -0.545433945320745384E+01   -0.222347403388303135E+02   -0.167804008856228606E+02
    0.944280405424390210E+02    0.371313466991261748E+03    0.773340826034545903E-01    0.203655678033828717E-01    0.891165113449096657E+00    0.326358604431152344E+01    0.372891232565280006E+00    0.116891901468875403E+01   -0.138432098676162219E+01    0.163556899511831944E+00    0.108304286393945426E+01   -0.545433945320745384E+01   -0.222347403388303135E+02   -0.167804008856228606E+02
    0.943818650312643967E+02    0.370748809464782653E+03    0.204112048387527473E+00    0.196429390311241153E-01    0.844943356513977006E+00   -0.884020328521728516E-01   -0.303014565940884495E-01    0.127112721907565174E+01   -0.241220161285014001E+01   -0.837349624267744730E+00    0.153885639052191459E+01   -0.487259157037289192E+01   -0.216515089265908287E+02   -0.167789173562179386E+02
    0.943818650312643967E+02    0.370748809464782653E+03    0.204112048387527473E+00    0.196429390311241153E-01    0.844943356513977006E+00   -0.884020328521728516E-01   -0.303014565940884495E-01    0.127112721907565174E+01   -0.241220161285014001E+01   -0.837349624267744730E+00    0.153885639052191459E+01   -0.487259157037289192E+01   -0.216515089265908287E+02   -0.167789173562179386E+02
    0.937489565205785311E+02    0.371681028328898492E+03    0.817734603881835886E-01    0.251235471963882420E-01    0.646804356575012118E+00   -0.465684056282043457E+01   -0.203865543323786369E+01    0.411588550103942963E+00   -0.342622263510406810E+01   -0.223374353983103902E+01    0.163079622058489826E+01   -0.952342864558686486E+01   -0.262837278306972877E+02   -0.167602991851104228E+02
    0.937489565205785311E+02    0.371681028328898492E+03    0.817734603881835886E-01    0.251235471963882420E-01    0.646804356575012118E+00   -0.465684056282043457E+01   -0.203865543323786369E+01    0.411588550103942963E+00   -0.342622263510406810E+01   -0.223374353983103902E+01    0.163079622058489826E+01   -0.952342864558686486E+01   -0.262837278306972877E+02   -0.167602991851104228E+02
    0.952286169040328332E+02    0.371209313573353711E+03    0.727449259757995542E-01    0.238623196482658367E-01    0.711611318588256769E+00   -0.157515120506286621E+01   -0.740316146385566753E+00    0.115392307597289800E+01   -0.173923496465135918E+01    0.875936386057674099E-01    0.117576054420510467E+01   -0.556593916249994169E+01   -0.223170487021148531E+02   -0.167511095396149123E+02
    0.952286169040328332E+02    0.371209313573353711E+03    0.727449259757995542E-01    0.238623196482658367E-01    0.711611318588256769E+00   -0.157515120506286621E+01   -0.740316146385566753E+00    0.115392307597289800E+01   -0.173923496465135918E+01    0.875936386057674099E-01    0.117576054420510467E+01   -0.556593916249994169E+01   -0.223170487021148531E+02   -0.167511095396149123E+02
    0.942875297640241570E+02    0.367618288682315097E+03    0.128559687137603768E+00    0.249477871656417841E-01    0.668447208404540971E+00    0.282158946990966797E+01    0.159603625428985652E+01    0.906845827024653772E+00   -0.137664026470588374E+01   -0.199672049679179509E+01    0.244083486375870962E+01   -0.889971519087533558E+01   -0.256494827413498285E+02   -0.167497675504744912E+02
    0.942875297640241570E+02    0.367618288682315097E+03    0.128559687137603768E+00    0.249477871656417841E-01    0.668447208404540971E+00    0.282158946990966797E+01    0.159603625428985652E+01    0.906845827024653772E+00   -0.137664026470588374E+01   -0.199672049679179509E+01    0.244083486375870962E+01   -0.889971519087533558E+01   -0.256494827413498285E+02   -0.167497675504744912E+02
    0.942002393469717845E+02    0.368715133750710947E+03    0.211752970218658437E+00    0.211352044939994814E-01    0.550821828842163019E+00   -0.204195642471313477E+01    0.387118108843651498E+00    0.436982109330301738E+00   -0.111190551747654331E+01   -0.256616098862082254E+01    0.411887458652700156E+00   -0.522028067977522792E+01   -0.219500641135714361E+02   -0.167297834337962072E+02
    0.942002393469717845E+02    0.368715133750710947E+03    0.211752970218658437E+00    0.211352044939994814E-01    0.550821828842163019E+00   -0.204195642471313477E+01    0.387118108843651498E+00    0.436982109330301738E+00   -0.111190551747654331E+01   -0.256616098862082254E+01    0.411887458652700156E+00   -0.522028067977522792E+01   -0.219500641135714361E+02   -0.167297834337962072E+02
    0.944327531718570299E+02    0.371235307286549187E+03    0.159594743728637689E+00    0.242249009609222382E-01    0.927744865417480469E+00    0.541691279411315918E+01    0.158642928139101969E+01    0.676789124929655928E-01   -0.749071324047463127E+00   -0.673260363977306042E+00    0.316536374278939769E+00   -0.518680815277430618E+01   -0.218931770304015032E+02   -0.167063688776271988E+02
    0.954845443610977327E+02    0.368313543496396733E+03    0.201838627338409432E+00    0.226101706624031069E-01    0.519221901893615723E+00   -0.549375772476196289E+00    0.830267937150210855E+00   -0.128938667077250102E+01   -0.955156949397632848E+00   -0.229337350111450178E+01    0.116237706294782606E+01   -0.599732384951549857E+01   -0.226894138286468667E+02   -0.166920899791313673E+02
    0.938128840985384613E+02    0.371152325472432722E+03    0.148038597106933595E+00    0.231334119439125033E-01    0.634419274330139116E+00   -0.740622282028198242E+00    0.141096158822961115E+01   -0.714002735677468081E+00   -0.144641967669372185E+01   -0.157239173741231753E+01    0.905815524237141512E+00   -0.475333250164678223E+01   -0.214410379874399553E+02   -0.166877054857931739E+02
    0.938128840985384613E+02    0.371152325472432722E+03    0.148038597106933595E+00    0.231334119439125033E-01    0.634419274330139116E+00   -0.740622282028198242E+00    0.141096158822961115E+01   -0.714002735677468081E+00   -0.144641967669372185E+01   -0.157239173741231753E+01    0.905815524237141512E+00   -0.475333250164678223E+01   -0.214410379874399553E+02   -0.166877054857931739E+02
    0.941273852738802361E+02    0.369993886547960983E+03    0.555761461257934519E-01    0.195489745140075694E-01    0.112347674369812012E+01    0.302267217636108398E+01   -0.797113546960872554E+00   -0.482360542406468029E+00   -0.298260094140232246E+00   -0.767470384899979763E+00    0.177526256514852343E+01   -0.384196878962758870E+01   -0.205223046259668784E+02   -0.166803358363392888E+02
    0.941273852738802361E+02    0.369993886547960983E+03    0.555761461257934519E-01    0.195489745140075694E-01    0.112347674369812012E+01    0.302267217636108398E+01   -0.797113546960872554E+00   -0.482360542406468029E+00   -0.298260094140232246E+00   -0.767470384899979763E+00    0.177526256514852343E+01   -0.384196878962758870E+01   -0.205223046259668784E+02   -0.166803358363392888E+02
    0.942530881994323408E+02    0.369527449742374529E+03    0.108645509004592897E+00    0.250343712568283083E-01    0.720465469360351496E+00    0.187832736968994141E+01   -0.866142994016172452E-01    0.993967944101541434E+00   -0.158807932611011871E+01   -0.117962737682660190E+01    0.191880130877848409E+01   -0.401053702255559141E+01   -0.206788105177825123E+02   -0.166682734952269200E+02
    0.942530881994323408E+02    0.369527449742374529E+03    0.108645509004592897E+00    0.250343712568283083E-01    0.720465469360351496E+00    0.187832736968994141E+01   -0.866142994016172452E-01    0.993967944101541434E+00   -0.158807932611011871E+01   -0.117962737682660190E+01    0.191880130877848409E+01   -0.401053702255559141E+01   -0.206788105177825123E+02   -0.166682734952269200E+02
    0.947001129957473040E+02    0.371588410444125884E+03    0.979212319850921720E-01    0.253613651394844035E-01    0.800083875656127930E+00    0.319575119018554688E+01   -0.225480892044060965E+00    0.186779741189866455E+00   -0.123839546339354434E+01   -0.272749162783270549E+01    0.136674143994582686E+01   -0.446108878265254916E+01   -0.211171101940976982E+02   -0.166560214114451490E+02
    0.947001129957473040E+02    0.371588410444125884E+03    0.979212319850921720E-01    0.253613651394844035E-01    0.800083875656127930E+00    0.319575119018554688E+01   -0.225480892044060965E+00    0.186779741189866455E+00   -0.123839546339354434E+01   -0.272749162783270549E+01    0.136674143994582686E+01   -0.446108878265254916E+01   -0.211171101940976982E+02   -0.166560214114451490E+02
    0.949627089543448619E+02    0.371086938319553838E+03    0.964660134315490636E-01    0.243288523554801919E-01    0.709110426902770929E+00   -0.567534685134887695E+00   -0.770379900658326733E+00    0.144822488730483201E+01   -0.125563651485322203E+01   -0.200997269694312308E+01    0.211291590410496610E+01   -0.510014455953433021E+01   -0.217267089217526035E+02   -0.166265643622182715E+02
    0.944979860286005078E+02    0.371347854829100243E+03    0.245383366584777829E+00    0.245869532227516174E-01    0.804936170578002930E+00    0.246746277809143066E+01   -0.294315040160313401E+01    0.980845071566136539E+00   -0.212598868307964040E+01    0.855068786719357377E+00    0.711173621601801864E+00   -0.114239645316611327E+02   -0.280385098962399795E+02   -0.166145453645788486E+02
    0.944979860286005078E+02    0.371347854829100243E+03    0.245383366584777829E+00    0.245869532227516174E-01    0.804936170578002930E+00    0.246746277809143066E+01   -0.294315040160313401E+01    0.980845071566136539E+00   -0.212598868307964040E+01    0.855068786719357377E+00    0.711173621601801864E+00   -0.114239645316611327E+02   -0.280385098962399795E+02   -0.166145453645788486E+02
    0.944718448954224641E+02    0.369508052778373667E+03    0.726110150814056332E-01    0.207279133796691890E-01    0.699333739280700639E+00   -0.407795906066894531E+01   -0.159564711192729192E+01   -0.178673802262778736E+01   -0.197183011864467495E+01   -0.125124997396937943E+01   -0.102115237302427864E+01   -0.843498352346410840E+01   -0.250389496287786351E+02   -0.166039661053145267E+02
    0.944718448954224641E+02    0.369508052778373667E+03    0.726110150814056332E-01    0.207279133796691890E-01    0.699333739280700639E+00   -0.407795906066894531E+01   -0.159564711192729192E+01   -0.178673802262778736E+01   -0.197183011864467495E+01   -0.125124997396937943E+01   -0.102115237302427864E+01   -0.843498352346410840E+01   -0.250389496287786351E+02   -0.166039661053145267E+02
    0.954921957076637682E+02    0.367265164614839023E+03    0.120771333217620847E+00    0.249184064865112312E-01    0.751382470130920410E+00    0.522826051712036133E+01   -0.104648379390823720E+01    0.190928101316103549E+00   -0.428403434231085845E+00   -0.775521191195593929E+00    0.108192182830521255E+01   -0.824814470159799207E+01   -0.248161777480662593E+02   -0.165680330464682655E+02
    0.954921957076637682E+02    0.367265164614839023E+03    0.120771333217620847E+00    0.249184064865112312E-01    0.751382470130920410E+00    0.522826051712036133E+01   -0.104648379390823720E+01    0.190928101316103549E+00   -0.428403434231085845E+00   -0.775521191195593929E+00    0.108192182830521255E+01   -0.824814470159799207E+01   -0.248161777480662593E+02   -0.165680330464682655E+02
    0.930986567709353494E+02    0.371348638715744300E+03    0.103148413896560667E+00    0.243278384804725620E-01    0.700132679939269975E+00   -0.417739963531494141E+01   -0.464156127321757594E+00   -0.194249446149001415E+01   -0.403404710101540109E+00   -0.105712977868847702E+01   -0.339920614391075793E+00   -0.791043422963112164E+01   -0.244379576856174410E+02   -0.165275234559863193E+02
    0.930986567709353494E+02    0.371348638715744300E+03    0.103148413896560667E+00    0.243278384804725620E-01    0.700132679939269975E+00   -0.417739963531494141E+01   -0.464156127321757594E+00   -0.194249446149001415E+01   -0.403404710101540109E+00   -0.105712977868847702E+01   -0.339920614391075793E+00   -0.791043422963112164E+01   -0.244379576856174410E+02   -0.165275234559863193E+02
    0.937705878165527338E+02    0.370030037474630035E+03    0.110368756055831907E+00    0.251609691977500924E-01    0.783632707595825151E+00   -0.388862085342407227E+01   -0.442996251950944497E+00   -0.137856953111736402E+01   -0.930109277891233210E+00   -0.246399551967101615E+01    0.308247578174473347E+01   -0.618159030933483677E+01   -0.226959944947643812E+02   -0.165144041854295445E+02
    0.937705878165527338E+02    0.370030037474630035E+03    0.110368756055831907E+00    0.251609691977500924E-01    0.783632707595825151E+00   -0.388862085342407227E+01   -0.442996251950944497E+00   -0.137856953111736402E+01   -0.930109277891233210E+00   -0.246399551967101615E+01    0.308247578174473347E+01   -0.618159030933483677E+01   -0.226959944947643812E+02   -0.165144041854295445E+02
    0.933251957596646662E+02    0.369926314276601488E+03    0.109680840969085702E+00    0.212022237181663520E-01    0.685955524444580078E+00   -0.336138367652893066E+01   -0.754276527983392953E+00   -0.408811644164188637E+00   -0.252391658685496623E+01   -0.170953398927963462E+01    0.278949557192390785E+01   -0.624521682667004452E+01   -0.227562124528252809E+02   -0.165109956261552355E+02
    0.933251957596646662E+02    0.369926314276601488E+03    0.109680840969085702E+00    0.212022237181663520E-01    0.685955524444580078E+00   -0.336138367652893066E+01   -0.754276527983392953E+00   -0.408811644164188637E+00   -0.252391658685496623E+01   -0.170953398927963462E+01    0.278949557192390785E+01   -0.624521682667004452E+01   -0.227562124528252809E+02   -0.165109956261552355E+02
    0.931393058313326492E+02    0.370855009558026495E+03    0.167775029897689831E+00    0.248092496991157534E-01    0.104893429279327388E+01    0.339793395996093750E+01   -0.453105076859401379E+00   -0.139244702912719676E+00   -0.245040760470033092E+01   -0.706109337119187330E+00   -0.267086147756572023E+00   -0.657400183656614434E+01   -0.230800199737673637E+02   -0.165060181372012202E+02
    0.955156904111893255E+02    0.370681821733548759E+03    0.136728762388229369E+00    0.203569882512092577E-01    0.718102836608886630E+00    0.472733974456787109E+01   -0.432423558776235950E+00    0.369121173658868484E+00   -0.137755419390600742E+01   -0.127970005826341549E+01    0.149644224971893913E+01   -0.319771065721071723E+01   -0.197033625153869494E+02   -0.165056518581762326E+02
    0.955156904111893255E+02    0.370681821733548759E+03    0.136728762388229369E+00    0.203569882512092577E-01    0.718102836608886630E+00    0.472733974456787109E+01   -0.432423558776235950E+00    0.369121173658868484E+00   -0.137755419390600742E+01   -0.127970005826341549E+01    0.149644224971893913E+01   -0.319771065721071723E+01   -0.197033625153869494E+02   -0.165056518581762326E+02
    0.972947684288672008E+02    0.369499949944240370E+03    0.584250447750091495E-01    0.217501259446144096E-01    0.696506333351135209E+00   -0.399937462806701660E+01   -0.158050377820018184E-01   -0.646665583927870102E+00   -0.153906961622737959E+01   -0.279872986486111586E+01    0.235271165243034375E+01   -0.764445329456918010E+01   -0.241269842458362689E+02   -0.164825309512670906E+02
    0.972947684288672008E+02    0.369499949944240370E+03    0.584250447750091495E-01    0.217501259446144096E-01    0.696506333351135209E+00   -0.399937462806701660E+01   -0.158050377820018184E-01   -0.646665583927870102E+00   -0.153906961622737959E+01   -0.279872986486111586E+01    0.235271165243034375E+01   -0.764445329456918010E+01   -0.241269842458362689E+02   -0.164825309512670906E+02
    0.947161087736574245E+02    0.370736760251224723E+03    0.861560661792755145E-01    0.223595778942108150E-01    0.836024475097656206E+00    0.215052723884582520E+01   -0.547132937732612845E+00   -0.253888665225758758E+00   -0.727840350929227276E+00   -0.210010443630267218E+01    0.151108913427151714E+00   -0.377243920369096486E+01   -0.202518137006449308E+02   -0.164793744969539659E+02
    0.947161087736574245E+02    0.370736760251224723E+03    0.861560661792755145E-01    0.223595778942108150E-01    0.836024475097656206E+00    0.215052723884582520E+01   -0.547132937732612845E+00   -0.253888665225758758E+00   -0.727840350929227276E+00   -0.210010443630267218E+01    0.151108913427151714E+00   -0.377243920369096486E+01   -0.202518137006449308E+02   -0.164793744969539659E+02
    0.949531687974492797E+02    0.370538505585129542E+03    0.142179250717163086E+00    0.206533827185630785E-01    0.674160027503967196E+00    0.164230585098266602E+01    0.210848916764234673E+00   -0.499806635892809881E+00   -0.395466813150733065E+00   -0.259676411763734905E+01    0.146283402830135878E+01   -0.367097387480642201E+01   -0.201497961139943058E+02   -0.164788222391878847E+02
    0.939414564315418374E+02    0.370314970431877327E+03    0.767882130146026604E-01    0.225180265307426443E-01    0.749329113960266024E+00   -0.178624892234802246E+01    0.248113973206841365E+01   -0.188734187012300936E+01   -0.291883045521217133E+00   -0.113400724852681378E+00    0.247956102930515954E+01   -0.936985045021931207E+01   -0.258296668541421468E+02   -0.164598164039228365E+02
    0.939414564315418374E+02    0.370314970431877327E+03    0.767882130146026604E-01    0.225180265307426443E-01    0.749329113960266024E+00   -0.178624892234802246E+01    0.248113973206841365E+01   -0.188734187012300936E+01   -0.291883045521217133E+00   -0.113400724852681378E+00    0.247956102930515954E+01   -0.936985045021931207E+01   -0.258296668541421468E+02   -0.164598164039228365E+02
    0.938277054083848725E+02    0.371088131225733150E+03    0.127807327508926399E+00    0.220533442497253401E-01    0.100583920478820810E+01   -0.959395408630371094E+00    0.140926730609294282E+01   -0.156356947068729824E+01   -0.129984066133033571E+01   -0.128667988314759896E+01    0.926224122566736918E+00   -0.543758478770930420E+01   -0.218855928495335128E+02   -0.164480080618242077E+02
    0.961688530850303778E+02    0.368857374289377503E+03    0.217252910614013667E+00    0.248752859234809866E-01    0.545464134216308572E+00   -0.138017177581787109E+01   -0.204866105544851962E+00   -0.880628343858234075E+00    0.887455328091846463E+00   -0.231432029320671973E+01    0.819448874555064544E+00   -0.718545031359425224E+01   -0.236110588366986569E+02   -0.164256085231044047E+02
    0.961688530850303778E+02    0.368857374289377503E+03    0.217252910614013667E+00    0.248752859234809866E-01    0.545464134216308572E+00   -0.138017177581787109E+01   -0.204866105544851962E+00   -0.880628343858234075E+00    0.887455328091846463E+00   -0.231432029320671973E+01    0.819448874555064544E+00   -0.718545031359425224E+01   -0.236110588366986569E+02   -0.164256085231044047E+02
    0.946719902984366399E+02    0.369206083373755746E+03    0.128495108842849731E+00    0.242091813087463373E-01    0.649328851699829013E+00   -0.230019736289978027E+01    0.811352776282774357E+00   -0.259703222878897522E+00   -0.793283710553396082E+00   -0.331298560391815045E+00    0.157918615856829114E+01   -0.409054412244279142E+01   -0.205101671200289317E+02   -0.164196229975861385E+02
    0.946719902984366399E+02    0.369206083373755746E+03    0.128495108842849731E+00    0.242091813087463373E-01    0.649328851699829013E+00   -0.230019736289978027E+01    0.811352776282774357E+00   -0.259703222878897522E+00   -0.793283710553396082E+00   -0.331298560391815045E+00    0.157918615856829114E+01   -0.409054412244279142E+01   -0.205101671200289317E+02   -0.164196229975861385E+02
    0.946767065845008347E+02    0.370445278135727904E+03    0.750621328353881789E-01    0.243676549792289712E-01    0.742091584205627375E+00   -0.289241695404052734E+01   -0.122064550086520285E+01    0.709957419516058508E+00   -0.845322786291262451E+00   -0.320474405173740706E+01   -0.302702826191989294E+00   -0.662389663766005476E+01   -0.230312956031400233E+02   -0.164073989654799703E+02
    0.946767065845008347E+02    0.370445278135727904E+03    0.750621328353881789E-01    0.243676549792289712E-01    0.742091584205627375E+00   -0.289241695404052734E+01   -0.122064550086520285E+01    0.709957419516058508E+00   -0.845322786291262451E+00   -0.320474405173740706E+01   -0.302702826191989294E+00   -0.662389663766005476E+01   -0.230312956031400233E+02   -0.164073989654799703E+02
    0.936745923471519291E+02    0.372415101798316982E+03    0.170071541547775262E+00    0.219688851237297041E-01    0.657562017440795898E+00   -0.197663140296936035E+01    0.162679883219311705E+01    0.123769828971830975E+01   -0.191432993190915091E+01   -0.125457533545727529E+01    0.104839807277926433E+01   -0.826618940535570879E+01   -0.246491419302777075E+02   -0.163829525249219969E+02
    0.936745923471519291E+02    0.372415101798316982E+03    0.170071541547775262E+00    0.219688851237297041E-01    0.657562017440795898E+00   -0.197663140296936035E+01    0.162679883219311705E+01    0.123769828971830975E+01   -0.191432993190915091E+01   -0.125457533545727529E+01    0.104839807277926433E+01   -0.826618940535570879E+01   -0.246491419302777075E+02   -0.163829525249219969E+02
    0.960806793365443355E+02    0.369242900729284202E+03    0.168144345760345454E+00    0.228929003477096535E-01    0.616060018539428711E+00    0.438457417488098145E+01   -0.973768989232439708E+00   -0.384928854285817523E+00   -0.296521090317696689E+01   -0.220044052855541850E+01    0.847425042753684687E+00   -0.645764901585994444E+01   -0.228295405948206138E+02   -0.163718915789606712E+02
    0.960806793365443355E+02    0.369242900729284202E+03    0.168144345760345454E+00    0.228929003477096535E-01    0.616060018539428711E+00    0.438457417488098145E+01   -0.973768989232439708E+00   -0.384928854285817523E+00   -0.296521090317696689E+01   -0.220044052855541850E+01    0.847425042753684687E+00   -0.645764901585994444E+01   -0.228295405948206138E+02   -0.163718915789606712E+02
    0.952962718548544672E+02    0.370070600462706579E+03    0.204469885826110837E+00    0.240175656080245971E-01    0.550107431411743120E+00    0.581600904464721680E+00   -0.181186677345635871E+01    0.390966701801289729E+00   -0.184758299845384477E+01   -0.242742300638042252E+01    0.335917177272904377E+00   -0.571403037412263437E+01   -0.220852193415096067E+02   -0.163711889673869742E+02
    0.952962718548544672E+02    0.370070600462706579E+03    0.204469885826110837E+00    0.240175656080245971E-01    0.550107431411743120E+00    0.581600904464721680E+00   -0.181186677345635871E+01    0.390966701801289729E+00   -0.184758299845384477E+01   -0.242742300638042252E+01    0.335917177272904377E+00   -0.571403037412263437E+01   -0.220852193415096067E+02   -0.163711889673869742E+02
    0.933807113540572118E+02    0.371344765737962689E+03    0.179574302673339847E+00    0.233705481290817259E-01    0.766711473464965820E+00   -0.209628081321716309E+01   -0.161029069760161292E+00   -0.122508134063650687E+01   -0.299404875692175665E+01   -0.368296119175170134E+01    0.246838545262448861E+01   -0.987911452133859491E+01   -0.262365039512072897E+02   -0.163573894298686930E+02
    0.933807113540572118E+02    0.371344765737962689E+03    0.179574302673339847E+00    0.233705481290817259E-01    0.766711473464965820E+00   -0.209628081321716309E+01   -0.161029069760161292E+00   -0.122508134063650687E+01   -0.299404875692175665E+01   -0.368296119175170134E+01    0.246838545262448861E+01   -0.987911452133859491E+01   -0.262365039512072897E+02   -0.163573894298686930E+02
    0.966748918918849540E+02    0.370552125176450090E+03    0.105976130962371823E+00    0.255346831083297712E-01    0.686746954917907715E+00   -0.448416280746459961E+01   -0.573759895536340991E+00   -0.165374855215532024E+00   -0.279716193342778752E+01   -0.133211845863911549E+01    0.788066240767193671E+00   -0.600910655878360700E+01   -0.223641282210068617E+02   -0.163550216622232547E+02
    0.966748918918849540E+02    0.370552125176450090E+03    0.105976130962371823E+00    0.255346831083297712E-01    0.686746954917907715E+00   -0.448416280746459961E+01   -0.573759895536340991E+00   -0.165374855215532024E+00   -0.279716193342778752E+01   -0.133211845863911549E+01    0.788066240767193671E+00   -0.600910655878360700E+01   -0.223641282210068617E+02   -0.163550216622232547E+02
    0.937590721353788012E+02    0.368134863495092532E+03    0.145580840349197382E+00    0.245133091807365408E-01    0.728949117660522394E+00    0.479884171485900879E+01   -0.421262800606427845E+00    0.266087487733557337E+00   -0.179407169479986783E+01   -0.211178263833858182E+01    0.728052147079552237E+00   -0.615440751996144986E+01   -0.225021996447496875E+02   -0.163477921247882385E+02
    0.937590721353788012E+02    0.368134863495092532E+03    0.145580840349197382E+00    0.245133091807365408E-01    0.728949117660522394E+00    0.479884171485900879E+01   -0.421262800606427845E+00    0.266087487733557337E+00   -0.179407169479986783E+01   -0.211178263833858182E+01    0.728052147079552237E+00   -0.615440751996144986E+01   -0.225021996447496875E+02   -0.163477921247882385E+02
    0.939300029527228162E+02    0.370432348729479827E+03    0.699492852687835648E-01    0.235924211144447338E-01    0.117490577697753906E+01   -0.975340604782104492E+00   -0.180107691304556283E+00   -0.343914135413569910E+00   -0.327247791743729755E+00   -0.959452796688538001E+00   -0.650106145337756569E-01   -0.428373703064891931E+01   -0.205859068996847370E+02   -0.163021698690358186E+02
    0.939300029527228162E+02    0.370432348729479827E+03    0.699492852687835648E-01    0.235924211144447338E-01    0.117490577697753906E+01   -0.975340604782104492E+00   -0.180107691304556283E+00   -0.343914135413569910E+00   -0.327247791743729755E+00   -0.959452796688538001E+00   -0.650106145337756569E-01   -0.428373703064891931E+01   -0.205859068996847370E+02   -0.163021698690358186E+02
    0.938707702343347137E+02    0.370019627457274737E+03    0.597165863513946515E-01    0.196676558852195739E-01    0.789933180809020974E+00   -0.442760753631591797E+01    0.111390227815491016E+00   -0.100942122359242603E+01   -0.133045884528087277E+01   -0.936583448484498149E+00    0.153068650222508063E+01   -0.354269146103552535E+01   -0.198369880070693476E+02   -0.162942965460338236E+02
    0.938707702343347137E+02    0.370019627457274737E+03    0.597165863513946515E-01    0.196676558852195739E-01    0.789933180809020974E+00   -0.442760753631591797E+01    0.111390227815491016E+00   -0.100942122359242603E+01   -0.133045884528087277E+01   -0.936583448484498149E+00    0.153068650222508063E+01   -0.354269146103552535E+01   -0.198369880070693476E+02   -0.162942965460338236E+02
    0.934933952142730504E+02    0.370923431051578291E+03    0.146186059713363653E+00    0.219248700141906720E-01    0.785054278373718217E+00   -0.268565082550048828E+01    0.110346857437775725E+01   -0.482044110402739479E+00   -0.195636082019404944E+01   -0.121701185401775547E+01    0.146833319482880165E+01   -0.471980126136108247E+01   -0.210114691733667485E+02   -0.162916679120056642E+02
    0.934933952142730504E+02    0.370923431051578291E+03    0.146186059713363653E+00    0.219248700141906720E-01    0.785054278373718217E+00   -0.268565082550048828E+01    0.110346857437775725E+01   -0.482044110402739479E+00   -0.195636082019404944E+01   -0.121701185401775547E+01    0.146833319482880165E+01   -0.471980126136108247E+01   -0.210114691733667485E+02   -0.162916679120056642E+02
    0.953962222902762278E+02    0.368791634133039906E+03    0.170665391921997089E+00    0.197746564149856550E-01    0.616761326789855957E+00    0.413647699356079102E+01    0.513359518096194734E+00   -0.197590708932807502E+01   -0.752704663642589145E+00   -0.843537794537496666E-01    0.206795031742672109E+01   -0.674497713292524015E+01   -0.230314420805334130E+02   -0.162864649476081738E+02
    0.953962222902762278E+02    0.368791634133039906E+03    0.170665391921997089E+00    0.197746564149856550E-01    0.616761326789855957E+00    0.413647699356079102E+01    0.513359518096194734E+00   -0.197590708932807502E+01   -0.752704663642589145E+00   -0.843537794537496666E-01    0.206795031742672109E+01   -0.674497713292524015E+01   -0.230314420805334130E+02   -0.162864649476081738E+02
    0.964575640644741270E+02    0.371900507167494879E+03    0.687472000122070215E-01    0.241419730782508821E-01    0.761428880691528254E+00   -0.240697216987609863E+01   -0.278090920147633369E+00    0.257231559434103529E+00   -0.116332756202836896E+00   -0.199088576807184836E+01   -0.156693849944645058E+01   -0.100748794355528872E+02   -0.263496401781424581E+02   -0.162747607425895708E+02
    0.964575640644741270E+02    0.371900507167494879E+03    0.687472000122070215E-01    0.241419730782508821E-01    0.761428880691528254E+00   -0.240697216987609863E+01   -0.278090920147633369E+00    0.257231559434103529E+00   -0.116332756202836896E+00   -0.199088576807184836E+01   -0.156693849944645058E+01   -0.100748794355528872E+02   -0.263496401781424581E+02   -0.162747607425895708E+02
    0.937717874320994724E+02    0.373417291819693901E+03    0.216425783157348645E+00    0.245884289741516091E-01    0.597375750541687012E+00   -0.634379625320434570E+00    0.642753790847336859E+00   -0.203407852476516382E+01   -0.466453229608987163E+00   -0.130075700359270741E+01    0.114755330991897631E+01   -0.102978779237591667E+02   -0.265559498532795644E+02   -0.162580719295203977E+02
    0.937717874320994724E+02    0.373417291819693901E+03    0.216425783157348645E+00    0.245884289741516091E-01    0.597375750541687012E+00   -0.634379625320434570E+00    0.642753790847336859E+00   -0.203407852476516382E+01   -0.466453229608987163E+00   -0.130075700359270741E+01    0.114755330991897631E+01   -0.102978779237591667E+02   -0.265559498532795644E+02   -0.162580719295203977E+02
    0.966097357259311593E+02    0.369956746944080578E+03    0.192560254812240594E+00    0.237356733083724965E-01    0.551867103576660134E+00    0.390932679176330566E+01   -0.870428824010787139E+00   -0.169519489858089401E+01   -0.465406476781708767E+00   -0.247968460421475356E+01    0.898260923073621820E+00   -0.656621316002036615E+01   -0.228196428148308783E+02   -0.162534296548105104E+02
    0.962842030395270285E+02    0.369612956948433066E+03    0.620752444267272940E-01    0.231606530547142017E-01    0.976901245117187456E+00    0.227985763549804688E+01   -0.107557649227260299E+01   -0.117716156173514719E+01   -0.191878501661562928E+01   -0.157392418968470338E+01    0.157236087417572912E+01   -0.527114064374677760E+01   -0.215194020461300539E+02   -0.162482614023832745E+02
    0.929679192181176859E+02    0.371840128450737438E+03    0.866418685913085962E-01    0.230828629732131932E-01    0.878135728836059504E+00   -0.334119057655334473E+01   -0.148460729836870087E+00    0.375029363279964001E+00    0.906384986399191295E-01   -0.454459536297235900E-01    0.228824589452188087E+00   -0.789127873172135352E+01   -0.241300311193796304E+02   -0.162387523876582769E+02
    0.929679192181176859E+02    0.371840128450737438E+03    0.866418685913085962E-01    0.230828629732131932E-01    0.878135728836059504E+00   -0.334119057655334473E+01   -0.148460729836870087E+00    0.375029363279964001E+00    0.906384986399191295E-01   -0.454459536297235900E-01    0.228824589452188087E+00   -0.789127873172135352E+01   -0.241300311193796304E+02   -0.162387523876582769E+02
    0.958554696468834209E+02    0.371150712136638731E+03    0.927110974788665776E-01    0.191509384512901296E-01    0.894909548759460383E+00    0.335249233245849609E+01   -0.952832357758097714E+00   -0.202108363261004287E+00    0.486798506382229101E+00   -0.323204733147690604E+01    0.460096937500793723E+00   -0.723364637727930848E+01   -0.234676009420643439E+02   -0.162339545647850336E+02
    0.938259487184839145E+02    0.371021245869144195E+03    0.124519160270690932E+00    0.204365828633308391E-01    0.866298532485961892E+00    0.450273585319519043E+01   -0.178638163756318136E+01   -0.878802642347409346E+00   -0.600267782118635074E+00   -0.204322246824517606E+01    0.911021487348762316E+00   -0.559642904167801092E+01   -0.218261844616774283E+02   -0.162297554199994174E+02
    0.938259487184839145E+02    0.371021245869144195E+03    0.124519160270690932E+00    0.204365828633308391E-01    0.866298532485961892E+00    0.450273585319519043E+01   -0.178638163756318136E+01   -0.878802642347409346E+00   -0.600267782118635074E+00   -0.204322246824517606E+01    0.911021487348762316E+00   -0.559642904167801092E+01   -0.218261844616774283E+02   -0.162297554199994174E+02
    0.952611128326750531E+02    0.371474931305726614E+03    0.235306927442550662E+00    0.237288515567779523E-01    0.800530552864074707E+00    0.227372717857360840E+01   -0.209037011992450061E+00    0.218581138755098492E+00   -0.280394484864814331E+01   -0.262490729450405524E+01    0.242721819649091231E+01   -0.637470788506435948E+01   -0.225920550361114643E+02   -0.162173471510471039E+02
    0.952611128326750531E+02    0.371474931305726614E+03    0.235306927442550662E+00    0.237288515567779523E-01    0.800530552864074707E+00    0.227372717857360840E+01   -0.209037011992450061E+00    0.218581138755098492E+00   -0.280394484864814331E+01   -0.262490729450405524E+01    0.242721819649091231E+01   -0.637470788506435948E+01   -0.225920550361114643E+02   -0.162173471510471039E+02
    0.950074513590200240E+02    0.370369131238908039E+03    0.206874226570129383E+00    0.231280112862586977E-01    0.564613246917724632E+00    0.513303065299987793E+01    0.645714351484230065E+00    0.133259537018489027E+01   -0.239353564693942644E+01   -0.134117248202642259E+01    0.154480800254191331E+01   -0.479115801028401744E+01   -0.210074509065419939E+02   -0.162162928962579755E+02
    0.950074513590200240E+02    0.370369131238908039E+03    0.206874226570129383E+00    0.231280112862586977E-01    0.564613246917724632E+00    0.513303065299987793E+01    0.645714351484230065E+00    0.133259537018489027E+01   -0.239353564693942644E+01   -0.134117248202642259E+01    0.154480800254191331E+01   -0.479115801028401744E+01   -0.210074509065419939E+02   -0.162162928962579755E+02
    0.939564328150393067E+02    0.370262357014337113E+03    0.129373196125030510E+00    0.240515496134757999E-01    0.742652916908264071E+00   -0.313564753532409668E+01    0.107863119836792976E+00   -0.132120544079725677E+00   -0.243687303716001225E+01   -0.143514853083729577E+01    0.726153728529652875E+00   -0.396005633100228982E+01   -0.201739499586324946E+02   -0.162138936276302061E+02
    0.937653470816032950E+02    0.370239618947875670E+03    0.105370352268219003E+00    0.223518862128257757E-01    0.938937401771545388E+00   -0.213998723030090332E+01   -0.584770908068321660E+00    0.112877267000726533E+01   -0.120044461486827436E+01   -0.319424407157271162E+01    0.823265299362674563E+00   -0.586002173363064216E+01   -0.220586521654824494E+02   -0.161986304318518073E+02
    0.937653470816032950E+02    0.370239618947875670E+03    0.105370352268219003E+00    0.223518862128257757E-01    0.938937401771545388E+00   -0.213998723030090332E+01   -0.584770908068321660E+00    0.112877267000726533E+01   -0.120044461486827436E+01   -0.319424407157271162E+01    0.823265299362674563E+00   -0.586002173363064216E+01   -0.220586521654824494E+02   -0.161986304318518073E+02
    0.938896984176633396E+02    0.369681842030779308E+03    0.238094530820846556E+00    0.224438826441764813E-01    0.823763775825500422E+00    0.300526213645935059E+01    0.160833796854262800E+01   -0.200058988017417450E+00   -0.140139708223273352E+01   -0.264390373014862234E+01    0.251302088191778461E+00   -0.577149712958528038E+01   -0.219698643083874323E+02   -0.161983671788021510E+02
    0.938896984176633396E+02    0.369681842030779308E+03    0.238094530820846556E+00    0.224438826441764813E-01    0.823763775825500422E+00    0.300526213645935059E+01    0.160833796854262800E+01   -0.200058988017417450E+00   -0.140139708223273352E+01   -0.264390373014862234E+01    0.251302088191778461E+00   -0.577149712958528038E+01   -0.219698643083874323E+02   -0.161983671788021510E+02
    0.944034923105575672E+02    0.369072335404689284E+03    0.173629220724105832E+00    0.200289738178253164E-01    0.640320634841918923E+00    0.198099732398986816E+01   -0.179295810006465217E+01   -0.432229552585567889E+00   -0.191682996442864328E+01   -0.186584932235859924E+01    0.173530898079775420E+01   -0.550347835653755446E+01   -0.216907151925173807E+02   -0.161872368359798280E+02
    0.944034923105575672E+02    0.369072335404689284E+03    0.173629220724105832E+00    0.200289738178253164E-01    0.640320634841918923E+00    0.198099732398986816E+01   -0.179295810006465217E+01   -0.432229552585567889E+00   -0.191682996442864328E+01   -0.186584932235859924E+01    0.173530898079775420E+01   -0.550347835653755446E+01   -0.216907151925173807E+02   -0.161872368359798280E+02
    0.944717402047674568E+02    0.370256668073884384E+03    0.151868913173675540E+00    0.223757318854331949E-01    0.103883187770843510E+01    0.165559887886047363E+01   -0.750576583199062952E+00   -0.112160123897069752E+01   -0.213333191330207228E+01   -0.108149079511235868E+01    0.146659820619674997E+01   -0.392819018612102600E+01   -0.201035159005698496E+02   -0.161753257144488245E+02
    0.944717402047674568E+02    0.370256668073884384E+03    0.151868913173675540E+00    0.223757318854331949E-01    0.103883187770843510E+01    0.165559887886047363E+01   -0.750576583199062952E+00   -0.112160123897069752E+01   -0.213333191330207228E+01   -0.108149079511235868E+01    0.146659820619674997E+01   -0.392819018612102600E+01   -0.201035159005698496E+02   -0.161753257144488245E+02
    0.959842695168983937E+02    0.369001330397986521E+03    0.244389011621475222E+00    0.191892224550247181E-01    0.754794239997863770E+00    0.594721984863281250E+01    0.507513317819530130E+00    0.105147662561080324E+01   -0.211934410103253867E+01   -0.108197215270251945E+01    0.159111334858948816E+01   -0.548358844532029455E+01   -0.216358568017553772E+02   -0.161522683564350835E+02
    0.959842695168983937E+02    0.369001330397986521E+03    0.244389011621475222E+00    0.191892224550247181E-01    0.754794239997863770E+00    0.594721984863281250E+01    0.507513317819530130E+00    0.105147662561080324E+01   -0.211934410103253867E+01   -0.108197215270251945E+01    0.159111334858948816E+01   -0.548358844532029455E+01   -0.216358568017553772E+02   -0.161522683564350835E+02
    0.949705661512464303E+02    0.369549612570592444E+03    0.186136568784713741E+00    0.257385646104812613E-01    0.587887310981750510E+00    0.394593000411987305E+01    0.224203777333627841E+01   -0.115657213533381764E+01    0.252419000559030104E+00   -0.943455599975777659E+00    0.143389643032492153E+01   -0.682932031703038867E+01   -0.229781886196957146E+02   -0.161488683026653241E+02
    0.952312804173450331E+02    0.370508370836095992E+03    0.158193512678146353E+00    0.220852662920951841E-01    0.773145270347595170E+00    0.574414372444152832E+01   -0.165716589097087308E+01   -0.464863534261839018E-03   -0.141819337041283666E+01   -0.142282512701399355E+01   -0.467973456428580681E+00   -0.560515748874469821E+01   -0.217444763168617961E+02   -0.161393188281170978E+02
    0.952312804173450331E+02    0.370508370836095992E+03    0.158193512678146353E+00    0.220852662920951841E-01    0.773145270347595170E+00    0.574414372444152832E+01   -0.165716589097087308E+01   -0.464863534261839018E-03   -0.141819337041283666E+01   -0.142282512701399355E+01   -0.467973456428580681E+00   -0.560515748874469821E+01   -0.217444763168617961E+02   -0.161393188281170978E+02
    0.966485481368092678E+02    0.369711671603711011E+03    0.151678449153900163E+00    0.205402847528457638E-01    0.950978803634643488E+00    0.171531844139099121E+01    0.180214920630191955E+01   -0.305026455256438511E+00    0.590470316217308611E-01   -0.323004047092695146E+01    0.144455317547112849E+01   -0.836152439169413242E+01   -0.245002614951017570E+02   -0.161387371034076246E+02
    0.952360008952362023E+02    0.371078129446714001E+03    0.544463360309600797E-01    0.219234964847564683E-01    0.118677616119384766E+01    0.184803271293640137E+01    0.259285401970146268E+00   -0.675583141490960770E+00   -0.189481385265594304E+01   -0.116297751141360095E+01    0.363199667232834145E+01   -0.627631459217090182E+01   -0.224036717585732745E+02   -0.161273571664023727E+02
    0.952360008952362023E+02    0.371078129446714001E+03    0.544463360309600797E-01    0.219234964847564683E-01    0.118677616119384766E+01    0.184803271293640137E+01    0.259285401970146268E+00   -0.675583141490960770E+00   -0.189481385265594304E+01   -0.116297751141360095E+01    0.363199667232834145E+01   -0.627631459217090182E+01   -0.224036717585732745E+02   -0.161273571664023727E+02
    0.956353225211707922E+02    0.369960746153678656E+03    0.219742451906204228E+00    0.200068905353546142E-01    0.545078682899475142E+00    0.235508465766906738E+01    0.544843431399613110E+00   -0.792457940048052478E+00   -0.115774776146508662E+00   -0.119200996320955710E+01    0.170909863874158185E+00   -0.436245337329799110E+01   -0.204872715091501547E+02   -0.161248181358521627E+02
    0.956353225211707922E+02    0.369960746153678656E+03    0.219742451906204228E+00    0.200068905353546142E-01    0.545078682899475142E+00    0.235508465766906738E+01    0.544843431399613110E+00   -0.792457940048052478E+00   -0.115774776146508662E+00   -0.119200996320955710E+01    0.170909863874158185E+00   -0.436245337329799110E+01   -0.204872715091501547E+02   -0.161248181358521627E+02
    0.949855611763816796E+02    0.371003520556680314E+03    0.865915532112121605E-01    0.219715867042541493E-01    0.793761515617370517E+00   -0.921992540359497070E+00    0.329520332091988166E+00   -0.135339533226101594E+01   -0.202004959595228684E+01   -0.176044883667486829E+01    0.915977817154498775E+00   -0.413645489400439192E+01   -0.202584948322523886E+02   -0.161220399382479975E+02
    0.942340145819346162E+02    0.370793384576995550E+03    0.174776746988296511E+00    0.246126993894577005E-01    0.651132440567016579E+00   -0.943493127822875977E+00   -0.440531705615967439E+00    0.122553141596881743E+00   -0.130065454348027720E+01   -0.195968350649877721E+01    0.179540369013352596E+01   -0.333872359807704200E+01   -0.194458421744950698E+02   -0.161071185764180278E+02
    0.959056583332746868E+02    0.368947920506650235E+03    0.966427981853485163E-01    0.259970142841339097E-01    0.758027839660644465E+00   -0.339555287361145020E+01    0.145775933058189366E+01   -0.287486025100633869E+00   -0.114771064996489236E+01   -0.139349758098319398E+01    0.251131007075741763E+01   -0.580889403745732746E+01   -0.219060763960362337E+02   -0.160971823585789053E+02
    0.959056583332746868E+02    0.368947920506650235E+03    0.966427981853485163E-01    0.259970142841339097E-01    0.758027839660644465E+00   -0.339555287361145020E+01    0.145775933058189366E+01   -0.287486025100633869E+00   -0.114771064996489236E+01   -0.139349758098319398E+01    0.251131007075741763E+01   -0.580889403745732746E+01   -0.219060763960362337E+02   -0.160971823585789053E+02
    0.956209969248882317E+02    0.371654767786130606E+03    0.132388617038726814E+00    0.224012014269828787E-01    0.719420838356018000E+00   -0.260676956176757812E+01    0.504487613535502533E+00   -0.885040978661209010E+00   -0.104834851738701196E+01    0.227521500941065824E+00    0.120968061547159800E+01   -0.556106685542044943E+01   -0.216566040180397614E+02   -0.160955371626193120E+02
    0.945023993423662887E+02    0.369468391758518692E+03    0.876872684955596893E-01    0.259252644777297966E-01    0.791696357727050715E+00    0.455382585525512695E+00   -0.243350656672873811E+00    0.134267730946362462E+01   -0.136425244660927070E+01    0.626385473889286004E+00    0.189114344746826668E+01   -0.635893820419281752E+01   -0.224539460113982550E+02   -0.160950078072054374E+02
    0.952119333534280941E+02    0.371457642652114600E+03    0.627383301258087056E-01    0.190198886394500714E-01    0.127974352836608896E+01    0.726878643035888672E-01   -0.537978137346044605E+00    0.990859089280320404E+00   -0.501037772847894081E+00   -0.359621558067942715E+01    0.163264795354393777E+01   -0.687221406755277453E+01   -0.229425471377422454E+02   -0.160703330701894700E+02
    0.952119333534280941E+02    0.371457642652114600E+03    0.627383301258087056E-01    0.190198886394500714E-01    0.127974352836608896E+01    0.726878643035888672E-01   -0.537978137346044605E+00    0.990859089280320404E+00   -0.501037772847894081E+00   -0.359621558067942715E+01    0.163264795354393777E+01   -0.687221406755277453E+01   -0.229425471377422454E+02   -0.160703330701894700E+02
    0.951170877535539603E+02    0.370901220202106060E+03    0.118622448205947889E+00    0.241171594262123076E-01    0.798438358306884699E+00   -0.285599040985107422E+01   -0.403896070326936751E-01   -0.477409256951659644E+00   -0.257815862450684108E+01   -0.182120506071100863E+01    0.307907446774493110E+01   -0.566843843155886962E+01   -0.217310868700204409E+02   -0.160626484384615722E+02
    0.951170877535539603E+02    0.370901220202106060E+03    0.118622448205947889E+00    0.241171594262123076E-01    0.798438358306884699E+00   -0.285599040985107422E+01   -0.403896070326936751E-01   -0.477409256951659644E+00   -0.257815862450684108E+01   -0.182120506071100863E+01    0.307907446774493110E+01   -0.566843843155886962E+01   -0.217310868700204409E+02   -0.160626484384615722E+02
    0.959502774431805392E+02    0.369846575468170386E+03    0.733288543224334677E-01    0.193928227424621583E-01    0.110723321437835698E+01    0.288340401649475098E+01    0.273407404609997684E+00   -0.215945497296729627E+01   -0.746866788543911531E+00   -0.930715744685812751E+00    0.841915570975970917E+00   -0.551405163067963056E+01   -0.215750084425116810E+02   -0.160609568118320496E+02
    0.959502774431805392E+02    0.369846575468170386E+03    0.733288543224334677E-01    0.193928227424621583E-01    0.110723321437835698E+01    0.288340401649475098E+01    0.273407404609997684E+00   -0.215945497296729627E+01   -0.746866788543911531E+00   -0.930715744685812751E+00    0.841915570975970917E+00   -0.551405163067963056E+01   -0.215750084425116810E+02   -0.160609568118320496E+02
    0.964788509329698627E+02    0.368717628816934621E+03    0.523196418285369821E-01    0.251920596957206713E-01    0.878009915351867676E+00    0.315749645233154297E-01    0.513824901485122609E+00    0.300109747073520394E+00   -0.148111083857997961E+01   -0.146601787720896937E+01    0.953656873194859367E+00   -0.543754790447798175E+01   -0.214953609230687626E+02   -0.160578130185907817E+02
    0.964788509329698627E+02    0.368717628816934621E+03    0.523196418285369821E-01    0.251920596957206713E-01    0.878009915351867676E+00    0.315749645233154297E-01    0.513824901485122609E+00    0.300109747073520394E+00   -0.148111083857997961E+01   -0.146601787720896937E+01    0.953656873194859367E+00   -0.543754790447798175E+01   -0.214953609230687626E+02   -0.160578130185907817E+02
    0.949525525328751883E+02    0.371556021225621635E+03    0.727731113433837951E-01    0.192448161840438822E-01    0.864931535720825151E+00   -0.311086177825927734E+00   -0.240781027510251988E+01   -0.507813938016852262E+00   -0.920949681448064217E+00   -0.387292411379576151E+00    0.247309899760125518E+01   -0.763115914515466898E+01   -0.236785898841360236E+02   -0.160474307389813546E+02
    0.949525525328751883E+02    0.371556021225621635E+03    0.727731113433837951E-01    0.192448161840438822E-01    0.864931535720825151E+00   -0.311086177825927734E+00   -0.240781027510251988E+01   -0.507813938016852262E+00   -0.920949681448064217E+00   -0.387292411379576151E+00    0.247309899760125518E+01   -0.763115914515466898E+01   -0.236785898841360236E+02   -0.160474307389813546E+02
    0.927187564285466124E+02    0.370724699524684866E+03    0.795702352523803697E-01    0.216132498979568488E-01    0.830998873710632302E+00   -0.228029036521911621E+01   -0.787125403425079639E+00   -0.471360616410265665E+00   -0.197708214405224658E+01   -0.192725610410320769E+01    0.276251756023498274E+01   -0.687813399296508177E+01   -0.229061915693484828E+02   -0.160280575763834001E+02
    0.945925343376509318E+02    0.371721843231891626E+03    0.717581453291235294E-01    0.259000750912184094E-01    0.100097447945853046E+01    0.244562461457856628E+01   -0.210876619246391783E-01    0.144440123480194416E+01   -0.915256313636518604E+00   -0.189497018004317397E+01    0.862015137114440444E+00   -0.522156564753176511E+01   -0.211835424601587832E+02   -0.159619768126270181E+02
    0.945925343376509318E+02    0.371721843231891626E+03    0.717581453291235294E-01    0.259000750912184094E-01    0.100097447945853046E+01    0.244562461457856628E+01   -0.210876619246391783E-01    0.144440123480194416E+01   -0.915256313636518604E+00   -0.189497018004317397E+01    0.862015137114440444E+00   -0.522156564753176511E+01   -0.211835424601587832E+02   -0.159619768126270181E+02
    0.960623863541152332E+02    0.370159868028442588E+03    0.232668108485637570E+00    0.241015880587571521E-01    0.520222604339592110E+00    0.186032127817818171E+01   -0.396900020786006280E+00   -0.374932379619394796E+00   -0.792830681842815244E+00   -0.216267198572609232E+01    0.217817632101173331E+01   -0.417429626241360907E+01   -0.201337511825924338E+02   -0.159594549201788247E+02
    0.960623863541152332E+02    0.370159868028442588E+03    0.232668108485637570E+00    0.241015880587571521E-01    0.520222604339592110E+00    0.186032127817818171E+01   -0.396900020786006280E+00   -0.374932379619394796E+00   -0.792830681842815244E+00   -0.216267198572609232E+01    0.217817632101173331E+01   -0.417429626241360907E+01   -0.201337511825924338E+02   -0.159594549201788247E+02
    0.939830719268936718E+02    0.368518414732791143E+03    0.616523909568786610E-01    0.210953007936477664E-01    0.124235396385192876E+01   -0.152446746826171875E+00   -0.372971155360346529E+00   -0.868482551871920805E+00   -0.101550883175718787E+01   -0.747579078268927333E+00    0.272384325827374596E+01   -0.596735300255159995E+01   -0.219157148710706196E+02   -0.159483618685190187E+02
    0.934317427548969590E+02    0.370643247959917289E+03    0.184757444619457256E+00    0.238168522232939141E-01    0.654987322527682103E+00    0.240159448569331602E+01   -0.496296095528805381E+00    0.246455231739446445E+00   -0.632874958602087423E+00   -0.147104405794493687E+01    0.145141590820344413E+01   -0.395108173094363657E+01   -0.198991261598738838E+02   -0.159480444289302472E+02
    0.956820508027842607E+02    0.370806499212801327E+03    0.127601299524307266E+00    0.198170551657676705E-01    0.766043996810913064E+00    0.213771986961364746E+01    0.668546481573457640E+00   -0.176489336652934981E+01   -0.171191072651367882E+01   -0.275432451683286672E+01    0.974623764392390735E+00   -0.570021747594230099E+01   -0.216452599304171294E+02   -0.159450424544748284E+02
    0.946089430414283470E+02    0.368888136254640585E+03    0.200367127418518060E+00    0.235212762951850889E-01    0.593553566932678245E+00    0.261536836624145508E+01    0.896296560119935748E-01   -0.120919616317110012E+01   -0.139732497496765951E+01   -0.204265453332141078E+01    0.155412941785130010E+01   -0.430905962091301831E+01   -0.202536501635539778E+02   -0.159445905426409613E+02
    0.946089430414283470E+02    0.368888136254640585E+03    0.200367127418518060E+00    0.235212762951850889E-01    0.593553566932678245E+00    0.261536836624145508E+01    0.896296560119935748E-01   -0.120919616317110012E+01   -0.139732497496765951E+01   -0.204265453332141078E+01    0.155412941785130010E+01   -0.430905962091301831E+01   -0.202536501635539778E+02   -0.159445905426409613E+02
    0.944919517954624553E+02    0.370663142799332718E+03    0.136858648538589478E+00    0.250367031693458537E-01    0.793258118629455500E+00   -0.190500068664550781E+01    0.612497933424265284E+00   -0.907840545365843354E+00   -0.150270239975156961E+01   -0.182938497305144665E+01    0.235086857679675632E+01   -0.390676078211651268E+01   -0.198510500355070576E+02   -0.159442892533905436E+02
    0.947277984367362933E+02    0.369933803262215179E+03    0.110085844516754155E+00    0.190633388161659222E-01    0.951970577239990234E+00    0.372968888282775879E+01   -0.155072428178641530E+01   -0.488934625403771805E+00   -0.557382893645126165E+00   -0.289578953723435006E+01    0.184461561289595033E+01   -0.529597558671545077E+01   -0.212297673350660077E+02   -0.159337917483505578E+02
    0.947277984367362933E+02    0.369933803262215179E+03    0.110085844516754155E+00    0.190633388161659222E-01    0.951970577239990234E+00    0.372968888282775879E+01   -0.155072428178641530E+01   -0.488934625403771805E+00   -0.557382893645126165E+00   -0.289578953723435006E+01    0.184461561289595033E+01   -0.529597558671545077E+01   -0.212297673350660077E+02   -0.159337917483505578E+02
    0.954585091849073706E+02    0.369833501852619747E+03    0.931512537002563423E-01    0.232376324534416187E-01    0.102499210834503174E+01    0.325084805488586426E+01   -0.613065930394895986E-01    0.441223893950564217E+00   -0.186872421919701970E+01   -0.134199616111686737E+01    0.580347105398004937E+00   -0.354887608689892176E+01   -0.194809307203467910E+02   -0.159320546334478674E+02
    0.954585091849073706E+02    0.369833501852619747E+03    0.931512537002563423E-01    0.232376324534416187E-01    0.102499210834503174E+01    0.325084805488586426E+01   -0.613065930394895986E-01    0.441223893950564217E+00   -0.186872421919701970E+01   -0.134199616111686737E+01    0.580347105398004937E+00   -0.354887608689892176E+01   -0.194809307203467910E+02   -0.159320546334478674E+02
    0.936593259291273625E+02    0.370184004380052784E+03    0.616425905227661122E-01    0.251782046556472752E-01    0.124933357238769527E+01    0.240640640258789062E-01    0.605277879523100637E+00   -0.126564819050031474E+01   -0.168525767608002730E+01   -0.249112187366222315E+01    0.152927752475420697E+01   -0.480314948585668677E+01   -0.207336289888820957E+02   -0.159304795030254081E+02
    0.948896007476653267E+02    0.369913645724279604E+03    0.116189301967620839E+00    0.195126556754112238E-01    0.827938365936279230E+00   -0.173959779739379883E+01   -0.201518987934150573E+00   -0.207014661135531242E+01    0.107957880749495438E+01   -0.166131585444759367E+01    0.375960361149054956E+00   -0.723533536706650438E+01   -0.231621990496200141E+02   -0.159268636825535079E+02
    0.948896007476653267E+02    0.369913645724279604E+03    0.116189301967620839E+00    0.195126556754112238E-01    0.827938365936279230E+00   -0.173959779739379883E+01   -0.201518987934150573E+00   -0.207014661135531242E+01    0.107957880749495438E+01   -0.166131585444759367E+01    0.375960361149054956E+00   -0.723533536706650438E+01   -0.231621990496200141E+02   -0.159268636825535079E+02
    0.956328884589245263E+02    0.368784517548651593E+03    0.187209132671356193E+00    0.198045899271965010E-01    0.626869964599609308E+00    0.881037712097167969E+00   -0.972907864878607143E+00   -0.892078078860549795E+00   -0.255228488123293351E+00   -0.268381478939204499E+01    0.882788004613530797E+00   -0.592541039356241761E+01   -0.218461693516699533E+02   -0.159207589581075357E+02
    0.956328884589245263E+02    0.368784517548651593E+03    0.187209132671356193E+00    0.198045899271965010E-01    0.626869964599609308E+00    0.881037712097167969E+00   -0.972907864878607143E+00   -0.892078078860549795E+00   -0.255228488123293351E+00   -0.268381478939204499E+01    0.882788004613530797E+00   -0.592541039356241761E+01   -0.218461693516699533E+02   -0.159207589581075357E+02
    0.934879774411595008E+02    0.369599183069562741E+03    0.838610379695892416E-01    0.211004753112792945E-01    0.100297718048095708E+01   -0.177548360824584961E+01    0.617643406241086268E+00   -0.906246922526179333E+00    0.560617410839086228E+00   -0.251598476224557999E+01    0.257038031008619328E+01   -0.697779961003495686E+01   -0.228973384690866979E+02   -0.159195388590517428E+02
    0.934879774411595008E+02    0.369599183069562741E+03    0.838610379695892416E-01    0.211004753112792945E-01    0.100297718048095708E+01   -0.177548360824584961E+01    0.617643406241086268E+00   -0.906246922526179333E+00    0.560617410839086228E+00   -0.251598476224557999E+01    0.257038031008619328E+01   -0.697779961003495686E+01   -0.228973384690866979E+02   -0.159195388590517428E+02
    0.964783806803668540E+02    0.370252165342555827E+03    0.224096981763839714E+00    0.217239141464233391E-01    0.526056671142578147E+00    0.339846253395080566E+01   -0.176264546126617461E+01    0.290131675302518544E+00   -0.138908467130818258E+01   -0.126955039020344884E+01    0.189853691449457096E+01   -0.582440067500965686E+01   -0.217386035941773734E+02   -0.159142029191677175E+02
    0.964783806803668540E+02    0.370252165342555827E+03    0.224096981763839714E+00    0.217239141464233391E-01    0.526056671142578147E+00    0.339846253395080566E+01   -0.176264546126617461E+01    0.290131675302518544E+00   -0.138908467130818258E+01   -0.126955039020344884E+01    0.189853691449457096E+01   -0.582440067500965686E+01   -0.217386035941773734E+02   -0.159142029191677175E+02
    0.953868641337523968E+02    0.370802507213411218E+03    0.161760578870773331E+00    0.206449950933456430E-01    0.936407256126403742E+00    0.432868051528930664E+01    0.106219085698398885E+01   -0.835812927829238106E+00    0.129063254688617457E+00   -0.214176330438249352E+00    0.250220203107005545E+01   -0.587260950446765051E+01   -0.217857961729157594E+02   -0.159131866684481089E+02
    0.952306180802295330E+02    0.370933172867937401E+03    0.170137651920318600E+00    0.220916724801063537E-01    0.881900548934936523E+00    0.941538333892822266E+00    0.846200448074796441E-01    0.134804574228155671E+00   -0.152616075898776904E+00   -0.226087364647696631E+01    0.208724837822387599E+01   -0.409546057342800829E+01   -0.199946184193339995E+02   -0.158991578459059912E+02
    0.952306180802295330E+02    0.370933172867937401E+03    0.170137651920318600E+00    0.220916724801063537E-01    0.881900548934936523E+00    0.941538333892822266E+00    0.846200448074796441E-01    0.134804574228155671E+00   -0.152616075898776904E+00   -0.226087364647696631E+01    0.208724837822387599E+01   -0.409546057342800829E+01   -0.199946184193339995E+02   -0.158991578459059912E+02
    0.953321142599681934E+02    0.371101254002300948E+03    0.539856791496276800E-01    0.198011711239814737E-01    0.975978565216064409E+00    0.130883216857910156E+00   -0.118538321390815327E+00   -0.333007949060402042E+00   -0.166178571942168651E+01   -0.834343022828534231E+00    0.916060537596195212E+00   -0.343669177348047539E+01   -0.193212945634874274E+02   -0.158846027900069515E+02
    0.953321142599681934E+02    0.371101254002300948E+03    0.539856791496276800E-01    0.198011711239814737E-01    0.975978565216064409E+00    0.130883216857910156E+00   -0.118538321390815327E+00   -0.333007949060402042E+00   -0.166178571942168651E+01   -0.834343022828534231E+00    0.916060537596195212E+00   -0.343669177348047539E+01   -0.193212945634874274E+02   -0.158846027900069515E+02
    0.934534479520541481E+02    0.369231801425880576E+03    0.111648612499237063E+00    0.199304101467132552E-01    0.113224055767059339E+01    0.990951061248779297E+00   -0.156189998076001757E+01   -0.135092382859625104E+01    0.668256319555667000E+00   -0.159718586424219211E+01    0.488392741621055615E+00   -0.780473687786734427E+01   -0.236772212452829685E+02   -0.158724843674156251E+02
    0.940350419272251656E+02    0.369820062906153225E+03    0.152808086246147445E+00    0.229033345369585480E-01    0.762796461208918197E+00    0.457309906417812329E+01    0.607289602113496585E+00    0.822340978955935498E+00   -0.764590619997988830E+00   -0.208325793725293806E+01    0.456813759025181065E+00   -0.425963611414960930E+01   -0.201275763070469651E+02   -0.158679401928973540E+02
    0.940350419272251656E+02    0.369820062906153225E+03    0.152808086246147445E+00    0.229033345369585480E-01    0.762796461208918197E+00    0.457309906417812329E+01    0.607289602113496585E+00    0.822340978955935498E+00   -0.764590619997988830E+00   -0.208325793725293806E+01    0.456813759025181065E+00   -0.425963611414960930E+01   -0.201275763070469651E+02   -0.158679401928973540E+02
    0.963903360604265345E+02    0.369502961998518686E+03    0.251801459312438969E+00    0.252950547933578490E-01    0.700785779953002841E+00    0.391858935356140137E+01    0.121589829469826327E+01   -0.990959785964378170E+00   -0.128018381935021330E+01   -0.315981964933030213E+01    0.310382801191167346E+01   -0.837109263356907718E+01   -0.242368474015279105E+02   -0.158657547679588316E+02
    0.956041572559140604E+02    0.369951155958626487E+03    0.219968591451644907E+00    0.217053343653678885E-01    0.547663116455078147E+00    0.429493546485900879E+01    0.160079381470268345E+00   -0.148413424403656791E+01    0.613810852206597923E+00    0.104968623639933867E+00    0.232543596747632364E+01   -0.692658348790610390E+01   -0.227681043548017357E+02   -0.158415208668956335E+02
    0.956041572559140604E+02    0.369951155958626487E+03    0.219968591451644907E+00    0.217053343653678885E-01    0.547663116455078147E+00    0.429493546485900879E+01    0.160079381470268345E+00   -0.148413424403656791E+01    0.613810852206597923E+00    0.104968623639933867E+00    0.232543596747632364E+01   -0.692658348790610390E+01   -0.227681043548017357E+02   -0.158415208668956335E+02
    0.930635053628523110E+02    0.371633519685226247E+03    0.769783365726470908E-01    0.221002499461174021E-01    0.894067764282226562E+00   -0.278429460525512695E+01   -0.980135006601585701E+00   -0.530581092071997773E+00   -0.116966456442355571E+01   -0.111911534709065563E+01    0.314442448222393978E+01   -0.742220695653925144E+01   -0.232587013363701480E+02   -0.158364943798308957E+02
    0.930635053628523110E+02    0.371633519685226247E+03    0.769783365726470908E-01    0.221002499461174021E-01    0.894067764282226562E+00   -0.278429460525512695E+01   -0.980135006601585701E+00   -0.530581092071997773E+00   -0.116966456442355571E+01   -0.111911534709065563E+01    0.314442448222393978E+01   -0.742220695653925144E+01   -0.232587013363701480E+02   -0.158364943798308957E+02
    0.943735018115241928E+02    0.369137034431157417E+03    0.651128561496734648E-01    0.253976798057556144E-01    0.115412852764129648E+01    0.207428669929504395E+01   -0.129620834272486718E+01    0.977535178004700356E+00   -0.638672422397803308E+00   -0.121087276878938610E+01    0.152041826879326458E+01   -0.492923079694756083E+01   -0.207650564946364824E+02   -0.158358256976889198E+02
    0.943735018115241928E+02    0.369137034431157417E+03    0.651128561496734648E-01    0.253976798057556144E-01    0.115412852764129648E+01    0.207428669929504395E+01   -0.129620834272486718E+01    0.977535178004700356E+00   -0.638672422397803308E+00   -0.121087276878938610E+01    0.152041826879326458E+01   -0.492923079694756083E+01   -0.207650564946364824E+02   -0.158358256976889198E+02
    0.945301427678716664E+02    0.371393728302584577E+03    0.107560068368911743E+00    0.220539484024047834E-01    0.812529826164245517E+00    0.426087141036987305E+00   -0.189881986888508436E+01   -0.227458373907438671E+00   -0.110721258506714526E+01   -0.965443118840312309E+00    0.186917594863757608E+01   -0.533757483673605382E+01   -0.211675218996908292E+02   -0.158299470629547763E+02
    0.945301427678716664E+02    0.371393728302584577E+03    0.107560068368911743E+00    0.220539484024047834E-01    0.812529826164245517E+00    0.426087141036987305E+00   -0.189881986888508436E+01   -0.227458373907438671E+00   -0.110721258506714526E+01   -0.965443118840312309E+00    0.186917594863757608E+01   -0.533757483673605382E+01   -0.211675218996908292E+02   -0.158299470629547763E+02
    0.941984579042266432E+02    0.369372672136150641E+03    0.180221277236938482E+00    0.258342210054397572E-01    0.690114378929138184E+00    0.551210260391235352E+01    0.102529279297073117E+01    0.818449315703446700E+00   -0.730484098036185747E+00   -0.199971710899831123E+01    0.512372698859735687E+00   -0.468333275010733185E+01   -0.205107116677318686E+02   -0.158273789176245376E+02
    0.941984579042266432E+02    0.369372672136150641E+03    0.180221277236938482E+00    0.258342210054397572E-01    0.690114378929138184E+00    0.551210260391235352E+01    0.102529279297073117E+01    0.818449315703446700E+00   -0.730484098036185747E+00   -0.199971710899831123E+01    0.512372698859735687E+00   -0.468333275010733185E+01   -0.205107116677318686E+02   -0.158273789176245376E+02
    0.935157440374612179E+02    0.369743813073348292E+03    0.217326644897460952E+00    0.250229678750038126E-01    0.878630185127258212E+00    0.209356498718261719E+01    0.145229674297979727E+00   -0.716480587524301882E+00   -0.440652418745571595E+01   -0.170825581849953778E+01    0.457486164347074231E+00   -0.949201533358046134E+01   -0.253182371072073629E+02   -0.158262217736269015E+02
    0.935157440374612179E+02    0.369743813073348292E+03    0.217326644897460952E+00    0.250229678750038126E-01    0.878630185127258212E+00    0.209356498718261719E+01    0.145229674297979727E+00   -0.716480587524301882E+00   -0.440652418745571595E+01   -0.170825581849953778E+01    0.457486164347074231E+00   -0.949201533358046134E+01   -0.253182371072073629E+02   -0.158262217736269015E+02
    0.950361729513931550E+02    0.369574365490200080E+03    0.627429018062554550E-01    0.215822831499695965E-01    0.123788383365044985E+01    0.184468448047331535E+00   -0.342013763407749138E+00    0.669449743382983797E+00   -0.164010142124084246E+01   -0.254806908426303380E+01    0.684832286382288880E+00   -0.418434010483305308E+01   -0.200101035509951686E+02   -0.158257634461621137E+02
    0.950361729513931550E+02    0.369574365490200080E+03    0.627429018062554550E-01    0.215822831499695965E-01    0.123788383365044985E+01    0.184468448047331535E+00   -0.342013763407749138E+00    0.669449743382983797E+00   -0.164010142124084246E+01   -0.254806908426303380E+01    0.684832286382288880E+00   -0.418434010483305308E+01   -0.200101035509951686E+02   -0.158257634461621137E+02
    0.960398150839844220E+02    0.370461791164222859E+03    0.830018570650072757E-01    0.221063031385067589E-01    0.883769996229819332E+00    0.148589683297648634E+01   -0.813831634957296046E-01    0.396371980365302135E+00   -0.226319977416665097E+01   -0.351898210741410367E+00    0.126104390210343831E+01   -0.468792735334660726E+01   -0.205095166843199159E+02   -0.158215893309733087E+02
    0.947996994975303551E+02    0.370863690727419225E+03    0.188316010236740106E+00    0.223999038338661173E-01    0.642816162109374978E+00    0.378046059608459473E+01   -0.407641421578546215E+00   -0.808361015123182369E+00   -0.343120536443052515E+01   -0.711398806803344996E+00    0.199407022887612606E+01   -0.621696434199012238E+01   -0.220331949664361169E+02   -0.158162306244459945E+02
    0.947996994975303551E+02    0.370863690727419225E+03    0.188316010236740106E+00    0.223999038338661173E-01    0.642816162109374978E+00    0.378046059608459473E+01   -0.407641421578546215E+00   -0.808361015123182369E+00   -0.343120536443052515E+01   -0.711398806803344996E+00    0.199407022887612606E+01   -0.621696434199012238E+01   -0.220331949664361169E+02   -0.158162306244459945E+02
    0.942075907163100510E+02    0.370889602456581770E+03    0.121131343260736490E+00    0.235826232907655926E-01    0.801513540148150017E+00    0.240658691494633104E+01    0.160227457828455044E+01    0.237685586114367298E-01   -0.178194507610669239E+00   -0.624723483116440548E+00    0.103194714070355098E+01   -0.501390765221181045E+01   -0.208256674049759951E+02   -0.158117597527641855E+02
    0.942075907163100510E+02    0.370889602456581770E+03    0.121131343260736490E+00    0.235826232907655926E-01    0.801513540148150017E+00    0.240658691494633104E+01    0.160227457828455044E+01    0.237685586114367298E-01   -0.178194507610669239E+00   -0.624723483116440548E+00    0.103194714070355098E+01   -0.501390765221181045E+01   -0.208256674049759951E+02   -0.158117597527641855E+02
    0.954947213162793105E+02    0.370660417683468268E+03    0.194544242027793052E+00    0.199060265051296398E-01    0.664264120193566621E+00   -0.223426627947415746E+00    0.828637801770355509E+00   -0.161242478817825940E+01   -0.115216223269953622E+00   -0.105681709697250881E+01    0.178165891028697865E+01   -0.491344672769089996E+01   -0.207244562676773114E+02   -0.158110095399864115E+02
    0.952232602545634563E+02    0.370706780357424805E+03    0.131947974443435673E+00    0.199364821314811716E-01    0.757570362091064431E+00    0.995912075042724609E+00    0.682421791844944892E+00   -0.154453076901177155E+01   -0.127180377455147187E+01   -0.131111491315664352E+01    0.838909916054717764E+00   -0.400610391195768134E+01   -0.198153891843782120E+02   -0.158092852724205297E+02
    0.952232602545634563E+02    0.370706780357424805E+03    0.131947974443435673E+00    0.199364821314811716E-01    0.757570362091064431E+00    0.995912075042724609E+00    0.682421791844944892E+00   -0.154453076901177155E+01   -0.127180377455147187E+01   -0.131111491315664352E+01    0.838909916054717764E+00   -0.400610391195768134E+01   -0.198153891843782120E+02   -0.158092852724205297E+02
    0.953631533195768952E+02    0.371679958693004892E+03    0.630007166862487783E-01    0.227920448184013372E-01    0.113057808876037602E+01    0.165455746650695801E+01    0.352498642897671743E+00   -0.368526552589400980E+00   -0.251218350310978167E+01   -0.298587247671889600E+01    0.221107122296530179E+01   -0.650636194590458672E+01   -0.222939513406860854E+02   -0.157875893947815005E+02
    0.953631533195768952E+02    0.371679958693004892E+03    0.630007166862487783E-01    0.227920448184013372E-01    0.113057808876037602E+01    0.165455746650695801E+01    0.352498642897671743E+00   -0.368526552589400980E+00   -0.251218350310978167E+01   -0.298587247671889600E+01    0.221107122296530179E+01   -0.650636194590458672E+01   -0.222939513406860854E+02   -0.157875893947815005E+02
    0.949237792048531901E+02    0.369123292848896426E+03    0.183963693380355842E+00    0.209358215928077684E-01    0.642036032676696733E+00    0.664639234542846680E+00   -0.137971395614613357E+00    0.129593193356640823E+00   -0.238512968548207027E+01   -0.386629732148549010E+00    0.163424520453531863E+01   -0.462208101729681076E+01   -0.204082041922054387E+02   -0.157861231749086262E+02
    0.949237792048531901E+02    0.369123292848896426E+03    0.183963693380355842E+00    0.209358215928077684E-01    0.642036032676696733E+00    0.664639234542846680E+00   -0.137971395614613357E+00    0.129593193356640823E+00   -0.238512968548207027E+01   -0.386629732148549010E+00    0.163424520453531863E+01   -0.462208101729681076E+01   -0.204082041922054387E+02   -0.157861231749086262E+02
    0.961303043586328840E+02    0.370917955013683013E+03    0.132981137496329144E+00    0.217143121204081760E-01    0.929311047206157648E+00    0.236042142454593318E-01    0.175264746777088476E+01   -0.140190729583764495E+00   -0.106444065085611306E+01   -0.261893784919379868E+01    0.224460561001933678E+00   -0.645679582606774094E+01   -0.222297437018259245E+02   -0.157729478757581827E+02
    0.942747609303753507E+02    0.369698756536210794E+03    0.991050768926623193E-01    0.250068903690854952E-01    0.885605845532827396E+00    0.278268719783043217E+01    0.160604563677566148E+01   -0.363843116023190249E+00    0.419941580884142462E+00   -0.106091809351596567E+01    0.362441079770406072E+00   -0.578583093294366968E+01   -0.215451730333502240E+02   -0.157593421004065561E+02
    0.945575937330456782E+02    0.372271871910061009E+03    0.763619274280956661E-01    0.197128516089713698E-01    0.101805516899366899E+01    0.198904173980293209E+01   -0.620631970008389544E+00   -0.281497019122866732E+01   -0.767689397900992443E-01   -0.112367119505847768E+01    0.214686617148231562E+01   -0.927199016656078534E+01   -0.250295567925366029E+02   -0.157575666259758158E+02
    0.945575937330456782E+02    0.372271871910061009E+03    0.763619274280956661E-01    0.197128516089713698E-01    0.101805516899366899E+01    0.198904173980293209E+01   -0.620631970008389544E+00   -0.281497019122866732E+01   -0.767689397900992443E-01   -0.112367119505847768E+01    0.214686617148231562E+01   -0.927199016656078534E+01   -0.250295567925366029E+02   -0.157575666259758158E+02
    0.940342661882007178E+02    0.370163906525415086E+03    0.129027279420273755E+00    0.198982294480858218E-01    0.844372832637346415E+00   -0.160989805654708462E+01   -0.993524988153922095E+00   -0.987569138582102823E+00   -0.202761632116448709E+01   -0.185561032968621475E+01    0.968573102437631173E+00   -0.425443882204518697E+01   -0.200117715750609868E+02   -0.157573327530157989E+02
    0.943953502306796963E+02    0.372317712302371774E+03    0.125174780130386354E+00    0.239304245114326450E-01    0.836236691474914529E+00    0.334298157691955566E+01    0.181053092381148417E+01   -0.978099511836489910E+00   -0.770579865212539294E+00   -0.112343588530734451E+01    0.308364182697800970E+01   -0.850700226708672957E+01   -0.242598009169181736E+02   -0.157527986498314441E+02
    0.957875235672488543E+02    0.369552298051891967E+03    0.145365109205245979E+00    0.226285389065742498E-01    0.711783194541931064E+00    0.679699659347534180E+00    0.582461983786970450E+00    0.704500139548827065E+00   -0.708209927469169775E+00   -0.664668814584956635E+00   -0.534794182414088715E+00   -0.577407784839503524E+01   -0.215192861311494141E+02   -0.157452082827543780E+02
    0.956528159591405256E+02    0.371697713896205414E+03    0.188808271204658928E+00    0.221253948795270584E-01    0.808141897106544604E+00    0.888857370525522938E+00   -0.612620569052069186E-01   -0.563981327253486597E+00   -0.436987836848174771E+00   -0.134169423023990930E+01    0.200616747132585260E+01   -0.453155366638317858E+01   -0.202751899955644390E+02   -0.157436363291812587E+02
    0.960147030564646684E+02    0.369170509168613762E+03    0.117278913259506234E+00    0.244198895692825310E-01    0.804252457618713334E+00   -0.124087214469909668E+01    0.273266269549594654E+00   -0.178082818351299466E+01    0.600164329476911229E+00   -0.997583289580461496E+00    0.680207459141684234E+00   -0.685377774028094588E+01   -0.225930634282047933E+02   -0.157392856879238465E+02
    0.940552543442438491E+02    0.370101813526420983E+03    0.159965749740600599E+00    0.227326501011848453E-01    0.874458742141723588E+00    0.491997528076171875E+01   -0.712175904061496112E-01    0.747979947344674656E+00   -0.532892331308403078E+00   -0.212860790272429767E+01    0.368440381311075038E+00   -0.412631921366668486E+01   -0.198640097198700403E+02   -0.157376905062033572E+02
    0.953315284709813113E+02    0.368338905270620444E+03    0.880568234152232232E-01    0.226487688955056762E-01    0.970020897691121875E+00   -0.137370648725751998E+01   -0.672509970878536478E+00   -0.185719544671201164E+00   -0.104716071919597176E+01   -0.190722610039415486E+01    0.176317292387807378E+01   -0.496350567296340461E+01   -0.206799804938227254E+02   -0.157164748208593199E+02
    0.957290060484549485E+02    0.369679297812592495E+03    0.165229275941848747E+00    0.256949688196182260E-01    0.691513705253601008E+00   -0.106638336181640625E+01   -0.125562069060947579E+01   -0.121313604569081690E+01   -0.164007599565252327E+01   -0.519663573001025725E+00    0.318820777057112537E+01   -0.680562575321989094E+01   -0.225211428554240811E+02   -0.157155171022041902E+02
    0.963752129338879513E+02    0.370462825578492584E+03    0.125558346748352062E+00    0.255767522454261771E-01    0.739792323112487771E+00   -0.223164081573486328E+00    0.679579066676296861E+00   -0.930507063784489219E+00    0.920155063621450831E+00   -0.617334970653473647E+00    0.205873949603869733E+01   -0.696234055143901376E+01   -0.226501089988705822E+02   -0.156877684474315693E+02
    0.948068598556076267E+02    0.372543563363990188E+03    0.157639909744262702E+00    0.245771874785423276E-01    0.945022368431091220E+00    0.701354026794433594E+00   -0.262590955541099902E+00   -0.174113628846725932E+00   -0.306297191332646435E+01   -0.106310988840164100E+01    0.135774467522765030E+01   -0.720533709156075286E+01   -0.228868746946516737E+02   -0.156815376030909199E+02
    0.948068598556076267E+02    0.372543563363990188E+03    0.157639909744262702E+00    0.245771874785423276E-01    0.945022368431091220E+00    0.701354026794433594E+00   -0.262590955541099902E+00   -0.174113628846725932E+00   -0.306297191332646435E+01   -0.106310988840164100E+01    0.135774467522765030E+01   -0.720533709156075286E+01   -0.228868746946516737E+02   -0.156815376030909199E+02
    0.940066025686157900E+02    0.371230395364479818E+03    0.196097056388854968E+00    0.190719988942146292E-01    0.768157434463500932E+00    0.597388887405395508E+01   -0.329243191355317322E+00    0.104436575166914736E+01   -0.591070417566470274E+00   -0.669374672482945243E+00    0.281154347733831855E+01   -0.577460545430881744E+01   -0.214401805421112499E+02   -0.156655750878024325E+02
    0.945300286489216433E+02    0.371779163255864432E+03    0.169894671678543108E+00    0.205000668764114373E-01    0.878544068336486794E+00    0.488566589355468750E+01   -0.666928204429950711E-01   -0.112745746385485290E+01    0.228481145624073401E+00   -0.227332411585962291E+01    0.101703581861670522E+01   -0.554081718840400050E+01   -0.211795936555896596E+02   -0.156387764671856591E+02
    0.941020295268233440E+02    0.367630109306153145E+03    0.142839454650878911E+00    0.197644742727279658E-01    0.777374148368835449E+00    0.248275136947631836E+01   -0.115738872519841607E+00    0.133125330785674123E+01   -0.530343115830191669E+00   -0.184050320098208431E+01    0.217721105647228796E+01   -0.804620035154464297E+01   -0.236814437420533217E+02   -0.156352433905086787E+02
    0.941020295268233440E+02    0.367630109306153145E+03    0.142839454650878911E+00    0.197644742727279658E-01    0.777374148368835449E+00    0.248275136947631836E+01   -0.115738872519841607E+00    0.133125330785674123E+01   -0.530343115830191669E+00   -0.184050320098208431E+01    0.217721105647228796E+01   -0.804620035154464297E+01   -0.236814437420533217E+02   -0.156352433905086787E+02
    0.952732182744014153E+02    0.371400287249900657E+03    0.671279349674294146E-01    0.233412001627804483E-01    0.874631755922039900E+00   -0.269976352604172298E+01    0.566150967371186198E+00   -0.130378610119691984E+01   -0.269484592860294470E+01   -0.261447584961160828E+00    0.275815836521928759E+01   -0.712612075933203659E+01   -0.227561410055974029E+02   -0.156300202462653655E+02
    0.952732182744014153E+02    0.371400287249900657E+03    0.671279349674294146E-01    0.233412001627804483E-01    0.874631755922039900E+00   -0.269976352604172298E+01    0.566150967371186198E+00   -0.130378610119691984E+01   -0.269484592860294470E+01   -0.261447584961160828E+00    0.275815836521928759E+01   -0.712612075933203659E+01   -0.227561410055974029E+02   -0.156300202462653655E+02
    0.941797703780778193E+02    0.371294021301905332E+03    0.144694727897644038E+00    0.253930827379226683E-01    0.854303693771362282E+00    0.423085927963256836E+01    0.154018496390904147E+01   -0.129315454800121188E+01   -0.516852969179808275E+00   -0.146788207130953197E+01    0.277268204103961580E+01   -0.643362373515038932E+01   -0.220593964771022044E+02   -0.156257727419518133E+02
    0.941797703780778193E+02    0.371294021301905332E+03    0.144694727897644038E+00    0.253930827379226683E-01    0.854303693771362282E+00    0.423085927963256836E+01    0.154018496390904147E+01   -0.129315454800121188E+01   -0.516852969179808275E+00   -0.146788207130953197E+01    0.277268204103961580E+01   -0.643362373515038932E+01   -0.220593964771022044E+02   -0.156257727419518133E+02
    0.969499838204390016E+02    0.371319002418026457E+03    0.105782515072747524E+00    0.215876550587345874E-01    0.101413833732350001E+01    0.320183010948940527E+01    0.407046049682548983E+00    0.230663060364122485E+00   -0.107739285760203507E+01   -0.577223166673093147E+00   -0.480239604155483502E-01   -0.675065904386585114E+01   -0.223730478176992911E+02   -0.156223887738334408E+02
    0.956525641658574841E+02    0.371342139546427234E+03    0.874124439007495369E-01    0.210331627970521476E-01    0.906290760134022211E+00    0.783166848013927996E+00   -0.443830987225055651E+00    0.152889380236729322E+00    0.142328683267010114E+01   -0.123808642963808779E+01    0.345124337392235470E+00   -0.729639932537537028E+01   -0.229162091679337010E+02   -0.156198098425583325E+02
    0.956525641658574841E+02    0.371342139546427234E+03    0.874124439007495369E-01    0.210331627970521476E-01    0.906290760134022211E+00    0.783166848013927996E+00   -0.443830987225055651E+00    0.152889380236729322E+00    0.142328683267010114E+01   -0.123808642963808779E+01    0.345124337392235470E+00   -0.729639932537537028E+01   -0.229162091679337010E+02   -0.156198098425583325E+02
    0.935164963729951069E+02    0.370767952836442646E+03    0.854151606559753473E-01    0.249232968688011154E-01    0.105483021736145011E+01   -0.982802152633666992E+00   -0.345878511291516588E+01   -0.163297061424486856E+01   -0.143269303918373203E+01   -0.176462561516132155E+01    0.159554660259686920E+01   -0.107567995129023117E+02   -0.263653762190677767E+02   -0.156085767061654650E+02
    0.957502382363488778E+02    0.369542419672156711E+03    0.885338995456695643E-01    0.229480889439582815E-01    0.843224740028381325E+00   -0.108022570610046387E+01   -0.414224675763534833E+00   -0.645400598594960684E+00   -0.882846219027441981E+00   -0.131051705753748138E+01    0.228210738464781571E+01   -0.395729107289287851E+01   -0.195655474757515329E+02   -0.156082564028586557E+02
    0.957502382363488778E+02    0.369542419672156711E+03    0.885338995456695643E-01    0.229480889439582815E-01    0.843224740028381325E+00   -0.108022570610046387E+01   -0.414224675763534833E+00   -0.645400598594960684E+00   -0.882846219027441981E+00   -0.131051705753748138E+01    0.228210738464781571E+01   -0.395729107289287851E+01   -0.195655474757515329E+02   -0.156082564028586557E+02
    0.938692996262923316E+02    0.369137085137567510E+03    0.164004136562347413E+00    0.215813841819763180E-01    0.934192037582397439E+00    0.404023575782775879E+01   -0.648971027602556205E+00   -0.144572210579667626E+01   -0.121707939675843368E+00   -0.283152514587186488E+01    0.214569832157735618E+01   -0.653117459206301909E+01   -0.221265092743799698E+02   -0.155953346823169525E+02
    0.942365949581860605E+02    0.370530649060153564E+03    0.158434292078018180E+00    0.225724357366561892E-01    0.753511571884155185E+00    0.399972867965698242E+01   -0.862973140475560285E+00   -0.275928275578962656E+00   -0.127553370105147201E+01    0.859699032696426002E-01    0.189019992300814033E+01   -0.444723671173550361E+01   -0.200419884063481568E+02   -0.155947516946126541E+02
    0.942365949581860605E+02    0.370530649060153564E+03    0.158434292078018180E+00    0.225724357366561892E-01    0.753511571884155185E+00    0.399972867965698242E+01   -0.862973140475560285E+00   -0.275928275578962656E+00   -0.127553370105147201E+01    0.859699032696426002E-01    0.189019992300814033E+01   -0.444723671173550361E+01   -0.200419884063481568E+02   -0.155947516946126541E+02
    0.951550840398615492E+02    0.369565279897878781E+03    0.115870739221572872E+00    0.194371612071990961E-01    0.821112108230590776E+00   -0.145429372787475586E+00   -0.973649698797771634E+00   -0.276317558386267592E+01   -0.885197273015591923E+00   -0.177511400536445763E+01    0.116657073925239296E+01   -0.673888491046733318E+01   -0.223310671666712537E+02   -0.155921822562039196E+02
    0.951550840398615492E+02    0.369565279897878781E+03    0.115870739221572872E+00    0.194371612071990961E-01    0.821112108230590776E+00   -0.145429372787475586E+00   -0.973649698797771634E+00   -0.276317558386267592E+01   -0.885197273015591923E+00   -0.177511400536445763E+01    0.116657073925239296E+01   -0.673888491046733318E+01   -0.223310671666712537E+02   -0.155921822562039196E+02
    0.958357751526934862E+02    0.369910779676438096E+03    0.199393913628325731E+00    0.206957524232899669E-01    0.615782588695732436E+00    0.211319478314887199E+01   -0.103652442414500001E+01   -0.123865227639043896E+00   -0.142308801267404283E+01   -0.177792921771242618E+00    0.736998793464636259E+00   -0.457911003737981215E+01   -0.201659948175433676E+02   -0.155868847801635564E+02
    0.957294254243699925E+02    0.368989581575494640E+03    0.166720516345065767E+00    0.231421504601575651E-01    0.781912119098541414E+00   -0.211674844668953810E+00    0.648941118262200689E+00   -0.485759904594260605E+00   -0.229588670663929406E+01   -0.233068788144350947E+01    0.166136416232916440E+01   -0.521224629269951301E+01   -0.207951965084203749E+02   -0.155829502157208601E+02
    0.940657917377191097E+02    0.369008303621394361E+03    0.233582464456558225E+00    0.257042184472084032E-01    0.787215924263000466E+00    0.339649128913879395E+01    0.210232068604909728E-01   -0.353040013752661197E+00   -0.163035586419368861E+01   -0.255560275843322415E+01    0.214624006520921284E+01   -0.480643424486738891E+01   -0.203733743203568345E+02   -0.155669400754894447E+02
    0.941912090506777986E+02    0.370217672364858345E+03    0.149793259911084109E+00    0.237563208765024340E-01    0.983251223521173667E+00    0.338624675275695708E+01    0.152444199751471388E+00   -0.178325696814454149E+00   -0.148178114637971681E+01   -0.731076431571864305E+00    0.231836273002272941E+00   -0.358484272320431208E+01   -0.191388824660653256E+02   -0.155540397428610149E+02
    0.964528893939407226E+02    0.370295541378572807E+03    0.793030335903167627E-01    0.249914622306823715E-01    0.895014262199401833E+00    0.963832139968872070E+00    0.224795749294344205E+00   -0.119361518731125216E+01   -0.569932643251149562E+00   -0.822727889320731265E+00    0.127725148996546545E+01   -0.471982295844446753E+01   -0.202698239140009484E+02   -0.155500009555564809E+02
    0.947910474562766012E+02    0.371393106411405597E+03    0.837569053173065209E-01    0.233984150886535625E-01    0.103448591232299814E+01   -0.874680519104003906E+00    0.854365754015589118E+00   -0.112925919922531648E+01   -0.164567718130115259E+01    0.718947312583395615E+00    0.158068680893734403E+01   -0.645721894089348858E+01   -0.219962992526912586E+02   -0.155390803117977718E+02
    0.947910474562766012E+02    0.371393106411405597E+03    0.837569053173065209E-01    0.233984150886535625E-01    0.103448591232299814E+01   -0.874680519104003906E+00    0.854365754015589118E+00   -0.112925919922531648E+01   -0.164567718130115259E+01    0.718947312583395615E+00    0.158068680893734403E+01   -0.645721894089348858E+01   -0.219962992526912586E+02   -0.155390803117977718E+02
    0.957630718246016386E+02    0.370362938881057516E+03    0.727251670360565122E-01    0.210968412160873406E-01    0.102439973354339608E+01    0.157017588615417480E+01    0.578931441378927047E+00   -0.151339974425468426E+01   -0.169604164956353776E+00   -0.184283756122454179E+01    0.245212381803980861E+01   -0.529661526768389201E+01   -0.208351318545870541E+02   -0.155385165869031603E+02
    0.929745670214676920E+02    0.370583769429297035E+03    0.608912036418914754E-01    0.219717773795127871E-01    0.116906135082244877E+01    0.103356099128723145E+01   -0.211152617578136415E-01   -0.210123287414489768E+00   -0.177698410980951826E+01   -0.197486025772946050E+01    0.227571522845551044E+01   -0.522430242627976504E+01   -0.207626810643343873E+02   -0.155383786380546240E+02
    0.929745670214676920E+02    0.370583769429297035E+03    0.608912036418914754E-01    0.219717773795127871E-01    0.116906135082244877E+01    0.103356099128723145E+01   -0.211152617578136415E-01   -0.210123287414489768E+00   -0.177698410980951826E+01   -0.197486025772946050E+01    0.227571522845551044E+01   -0.522430242627976504E+01   -0.207626810643343873E+02   -0.155383786380546240E+02
    0.947105452968073678E+02    0.368730768664088146E+03    0.229303225278854383E+00    0.236515538096427891E-01    0.795848274230956942E+00    0.380925750732421875E+01   -0.463822522016243965E+00   -0.814502019328529059E+00   -0.252444125413944676E+01   -0.607526264344642186E+00    0.374869198744704590E+01   -0.839458973782369533E+01   -0.239282777142917418E+02   -0.155336879764680464E+02
    0.945092845949536695E+02    0.371139978779399144E+03    0.750366198823018415E-01    0.239350131204712178E-01    0.969059053856653918E+00   -0.158676617969214728E+01   -0.179444709118570245E+00    0.673023404280002069E+00   -0.155233017088107750E+01   -0.580065046557365349E+00    0.298438891686942043E+01   -0.529327611120354646E+01   -0.208227827728935750E+02   -0.155295066616900304E+02
    0.958284164858357599E+02    0.369070525373744886E+03    0.117732213735580432E+00    0.227878403663635230E-01    0.102586286067962651E+01    0.256075501441955566E+01   -0.106182408982249399E+00   -0.176990780707114936E+01   -0.131398603143566084E+01   -0.926592630661389194E+00    0.398307546400929136E+00   -0.550626136325042115E+01   -0.210353082655894781E+02   -0.155290469023390560E+02
    0.941619184979529109E+02    0.370345935816121482E+03    0.197875932455062853E+00    0.248500892519950868E-01    0.780754232406616122E+00    0.114183783531188965E+01    0.849537652505887309E+00    0.539030356925422893E+00   -0.675717041243615091E+00   -0.102940744045213251E+01    0.815991484038250059E+00   -0.365657803312635910E+01   -0.191839547267511463E+02   -0.155273766936247863E+02
    0.942484279106522536E+02    0.369925858369506159E+03    0.849248625194865270E-01    0.225149654348436312E-01    0.931862714927379931E+00    0.902644114424641764E+00   -0.191586113934363311E+00   -0.660162079501560584E+00   -0.241813492590381207E+00   -0.359667436763402293E+00    0.252324754898495485E+01   -0.460157016990780043E+01   -0.201258074620358087E+02   -0.155242372921280065E+02
    0.940953784120849832E+02    0.369973207317491187E+03    0.169293638874969760E+00    0.192906564486214210E-01    0.733189374096423263E+00    0.222535072609207063E+01   -0.499857807437820156E-01   -0.149334439296467281E+01   -0.805224955172432200E-01   -0.918063169459628625E+00    0.834791298970003703E+00   -0.444904678664360986E+01   -0.199730779115863335E+02   -0.155240311249427236E+02
    0.960476499166113626E+02    0.369744394684796362E+03    0.126433808859442859E+00    0.249342436949258096E-01    0.933281628639094474E+00    0.694025327680913406E+00    0.356743530666108200E+00    0.178675942299833523E-01   -0.680647546786303570E+00   -0.112307545907356143E+01    0.262676274732030146E+00   -0.413065146857757881E+01   -0.196501883954080512E+02   -0.155195369268304724E+02
    0.949890434151805039E+02    0.369523215120518444E+03    0.802272534370422341E-01    0.222305458188056942E-01    0.114794049263000497E+01    0.117000532150268555E+01    0.431100715771890464E+00   -0.476953896790064336E+00   -0.103020008618273073E+01   -0.224122901527266549E+01    0.781172228547575509E+00   -0.343215105675370058E+01   -0.189472936730058343E+02   -0.155151426162521346E+02
    0.959401492306894852E+02    0.368097147411537890E+03    0.106120448296517636E+00    0.259238015284740664E-01    0.978131228947853426E+00    0.290981057948011568E+01    0.438897172763290655E+00   -0.179238010654216795E+00   -0.883027607244455393E-01   -0.100438004006832671E+01    0.149692276516702827E+01   -0.618264542314250054E+01   -0.216928760898185757E+02   -0.155102306666760761E+02
    0.948346407687270130E+02    0.370486747637696453E+03    0.212108603598123696E+00    0.203538478608942842E-01    0.691794202482635123E+00    0.389467312258410914E+00   -0.544795306874448215E+00   -0.854019350587122972E+00   -0.176918841207566380E+01    0.264967213016689129E+00    0.517679947073475200E+00   -0.482792253089075363E+01   -0.203277975302037532E+02   -0.154998749993130005E+02
    0.939752515794750707E+02    0.371247929939959022E+03    0.993189991208379835E-01    0.241672512821046147E-01    0.906861234962663576E+00   -0.822959507287770009E+00   -0.957665450652029904E+00    0.127559694729939110E+01   -0.155489364188611012E+01   -0.588626261093168068E+00    0.348662318925790027E+00   -0.578289513882727313E+01   -0.212819806894021539E+02   -0.154990855505748808E+02
    0.939752515794750707E+02    0.371247929939959022E+03    0.993189991208379835E-01    0.241672512821046147E-01    0.906861234962663576E+00   -0.822959507287770009E+00   -0.957665450652029904E+00    0.127559694729939110E+01   -0.155489364188611012E+01   -0.588626261093168068E+00    0.348662318925790027E+00   -0.578289513882727313E+01   -0.212819806894021539E+02   -0.154990855505748808E+02
    0.949003019330850748E+02    0.369525101596088689E+03    0.239337252932997596E+00    0.229986018070150421E-01    0.667136524781881901E+00    0.156252365475625421E+01    0.149008319027302605E+01    0.938465487377016516E-01   -0.103919580912247489E+01   -0.119845189566262889E+01    0.423838087873491753E+00   -0.432885935474071282E+01   -0.198182804626294455E+02   -0.154894211078887345E+02
    0.949003019330850748E+02    0.369525101596088689E+03    0.239337252932997596E+00    0.229986018070150421E-01    0.667136524781881901E+00    0.156252365475625421E+01    0.149008319027302605E+01    0.938465487377016516E-01   -0.103919580912247489E+01   -0.119845189566262889E+01    0.423838087873491753E+00   -0.432885935474071282E+01   -0.198182804626294455E+02   -0.154894211078887345E+02
    0.967222823620434156E+02    0.371233124976917907E+03    0.106775060892105103E+00    0.243108775615692128E-01    0.993286609649658203E+00    0.280743169784545898E+01   -0.165992381108708287E+00    0.739994225181135334E+00   -0.111661059345237823E+01   -0.148206181551472582E+01    0.113932512140877429E+01   -0.528906904910376063E+01   -0.207770327612016317E+02   -0.154879637120978728E+02
    0.949896364664712110E+02    0.370571631187847061E+03    0.951795350042114879E-01    0.234082924315908714E-01    0.112038252681076433E+01    0.163216625095082613E+01    0.996578632160662892E+00   -0.383531434730457421E+00   -0.239826540118087905E+01   -0.213937157136456335E+01   -0.445740074284230792E+00   -0.570399324694022880E+01   -0.211911482168978829E+02   -0.154871549699576541E+02
    0.942831991702407777E+02    0.370149658873963062E+03    0.184001546122642107E+00    0.228360561513668570E-01    0.729974940040011400E+00    0.389098290510214717E+00    0.588650646608357420E+00    0.155289771505408680E+01   -0.146791781851902647E+01    0.271123132735056060E+00    0.135892375538901455E+01   -0.583243423484855050E+01   -0.213159214407332485E+02   -0.154834872058846962E+02
    0.958563721417842771E+02    0.369718427086031397E+03    0.236697154283523559E+00    0.219831035733222963E-01    0.741949534416198708E+00    0.485749912261962891E+01    0.961940310605768900E-01   -0.158753336188169669E+01   -0.739096426713103716E+00   -0.322705596863102073E+01    0.681961526685199937E+00   -0.612442007852474291E+01   -0.216068346442553825E+02   -0.154824145657306396E+02
    0.958563721417842771E+02    0.369718427086031397E+03    0.236697154283523559E+00    0.219831035733222963E-01    0.741949534416198708E+00    0.485749912261962891E+01    0.961940310605768900E-01   -0.158753336188169669E+01   -0.739096426713103716E+00   -0.322705596863102073E+01    0.681961526685199937E+00   -0.612442007852474291E+01   -0.216068346442553825E+02   -0.154824145657306396E+02
    0.964949976388222694E+02    0.369838437258144722E+03    0.587205162259396285E-01    0.252469643223019388E-01    0.953784119844059530E+00   -0.506327696474706990E+00    0.162965503304235426E+01   -0.117807762138113503E+01   -0.485736045453677212E+00   -0.203736004283769034E+01    0.189589633570335558E+01   -0.644520845133308740E+01   -0.219244210227899359E+02   -0.154792125714568467E+02
    0.964949976388222694E+02    0.369838437258144722E+03    0.587205162259396285E-01    0.252469643223019388E-01    0.953784119844059530E+00   -0.506327696474706990E+00    0.162965503304235426E+01   -0.117807762138113503E+01   -0.485736045453677212E+00   -0.203736004283769034E+01    0.189589633570335558E+01   -0.644520845133308740E+01   -0.219244210227899359E+02   -0.154792125714568467E+02
    0.954959662891135395E+02    0.370952779940846312E+03    0.694600052833557191E-01    0.259557758569717405E-01    0.957763719558715754E+00    0.363528013229370117E+00   -0.158396043651123364E+01   -0.715110720494749330E+00    0.255844629183457295E+00   -0.160157433240442515E+01    0.225552329599508994E+01   -0.586883020269404376E+01   -0.213460251238302412E+02   -0.154771949211361974E+02
    0.954959662891135395E+02    0.370952779940846312E+03    0.694600052833557191E-01    0.259557758569717405E-01    0.957763719558715754E+00    0.363528013229370117E+00   -0.158396043651123364E+01   -0.715110720494749330E+00    0.255844629183457295E+00   -0.160157433240442515E+01    0.225552329599508994E+01   -0.586883020269404376E+01   -0.213460251238302412E+02   -0.154771949211361974E+02
    0.947012993279192870E+02    0.370171765398549496E+03    0.192555991766887563E+00    0.237445490615789852E-01    0.849405325755388629E+00    0.296510924313261626E+01   -0.139112479790696852E+01   -0.473451008602978562E+00    0.184095921168818899E+00   -0.132770469611500630E+01    0.147737810541343628E+01   -0.443060127553195748E+01   -0.198881540147456377E+02   -0.154575527392136820E+02
    0.953426998094416831E+02    0.370901841105105404E+03    0.702061722539884525E-01    0.249324623236081913E-01    0.952651759479977489E+00    0.215252559828662982E+00   -0.122230537278824158E+01   -0.715248953804347720E-01   -0.631252744334460436E+00   -0.618147949900276217E+00    0.372734729028820766E+01   -0.710204949992326018E+01   -0.225520448797268003E+02   -0.154499953798035392E+02
    0.953426998094416831E+02    0.370901841105105404E+03    0.702061722539884525E-01    0.249324623236081913E-01    0.952651759479977489E+00    0.215252559828662982E+00   -0.122230537278824158E+01   -0.715248953804347720E-01   -0.631252744334460436E+00   -0.618147949900276217E+00    0.372734729028820766E+01   -0.710204949992326018E+01   -0.225520448797268003E+02   -0.154499953798035392E+02
    0.946346424748846857E+02    0.370143186637408007E+03    0.601217601299285850E-01    0.228939763903617845E-01    0.115197288990020752E+01    0.920775890350341797E+00   -0.123066067395598111E+01    0.108359255200525695E+01   -0.895952474437535562E+00   -0.571498924381330653E+00    0.940483208913747371E+00   -0.454245237464357476E+01   -0.199905007515574198E+02   -0.154480483769138459E+02
    0.938640079449694440E+02    0.369425118937581146E+03    0.239434157461257707E+00    0.259138424906529170E-01    0.584711824570566141E+00    0.232168173454700977E+01   -0.583599998811905607E+00   -0.593653283141293286E+00   -0.139048143545210201E+01   -0.119897421818563998E+01    0.160716721437779619E+01   -0.371463964662779578E+01   -0.191623926962041367E+02   -0.154477530495763400E+02
    0.947862671245027286E+02    0.371698631430660726E+03    0.778853387832641603E-01    0.246708841323852526E-01    0.103681664466857915E+01   -0.760473489761352539E+00   -0.353052912822704457E+00    0.570523231759807459E+00   -0.204246722151196991E+01   -0.514692516798049837E+00    0.949805057723553947E-01   -0.546592548585025639E+01   -0.209129303736840768E+02   -0.154470048878338204E+02
    0.955196898855981544E+02    0.370583421771100120E+03    0.153500101717563397E+00    0.222426071902732427E-01    0.947747098934486276E+00    0.270329957715204117E+01   -0.759559548697552600E+00   -0.477765969852725847E+00   -0.883055027803720582E+00   -0.522402911484505239E+00    0.216152485847374010E+01   -0.398852142517669339E+01   -0.194339778623348671E+02   -0.154454564371581746E+02
    0.955196898855981544E+02    0.370583421771100120E+03    0.153500101717563397E+00    0.222426071902732427E-01    0.947747098934486276E+00    0.270329957715204117E+01   -0.759559548697552600E+00   -0.477765969852725847E+00   -0.883055027803720582E+00   -0.522402911484505239E+00    0.216152485847374010E+01   -0.398852142517669339E+01   -0.194339778623348671E+02   -0.154454564371581746E+02
    0.947289713720149393E+02    0.370190848599665742E+03    0.181852350481280484E+00    0.247446710570390291E-01    0.716751527613706640E+00    0.236394620649097220E+00    0.853089935629895990E+00   -0.108263230727629889E+01   -0.157637770011774569E+01   -0.101404358531112848E+01    0.267601569452722288E+01   -0.450104069259362571E+01   -0.199433740476584802E+02   -0.154423333550648554E+02
    0.956595874150414147E+02    0.371907484285988858E+03    0.100949967384338382E+00    0.237477496862411493E-01    0.875309252738952548E+00    0.542257547378540039E+00   -0.114051505901784367E+01   -0.160526397199987514E+01   -0.493069322811834132E+00   -0.215796206566778892E+01    0.241476388559362931E+01   -0.709444965441527220E+01   -0.225335148447420295E+02   -0.154390651903267564E+02
    0.949975893001558234E+02    0.369692423257676865E+03    0.624421284198760987E-01    0.205594803690910335E-01    0.109766702651977544E+01    0.996099472045898438E+00   -0.956678797459744601E+00   -0.448000576844833576E+00   -0.102114135225178848E+01   -0.456450447690031069E+00    0.110018510984559748E+01   -0.366305949373051920E+01   -0.190985752685528425E+02   -0.154355157748223242E+02
    0.944783228744588541E+02    0.371862633800608137E+03    0.719318113607942816E-01    0.239272687900535831E-01    0.994548323171980608E+00    0.186566083035114794E+00   -0.228763746763092968E+01   -0.313083426692628009E-01   -0.910247590846892995E+00   -0.150124572603431261E+01    0.225622732434771933E+01   -0.707190680425298979E+01   -0.225026358071255821E+02   -0.154307290028725923E+02
    0.955151914358136764E+02    0.369973355039751141E+03    0.224312091805849129E+00    0.201528796792437674E-01    0.626923909046920080E+00    0.227242102881991315E+01   -0.232099777350640579E+00   -0.130535778737680630E+01   -0.230457608803362524E+00   -0.353556786399963130E+01    0.170652247678617863E+00   -0.675598558243087144E+01   -0.221836683442417275E+02   -0.154276827618108570E+02
    0.955151914358136764E+02    0.369973355039751141E+03    0.224312091805849129E+00    0.201528796792437674E-01    0.626923909046920080E+00    0.227242102881991315E+01   -0.232099777350640579E+00   -0.130535778737680630E+01   -0.230457608803362524E+00   -0.353556786399963130E+01    0.170652247678617863E+00   -0.675598558243087144E+01   -0.221836683442417275E+02   -0.154276827618108570E+02
    0.961662933091022296E+02    0.370249737327980938E+03    0.873985326290130649E-01    0.197072224617004382E-01    0.108692295551300044E+01    0.142803025245666504E+01    0.141719125766712750E+00   -0.535591202625482765E+00    0.979649638486537189E-01   -0.182487374339530106E+01    0.206869293027580170E+01   -0.466345090556616881E+01   -0.200884546756028470E+02   -0.154250037700366800E+02
    0.933362179126859246E+02    0.369385294586108785E+03    0.160952857732772819E+00    0.208283662796020508E-01    0.761053299903869607E+00    0.125458145141601562E+01    0.887767889499855301E+00    0.350726100560905307E+00   -0.187001286250392673E+01    0.810147094204012319E+00    0.173794638770118604E+01   -0.738999410718044469E+01   -0.228133298486107918E+02   -0.154233357414303480E+02
    0.940551382673404532E+02    0.370612389677055262E+03    0.165535268477987635E+00    0.202837057558358860E-01    0.792929541845795227E+00    0.111067179595350130E+01    0.695891197282207941E+00   -0.740120701055957397E+00    0.215695806047051741E+00   -0.165067720704996646E+01   -0.805483125134285327E-01   -0.513041469570906017E+01   -0.205523985509749458E+02   -0.154219838552658857E+02
    0.950550727889688005E+02    0.369705091475252402E+03    0.914130749702453671E-01    0.222946848869323734E-01    0.941662883758544900E+00   -0.817679643630981445E+00    0.156674246305783527E+00   -0.259413527452352299E+00   -0.328471684351256954E+01   -0.372872136656610564E+01   -0.690708797677643593E+00   -0.973204866412870118E+01   -0.251444294493341793E+02   -0.154123807852054782E+02
    0.950550727889688005E+02    0.369705091475252402E+03    0.914130749702453671E-01    0.222946848869323734E-01    0.941662883758544900E+00   -0.817679643630981445E+00    0.156674246305783527E+00   -0.259413527452352299E+00   -0.328471684351256954E+01   -0.372872136656610564E+01   -0.690708797677643593E+00   -0.973204866412870118E+01   -0.251444294493341793E+02   -0.154123807852054782E+02
    0.955603749582294313E+02    0.370302025013511184E+03    0.126120643615722672E+00    0.223891116976737969E-01    0.852986693382263184E+00    0.348905324935913086E+00   -0.117655769029738622E+01    0.101279045423666503E+01   -0.143577095290197554E+01   -0.356719062850174851E+01   -0.317603457327777283E+00   -0.788859139220850647E+01   -0.232987998126873066E+02   -0.154102084204787992E+02
    0.938404899595823281E+02    0.368694565005587037E+03    0.246822060585021985E+00    0.217440639734268193E-01    0.626282954216003329E+00    0.158729410171508789E+01    0.108211497175375371E+01    0.218144901692767290E+00   -0.133472398009075710E+01   -0.184557611284503764E+01    0.257282249506602056E+01   -0.587334280969123412E+01   -0.212817774769996362E+02   -0.154084346673084003E+02
    0.954767022740568336E+02    0.370491065714995557E+03    0.115066909074783313E+00    0.197132368683815007E-01    0.865713953971862793E+00    0.171986246109008789E+01    0.615319392026094647E+00    0.613626577566037668E+00   -0.287955012930751542E+00   -0.376956214710162385E+00    0.573847511258236631E+00   -0.439118507952856696E+01   -0.197973875079091677E+02   -0.154062024283806007E+02
    0.940034818934602754E+02    0.367932472934910265E+03    0.205466222763061535E+00    0.215999965071678145E-01    0.817185783386230380E+00    0.214304637908935547E+01   -0.322508215992911573E-01    0.239098602730792309E-01   -0.117317923237692390E+01   -0.162190535684544557E+01    0.425103746123341120E+00   -0.594793330746246518E+01   -0.213515899166371810E+02   -0.154036566091747158E+02
    0.944201602652062775E+02    0.371116033675061544E+03    0.201005316230895792E+00    0.199852737689898349E-01    0.666686601764559739E+00    0.396262028502232511E+01    0.433298270937712005E+00    0.499694649894308951E+00   -0.123767674863643129E+01    0.418033177921870447E+00    0.118040638674870046E+01   -0.499622793706879698E+01   -0.203866232110931662E+02   -0.153903952740243675E+02
    0.939064670071891214E+02    0.370826097072681250E+03    0.229216590725260072E+00    0.201333785034649923E-01    0.637269860367133623E+00    0.307005901196731656E+01    0.109792603593973581E+01    0.979981105217576087E-01   -0.160140687502121160E+01   -0.278009221906017956E+01    0.215553979921764949E+01   -0.526188320330509463E+01   -0.206438857510736433E+02   -0.153820025477685487E+02
    0.952860538385723430E+02    0.370147645281958603E+03    0.727878786234592706E-01    0.209770413116162381E-01    0.107973450239364488E+01    0.614241268374984273E-01    0.150639724693178323E+01   -0.928047164200051511E-01   -0.806479324609199244E+00   -0.246187833358476382E+01    0.388075657473337055E+00   -0.479591685935617917E+01   -0.201737543520802944E+02   -0.153778374927241135E+02
    0.952860538385723430E+02    0.370147645281958603E+03    0.727878786234592706E-01    0.209770413116162381E-01    0.107973450239364488E+01    0.614241268374984273E-01    0.150639724693178323E+01   -0.928047164200051511E-01   -0.806479324609199244E+00   -0.246187833358476382E+01    0.388075657473337055E+00   -0.479591685935617917E+01   -0.201737543520802944E+02   -0.153778374927241135E+02
    0.954959911516518787E+02    0.368993433707862323E+03    0.142237785816192619E+00    0.238739512562751756E-01    0.849249053001403742E+00    0.109074139595031738E+01    0.167708343369099566E+01    0.335456886265319609E+00    0.413123610463799418E+00   -0.166583572255945001E+01    0.118323012990231513E+00   -0.694116809451232264E+01   -0.223130833505531925E+02   -0.153719152560408681E+02
    0.956184491041565252E+02    0.372145919143010588E+03    0.125379116470072022E+00    0.255684326931382641E-01    0.905634925282934211E+00   -0.308498077198571252E-01    0.340154338665570322E+00    0.330679005913907587E+00   -0.250472891336698922E+01   -0.151626210897916280E+01    0.291619538226086883E+00   -0.632284303146868609E+01   -0.216940370287820699E+02   -0.153711939973133838E+02
    0.935345425157904629E+02    0.369473951870258816E+03    0.224005909702393258E+00    0.235528831459861226E-01    0.639347900804137725E+00    0.499260763480558012E+01    0.439966545843617496E-01   -0.523524076710373265E+00    0.106214369483268678E+00   -0.187036636837888182E+01    0.328398352016961326E+01   -0.662530826576474574E+01   -0.219886400518337446E+02   -0.153633317860689989E+02
    0.958630594343619578E+02    0.370824945158949276E+03    0.780209404105721704E-01    0.219134859263899265E-01    0.100265110871211571E+01    0.105069262715642520E+01   -0.333298214108026514E+00   -0.655856411714239584E+00   -0.354904089830369918E+00   -0.130672930337709658E+01    0.230061208538927753E+00   -0.424990116806368423E+01   -0.196106064043835069E+02   -0.153607052363198235E+02
    0.931930897903364439E+02    0.369604634195672816E+03    0.109843010187149051E+00    0.225247890353202813E-01    0.104526124000549325E+01    0.607906579971313477E+00    0.327257885843437180E+00   -0.117195761300195045E+01   -0.715985778332423939E+00   -0.193730986979630870E+01    0.117083981446853636E+01   -0.485664423403115464E+01   -0.202156454443437710E+02   -0.153590012103126181E+02
    0.957132265738553087E+02    0.370398990694099894E+03    0.117909919148404735E+00    0.246046421781219680E-01    0.939478066869796846E+00    0.309666404816107388E+01   -0.677322835000495616E+00   -0.881118345781715107E+00   -0.651168003965949316E+00   -0.925464420673733912E+00    0.607936890806968444E+00   -0.385982141651928146E+01   -0.192188101764763815E+02   -0.153589887599570982E+02
    0.941681748002590666E+02    0.369992235457634479E+03    0.180580866883229024E+00    0.204555577855571984E-01    0.741463559645987980E+00    0.106132209157695545E+01    0.656580165187961029E+00   -0.112489063673933742E+01   -0.141958337032178838E+01   -0.160943516787824592E+01    0.149356734941534364E+01   -0.355309191989878359E+01   -0.189071405933378074E+02   -0.153540486734390225E+02
    0.966410358901523523E+02    0.371096816373874162E+03    0.119131847636926025E+00    0.210087083763391691E-01    0.987074589856040574E+00    0.238927124316051120E+01   -0.529701857548161570E+00    0.166599245085876646E+01   -0.107456185920796066E+01   -0.175472567778683697E+01    0.246958321559645810E+01   -0.719930361338487934E+01   -0.225525951519672034E+02   -0.153532915385823259E+02
    0.961062495001990555E+02    0.369927121988616591E+03    0.163209637240816580E+00    0.245614789915160267E-01    0.761628965238588584E+00    0.444942589383070342E+01   -0.248738062215352329E+00    0.871859643450534905E-01   -0.233521517787948829E+00   -0.211853841235210894E+01    0.654249836167082544E+00   -0.431469161499544018E+01   -0.196648653998669296E+02   -0.153501737848714903E+02
    0.958077975465291729E+02    0.370220917734934346E+03    0.718213870525360176E-01    0.255575582981109606E-01    0.101440918445587158E+01   -0.479703426361083984E+00   -0.628626119045065934E+00   -0.520487441614250201E+00   -0.230772982015082562E+01   -0.195531911790226332E+01    0.542884769116654065E+00   -0.441982893642885255E+01   -0.197561549763459823E+02   -0.153363260399171288E+02
    0.942456040623167155E+02    0.369051965965661338E+03    0.229905566449520010E+00    0.211740197714189102E-01    0.612587111289676134E+00    0.402751296919120705E+01    0.172463304745747337E+01   -0.315135469842289184E+00   -0.238803084192795501E+00   -0.128831380064525547E+01    0.216269646330715659E+01   -0.570514216262639628E+01   -0.210364127321312893E+02   -0.153312705695048912E+02
    0.940951699563677266E+02    0.367825846538696396E+03    0.194263572316385691E+00    0.255067958852127664E-01    0.845331318768822282E+00    0.329268717672407263E+01    0.359276342368275436E+00   -0.725684636673804562E+00   -0.977135008471350153E+00   -0.648113647010859495E+00    0.811299983308801931E-01   -0.692769991850013511E+01   -0.222529291769194728E+02   -0.153252292584193377E+02
    0.957328016561339155E+02    0.370308055160184949E+03    0.105198309337254547E+00    0.217630526498697255E-01    0.940505238637340923E+00    0.240882396033356727E+01   -0.758134852209195742E+00    0.143226195324928085E+01   -0.366389971408125126E+00   -0.530823177017509806E+00    0.176152364360973501E+01   -0.532293909971275614E+01   -0.206463032018962309E+02   -0.153233641021834739E+02
    0.947346619831093903E+02    0.370990163960266045E+03    0.217074562707752522E+00    0.252004943501161309E-01    0.690906755753111446E+00    0.143942265047922291E+01    0.760583924426327940E+00   -0.910256195639931320E+00   -0.967244116051233283E+00   -0.108333656672243706E+01   -0.738894838601708903E+00   -0.545626964960251648E+01   -0.207773121457471923E+02   -0.153210424961446758E+02
    0.937750551559590804E+02    0.370447778994125429E+03    0.151890320356449643E+00    0.252780389202682254E-01    0.797710619820495292E+00    0.245023180007552277E+01    0.459853218827674937E+00    0.112485603677896562E+00    0.341916056430591420E+00   -0.103630024423068789E+01    0.158665005786929236E+01   -0.444149301435698174E+01   -0.197534344654544078E+02   -0.153119414510974270E+02
    0.946218232866274320E+02    0.369959477815166110E+03    0.816452615271325149E-01    0.213128709948553936E-01    0.106881290320022293E+01    0.818838060448346283E+00   -0.523630175408698051E+00   -0.104260009616268690E+01   -0.794984655223060832E+00   -0.228706980333868160E+01    0.203782767336292636E+01   -0.386232626704982707E+01   -0.191676212038244138E+02   -0.153052949367745867E+02
    0.945181585079446904E+02    0.371358582141476518E+03    0.205495609713821109E+00    0.220487745408797821E-01    0.667342524744732990E+00    0.214610239843479533E+01   -0.103364373948465982E+01   -0.677780837588670138E-01   -0.190941804127874071E+01   -0.108977324077500271E+01    0.262278699534476800E+01   -0.505113340975671843E+01   -0.203550211492584090E+02   -0.153038877395016915E+02
    0.932513369523783240E+02    0.371194264495293055E+03    0.109150267839431769E+00    0.223181738257408127E-01    0.101666038036346440E+01    0.348727226257324219E+00   -0.166486567083779846E+01   -0.880987906805330012E-01   -0.115954572846362658E+01   -0.248149850822642293E+01    0.214191815495382798E+01   -0.661126281590187848E+01   -0.219139102823041476E+02   -0.153026474664022683E+02
    0.952759026036280829E+02    0.371709824216547759E+03    0.133209483408939927E+00    0.213069251893374390E-01    0.985712332283574133E+00    0.136170858709823772E+01   -0.198613709234223279E+00    0.340229906508966506E+00   -0.184274227202763519E+01   -0.159494438836304653E+01    0.207560732309389095E+01   -0.450365145027923042E+01   -0.198035563625165736E+02   -0.152999049122373414E+02
    0.946564649955350887E+02    0.369002841275718993E+03    0.184208422230515839E+00    0.225936871410120400E-01    0.698677981646978141E+00    0.227294922260231402E+01   -0.101340350543409841E+01    0.102872269006070383E+01   -0.790157699053679385E+00   -0.102354569189969880E+01    0.331172898865929710E+01   -0.678599645323168232E+01   -0.220827541414442834E+02   -0.152967576882126011E+02
    0.953839073105566513E+02    0.371325778016357390E+03    0.109651354551315305E+00    0.192932063937187176E-01    0.941204190254211426E+00    0.860944747924804688E+00   -0.431684963015186440E+00    0.780469233010308017E+00    0.191289336620457329E+00   -0.914531319207299020E+00    0.788374880481797158E+00   -0.492530889909379432E+01   -0.202212054316799268E+02   -0.152958965325861342E+02
    0.952212444370845787E+02    0.371046131114603440E+03    0.127253359794616688E+00    0.223897041678428645E-01    0.843577575683593706E+00    0.243739843368530273E+00   -0.890283521513310916E+00   -0.681483601396166705E+00   -0.233049736383350137E+01   -0.165069294980980885E+01    0.208544316918846562E+01   -0.458749484195907442E+01   -0.198820706243298062E+02   -0.152945757823707318E+02
    0.944661559146131822E+02    0.370814067333239791E+03    0.109658420600146231E+00    0.227840789066570855E-01    0.942024920999901760E+00    0.167838725758180196E+01    0.533638778562135485E+00   -0.579143754624737994E+00    0.799551603505506359E+00   -0.155353393963537201E+01    0.219174185167616997E+01   -0.526526932094014555E+01   -0.205565363442392552E+02   -0.152912670232991097E+02
    0.948495161750636271E+02    0.370187933136735182E+03    0.197148973579973685E+00    0.193682196943973477E-01    0.727946844753994182E+00    0.560499279698080777E+00   -0.175044699900581691E+00   -0.117287815665918060E+01   -0.334682092612752058E+01   -0.903576584377105974E+00   -0.770245562756599389E+00   -0.775031912138640244E+01   -0.230415671003388738E+02   -0.152912479789524713E+02
    0.969745984756539201E+02    0.368402848226209926E+03    0.183503327211861827E+00    0.216822433128473768E-01    0.658516245024611369E+00    0.279272736658162835E+01   -0.107192547808381278E+00   -0.813774759876645382E-02   -0.799001152041682650E+00   -0.231992224245345824E+01    0.509762755413021518E+00   -0.732231645730576730E+01   -0.226126494316756563E+02   -0.152903329743698890E+02
    0.940505004320928037E+02    0.369749843272615863E+03    0.225836501129429712E+00    0.191941545851592836E-01    0.775501112649991331E+00    0.259001381309862388E+01    0.210940512168917849E+00   -0.162491496929533186E+00   -0.536287795899852204E+00   -0.790762802099607143E+00    0.307847176086738727E+01   -0.498243267502197718E+01   -0.202726274416746293E+02   -0.152901947666526521E+02
    0.950124917689415724E+02    0.370770313116140414E+03    0.191015101098750834E+00    0.234363595446374154E-01    0.700533634406204642E+00    0.452147755888525538E+01    0.822504901885849904E+00   -0.485729766224949289E+00   -0.405081683705929896E+00   -0.168293879668567570E+01    0.105992859616321788E+01   -0.340222614807698376E+01   -0.186901655569337173E+02   -0.152879394088567331E+02
    0.943265893473974302E+02    0.369326037468390268E+03    0.190729183050139112E+00    0.223292619449056325E-01    0.742890096397672228E+00    0.641128945978007181E+00   -0.113922877577579129E+00   -0.139246949526864228E+01   -0.241796463713967569E+01   -0.133974242107456121E+01    0.452184568822531441E+00   -0.501696702289511354E+01   -0.203048194927716601E+02   -0.152878524698765474E+02
    0.942352165762260938E+02    0.369499333237472229E+03    0.176002820850251179E+00    0.202109086173264015E-01    0.814083918180433908E+00    0.448541138087342617E+01    0.460752349916901949E+00    0.814965478947442534E+00    0.893421297220129640E+00   -0.748131580236304217E+00    0.161635513262695008E+01   -0.587602349638874877E+01   -0.211621609462843026E+02   -0.152861374498955520E+02
    0.944773128840554364E+02    0.370439778387528577E+03    0.239441171773833061E+00    0.222608013578474775E-01    0.606326002922115581E+00    0.252160913970040568E+01   -0.151183261174651307E+01   -0.267148264457546192E+00   -0.907780208214034934E+00   -0.494102139463166168E+00    0.199881267281284658E+01   -0.447119421642320614E+01   -0.197540795258758521E+02   -0.152828853094526469E+02
    0.954429374271310280E+02    0.369698296065587101E+03    0.122795566132930550E+00    0.231059499569613441E-01    0.850762746545441373E+00    0.114241206267857542E+01   -0.912140827009579880E+00   -0.857787941234846585E+00   -0.251691071740651529E+00   -0.120568910068527657E+01    0.484125094282035429E+00   -0.422017861418346563E+01   -0.195004209857920543E+02   -0.152802423716085904E+02
    0.950339029217595908E+02    0.371297908109342870E+03    0.202777606464707771E+00    0.254688188482974226E-01    0.664068204053240296E+00    0.324748848721227290E+01    0.156252235848342025E+00   -0.126910921742251048E+01    0.417196871816259085E+00   -0.210054757783950663E+01    0.147581228116337138E+01   -0.517195888963698103E+01   -0.204504141366142704E+02   -0.152784552469772912E+02
    0.939952329286509212E+02    0.370990396093343179E+03    0.174632713488592384E+00    0.205632472226178198E-01    0.913539208437396333E+00    0.297214957799736013E+01    0.430839235184521385E-01   -0.905437079806006295E+00    0.618866875413461859E-01   -0.223830073476506186E+01    0.126225132915237759E+01   -0.448158650618842813E+01   -0.197582096976898214E+02   -0.152766231915013933E+02
    0.949943554786593722E+02    0.367725470538241325E+03    0.126045310689851309E+00    0.197897549423111281E-01    0.851558717860644410E+00    0.167589495604227778E+01    0.189257029497866824E+00   -0.167211806483578584E+01   -0.131943910513314200E+01   -0.129444511022143161E+01    0.645236550147956445E+00   -0.706887508431179779E+01   -0.223452325755176311E+02   -0.152763574912058342E+02
    0.962247201428842800E+02    0.370122644663465280E+03    0.217721132087786512E+00    0.226208327488162456E-01    0.674275894087725480E+00    0.225955482305028355E+01    0.110515986891300599E+01   -0.557539214054258991E+00   -0.170235853275926052E+00   -0.170945359278562137E+01   -0.142388752386182182E+01   -0.831991116883926907E+01   -0.235929206586716873E+02   -0.152730094898324165E+02
    0.966691368173771934E+02    0.368553269476176183E+03    0.221561149835586557E+00    0.199869526624679578E-01    0.646707653999328613E+00    0.547698855400085449E+01    0.105261839740592222E+01   -0.913546251255183961E+00    0.139774607079175461E+01   -0.301871216518861729E+01    0.528783278822402503E+00   -0.112219274370033801E+02   -0.264948045654502096E+02   -0.152728771284468312E+02
    0.951710480781687238E+02    0.369744152129626173E+03    0.106915878295898437E+00    0.258513863682746856E-01    0.902860617637634255E+00    0.154341816902160645E+01    0.587809108607189046E+00   -0.233982064297606429E+00    0.701065147135295996E+00   -0.713217334363207556E+00    0.221603906520954297E+01   -0.522842735796917069E+01   -0.204964583368736513E+02   -0.152680309789044824E+02
    0.949132369723909051E+02    0.369285547264518982E+03    0.229704141694428321E+00    0.231583557675461779E-01    0.622094610322821873E+00    0.249831822732957320E+01    0.157962354046162545E+01    0.654939309862356822E+00   -0.508462653793912756E+00   -0.164825069183507367E+00    0.133534164412481027E+01   -0.554305552905765886E+01   -0.207930314818499049E+02   -0.152499759527922460E+02
    0.938133003903205918E+02    0.369663866217769964E+03    0.148727539883200449E+00    0.215341410108756716E-01    0.848895615394229752E+00    0.346874797567334703E+01   -0.118575899053325884E+01    0.103658108563081441E+01   -0.130189765354202769E+01    0.185442373060595855E-01    0.658049133725171709E+00   -0.587239484081055441E+01   -0.211219370531677946E+02   -0.152495422123572393E+02
    0.938372906645442981E+02    0.371125716395231166E+03    0.226083144619828202E+00    0.254499218509702876E-01    0.791697058785792995E+00    0.315207952029770055E+01    0.581698173429003873E+00   -0.465310058938257443E+00   -0.116479375043923006E+01   -0.846177537840731020E+00    0.128877171107774324E+01   -0.379264201857694561E+01   -0.190414685313214669E+02   -0.152488265127445199E+02
    0.947118558330114411E+02    0.370368587717361834E+03    0.141718524640845889E+00    0.218774149703143579E-01    0.844477923192344493E+00    0.729420614361229624E+00    0.970379373313789984E-01    0.217138539113648277E+00   -0.133045634395443790E+01   -0.130354213412715580E+01    0.236321971830307120E+01   -0.327848816180399361E+01   -0.185265536164957787E+02   -0.152480654546917851E+02
    0.928946084124233948E+02    0.370611354303455073E+03    0.225958784580230720E+00    0.242572773694992062E-01    0.828503847122192383E+00    0.352348566055297852E+01    0.409591539499842838E+00    0.659687201249425925E+00   -0.161491507484129193E+01   -0.583274908993871577E+00    0.575959944886790476E+00   -0.561506950212306322E+01   -0.208617261452721756E+02   -0.152466566431491124E+02
    0.958949653565744029E+02    0.371423968164790267E+03    0.224109720449222782E+00    0.235140775164189124E-01    0.634478996091865199E+00    0.514696533771226505E+01   -0.675790625552963320E-01   -0.107718660171144620E+01   -0.834227331691863361E+00   -0.457231371480133930E+01    0.336407671753704784E+00   -0.974194854107517472E+01   -0.249846008454724391E+02   -0.152426523043972644E+02
    0.927652693576126239E+02    0.369296752184668321E+03    0.152326749377292597E+00    0.251244514348685360E-01    0.867279044304768654E+00    0.130839193477813964E+01   -0.861469269356121004E+00    0.462477084312240605E+00   -0.424977785129385444E+00   -0.191489876012269633E+01    0.778347441363394177E+00   -0.618220049358167412E+01   -0.214203672341846882E+02   -0.152381667406030150E+02
    0.959390270675637566E+02    0.371468074470585407E+03    0.100018123626708977E+00    0.256946392059326165E-01    0.947389650344848566E+00    0.115940809249877930E+01   -0.179191317868912847E+01    0.397332860726464843E+00   -0.450467308631914198E+00   -0.104284341729794505E+01    0.355969010937656094E+01   -0.860757341740206705E+01   -0.238454099968775282E+02   -0.152378365794754629E+02
    0.970021555397649990E+02    0.369849613867074595E+03    0.239360980508933063E+00    0.219180710822979297E-01    0.566922911242314975E+00    0.296759720382836178E+01    0.126236371229538236E+01   -0.481748127356240174E-01   -0.103062603983403256E+01   -0.286652313363333633E+01    0.178302308269053378E+01   -0.701606755671898785E+01   -0.222507646267331012E+02   -0.152346970700141124E+02
    0.950966958628216616E+02    0.369157229857669108E+03    0.956457508590393135E-01    0.208177541812384972E-01    0.100807983713238203E+01    0.823926639477894796E+00   -0.163918122471272909E+01   -0.611010170852068768E+00   -0.120364601864025622E+01   -0.217463752898424900E+01    0.232869690669190277E+01   -0.547921102495126533E+01   -0.207113409214338802E+02   -0.152321298964826131E+02
    0.956838298511754601E+02    0.370446574284605731E+03    0.142031742851213866E+00    0.234054578483155890E-01    0.908755917964362614E+00    0.277592973119669750E+01   -0.338252532059186706E+00   -0.523514093202948061E+00   -0.109567920532071872E+00   -0.324907132260364051E+01    0.871520225440463259E+00   -0.534961988158083201E+01   -0.205793070205926441E+02   -0.152296871390118120E+02
    0.943511213515400868E+02    0.371427308037507146E+03    0.171030208826065067E+00    0.234479618668556183E-01    0.757324743270873957E+00    0.280287122726440430E+01    0.278282872235422474E+00   -0.125331721698216825E+01   -0.217974409028670379E+01   -0.141759922522282977E+01    0.533418122387274929E+00   -0.482107547893247279E+01   -0.200497204661856188E+02   -0.152286449872531477E+02
    0.947220887211576610E+02    0.370120745921444495E+03    0.237169633609853797E+00    0.190061125924582790E-01    0.723570099401750211E+00    0.152873260685120993E+01    0.100571690454557938E+01   -0.282486037871194584E+00   -0.351396428055636534E+01   -0.102704071882840253E+01    0.409914683242505129E+00   -0.639408160650105728E+01   -0.216187389404445760E+02   -0.152246573339435187E+02
    0.942660611614089703E+02    0.370830007522951973E+03    0.172405212163925181E+00    0.228058093190193177E-01    0.760683369636535600E+00    0.303797364234924316E+01   -0.156659726166026303E+00   -0.124923696103110160E+01   -0.788032581477864147E+00   -0.167205846351976106E+01    0.963722832110534222E+00   -0.359828946056930743E+01   -0.188212531940040506E+02   -0.152229637334347441E+02
    0.939380942069535649E+02    0.371214914456709039E+03    0.184586700058215120E+00    0.242685770817329914E-01    0.802007283281346517E+00    0.124519334579329843E+01   -0.997947733438877549E+00   -0.188899684720809036E+00   -0.120309550762954109E+01   -0.106992743757587050E+01    0.118318295478388813E+01   -0.397761619611400441E+01   -0.191937471825106876E+02   -0.152161309863966832E+02
    0.944264637116864378E+02    0.369734084565568310E+03    0.202307989588332404E+00    0.227800073366051549E-01    0.774973237672525572E+00    0.194105758027176467E+01   -0.848984136588342153E+00   -0.436857956393623625E+00   -0.688442035281013665E+00   -0.178920520200449573E+01    0.191300878837523691E+01   -0.352494059390144754E+01   -0.187350981814926065E+02   -0.152101575875911585E+02
    0.934421314018006797E+02    0.370867571015023486E+03    0.125585386031341228E+00    0.197924777827921221E-01    0.917072483443922337E+00    0.129361030622443174E+01   -0.228033089691734858E+00   -0.806055856527336800E+00   -0.172669424488162782E+01   -0.902765623617369783E+00    0.188620858333820274E+01   -0.442955443569634699E+01   -0.196372355139574104E+02   -0.152076810782610625E+02
    0.949170691710130541E+02    0.369777123015885309E+03    0.102189250809034543E+00    0.256085727479974726E-01    0.981586449356176560E+00    0.154220272275796866E+01   -0.553345298275189634E+00   -0.590600283270532600E+00   -0.885306624780923590E+00   -0.130096496420378571E+01    0.669421764620210746E+00   -0.310261641635082785E+01   -0.183102087172886101E+02   -0.152075923009377814E+02
    0.938027318469178226E+02    0.369207311928632635E+03    0.121598643064498912E+00    0.204284234642982468E-01    0.936666679382324174E+00    0.164700007438659668E+01   -0.129118675867061938E+01   -0.255781270465149591E+00   -0.160107858616925092E+01   -0.251108101888007695E+01    0.203997779286169134E+01   -0.548396207778137068E+01   -0.206903859783177957E+02   -0.152064239005364250E+02
    0.951156911471368858E+02    0.368893781393182735E+03    0.128689626663769624E+00    0.228021888007229820E-01    0.891174129632604672E+00    0.129569689397575871E+01   -0.266506037166891474E-01   -0.951629042264130476E+00    0.323600609068535272E+00   -0.116587120009512546E+01    0.188568719621457626E+01   -0.503796663100351427E+01   -0.202423215262063358E+02   -0.152043548952028207E+02
    0.932413916071279800E+02    0.370943845822234607E+03    0.159710305861029717E+00    0.239230592118177578E-01    0.831909393773887285E+00    0.140030902420957659E+01    0.115120884623820530E+00    0.404812257753519644E+00   -0.100102180748649494E+01   -0.149492849388821014E+01    0.229420677631992476E+01   -0.477165279830050437E+01   -0.199747299056281520E+02   -0.152030771073276494E+02
    0.952960307914852365E+02    0.371012209648665475E+03    0.222479569673538213E+00    0.202421929836273176E-01    0.640088605880737238E+00    0.224921607971191406E+01    0.411782752829594756E+00   -0.212312047220848343E+00   -0.271635272289245222E+01   -0.187876801938841709E+01    0.111110550633270599E+01   -0.446171028021299865E+01   -0.196646142381474043E+02   -0.152029039579344047E+02
    0.943535558595024213E+02    0.369914571102983473E+03    0.219573098281456630E+00    0.223150743980505967E-01    0.775202108907790177E+00    0.395630099543150315E+01   -0.102446810568494584E+01   -0.222252348305573277E-01    0.170531251070542789E+00   -0.125468294708412031E+01    0.446271750373625986E+00   -0.441460072834836215E+01   -0.196131242792164286E+02   -0.151985235508680656E+02
    0.951810983202474290E+02    0.369850943022990805E+03    0.239984847307205207E+00    0.248965414166450495E-01    0.614875698089599521E+00    0.239035034179687500E+01    0.282311893905671241E+00    0.121133653311744693E+00   -0.100057667155965624E+01   -0.212184246185529446E+01    0.245581131215772075E+01   -0.375068278035636471E+01   -0.189449420417907959E+02   -0.151942592614344321E+02
    0.948413500357903558E+02    0.370032368986671599E+03    0.237082484006881727E+00    0.228468729257583596E-01    0.734248232841491655E+00    0.370891714096069336E+01    0.183690663341508298E+01    0.368767431916695032E-01   -0.121543247858539849E+01   -0.294693931049664570E+01    0.379915856836987809E+00   -0.588173471845600915E+01   -0.210726601857170053E+02   -0.151909254672609944E+02
    0.943299392743804219E+02    0.370079525063531264E+03    0.247873861790142008E+00    0.223619410862758335E-01    0.678824142435107136E+00    0.331492541191294343E+01   -0.870997324576592291E+00   -0.605192851469382176E-01    0.956753920115718248E-01   -0.248211375020559899E+01    0.240846299537907038E+00   -0.491269068422816435E+01   -0.201027264582261296E+02   -0.151900357739979643E+02
    0.932132209122348740E+02    0.369763849769187573E+03    0.173353835821151742E+00    0.208206754326820363E-01    0.814544558525085449E+00    0.376212716102600098E+01   -0.229597818987485880E+00   -0.318095190690428298E+00    0.509710156044320906E+00   -0.103277887275339708E+01    0.315995831293776286E+00   -0.582542667288996263E+01   -0.210150291921896049E+02   -0.151896025192996422E+02
    0.953324545374541685E+02    0.369636942046958893E+03    0.125870664539471711E+00    0.254726090366221639E-01    0.891527417140466127E+00    0.143780678201191492E+01   -0.830984065629536417E+00   -0.837016897982039154E+00   -0.622595125413454076E+00   -0.289366691914096918E+01   -0.781573821733445362E+00   -0.675350258505825440E+01   -0.219426415609292924E+02   -0.151891389758710371E+02
    0.963158255374676173E+02    0.369052930823488396E+03    0.127368967139346034E+00    0.235819195420981023E-01    0.933740185626229069E+00    0.260038354953592332E+01   -0.792946208133571417E+00   -0.632290939960284959E+00   -0.144867055163672354E+01   -0.134437348571850634E+01   -0.534933837478774654E+00   -0.645479170712883388E+01   -0.216362096362035068E+02   -0.151814179290746729E+02
    0.937695280527602790E+02    0.368035367296826962E+03    0.143203376998134624E+00    0.204436781259425028E-01    0.959992451795821378E+00    0.302408811494066043E+01   -0.267105760693766570E+00   -0.290269633622983692E+00   -0.774626948631293777E+00   -0.205735730581864118E+00    0.457900287043458087E+00   -0.666463650895440018E+01   -0.218429638306810432E+02   -0.151783273217266430E+02
    0.940666366539769569E+02    0.371223412778028660E+03    0.201339955335517878E+00    0.248619135127900147E-01    0.729628004227946714E+00    0.148435799364800491E+01    0.209866056478063001E+01   -0.876010105090472280E+00   -0.225406681238041529E+01   -0.197055245878232199E+01   -0.282810391064458377E+00   -0.778315765974786800E+01   -0.229612491861985077E+02   -0.151780915264506380E+02
    0.937701281820025088E+02    0.370493612860686653E+03    0.231910041540904222E+00    0.248673260650044484E-01    0.679716023780512879E+00    0.237439730194706300E+01    0.340299744103731427E+00    0.619599919899656015E+00   -0.114464019826641539E+01   -0.184431127860420929E+01    0.549858617943073336E+00   -0.387406370368187236E+01   -0.190381340226417706E+02   -0.151640703189598973E+02
    0.952089304446419646E+02    0.370628082090658836E+03    0.192390279293060296E+00    0.211510259509086612E-01    0.844699811935424760E+00    0.239233660697937012E+01   -0.143137954680128132E+01   -0.498667332643662975E+00   -0.207247347004226867E+01    0.448500833397247334E-01    0.231063954041815123E+01   -0.581825933846145205E+01   -0.209797938249947293E+02   -0.151615344865332755E+02
    0.950849447730572592E+02    0.369724369676750712E+03    0.218037516832351674E+00    0.245298762321472172E-01    0.661683607101440363E+00    0.223792362213134766E+01   -0.273333269252589162E+00   -0.578539344871841776E-01   -0.122491548849552578E+01   -0.200348801176119196E+01    0.121989724556215373E+00   -0.360355757617383521E+01   -0.187632462040398913E+02   -0.151596886278660570E+02
    0.948525446844726048E+02    0.369773910073501838E+03    0.232937422788734610E+00    0.228017404577082125E-01    0.613996627068931544E+00    0.461806680438230366E+01    0.311070585418065093E+00   -0.223805735789824212E+01    0.244367353842563029E+00   -0.186004612748888576E+01    0.115211488245790883E+01   -0.585212393628551997E+01   -0.210116189664522359E+02   -0.151594950301667151E+02
    0.941631791613374389E+02    0.369807512584086226E+03    0.157437073622450713E+00    0.243235693751824786E-01    0.835397192266499999E+00    0.164937078105181278E+01   -0.107936669053856349E+01    0.798503499105436276E+00   -0.810634729460843806E+00   -0.166721202844087202E+01    0.310839702113981042E+00   -0.446023254009485282E+01   -0.196191871449948856E+02   -0.151589546049000337E+02
    0.946946263296310917E+02    0.368908059903569438E+03    0.171375775892327498E+00    0.194670894201810565E-01    0.843959158226128547E+00    0.208107764132583561E+01   -0.861021039312390712E+00   -0.157445184735251986E+00   -0.339735068124582318E+00   -0.249256636299719503E+01    0.112495353941426424E+01   -0.472170953925659553E+01   -0.198797460962085886E+02   -0.151580365569519930E+02
    0.952980012907848959E+02    0.369708015184291753E+03    0.179082897954106424E+00    0.211838898114290360E-01    0.768722218025587711E+00    0.382333964944915117E+01    0.884123640472580519E+00    0.444582220521851978E+00   -0.711197785041121966E+00   -0.292367579320966797E+01    0.147919516298657094E+01   -0.465736011618696288E+01   -0.198131717304266708E+02   -0.151558116142397079E+02
    0.941891180627546873E+02    0.370667286423044743E+03    0.130216471065454337E+00    0.234051339559537205E-01    0.980768756386071749E+00    0.215097487612601235E+01   -0.113343848505905953E+01   -0.447380499268774601E+00   -0.783747145945880908E+00   -0.590427018706805029E+00    0.343067190880219863E+00   -0.432264663276341832E+01   -0.194781007623330282E+02   -0.151554541295696108E+02
    0.943097582460088688E+02    0.370789802998728874E+03    0.163858094129358034E+00    0.235253944940674239E-01    0.858187657240874646E+00    0.160506929802664278E+01   -0.161396269069200571E+00    0.123631612339636376E+01   -0.168888719137726162E+01   -0.189020988242759813E+01   -0.510019139522910114E+00   -0.571629228901431219E+01   -0.208565849450448013E+02   -0.151402926560304891E+02
    0.936301101604933592E+02    0.369593240416092840E+03    0.181359404206334146E+00    0.205584629932669162E-01    0.768178749854147469E+00    0.346033613208381752E+01   -0.718734556561457794E+00    0.247673280401841167E+00   -0.140254970358453246E-01   -0.186579713200671904E+00    0.205358984590816362E+01   -0.546377292372099266E+01   -0.205978210814424543E+02   -0.151340481577214625E+02
    0.947484611020925058E+02    0.370563746643549393E+03    0.180930896759033205E+00    0.198681644797325113E-01    0.899157238006591752E+00    0.292058944702148438E+01    0.250770775097635124E+00   -0.122739734698029679E+01   -0.200131655886821136E+01   -0.190970286786864563E+01    0.199304985848130167E+00   -0.428031733296664019E+01   -0.194139846823955615E+02   -0.151336673494289222E+02
    0.939933860300245669E+02    0.368918526641175276E+03    0.183132800328879547E+00    0.227417638363329386E-01    0.812934240143514564E+00    0.144048886166317036E+01   -0.596692336899877773E+00    0.221573953662073164E+00   -0.189472295592736351E+01   -0.802795430421383571E+00    0.194179697705862986E+01   -0.473775670402589366E+01   -0.198600110025319623E+02   -0.151222542985060677E+02
    0.939169697228319365E+02    0.370824544048004782E+03    0.162410481747215313E+00    0.227271336891107130E-01    0.871101010154802124E+00    0.239502675229745066E+01   -0.963314227350338115E+00   -0.173333236971870974E+01    0.937434109836204010E+00   -0.109254365631272776E+01    0.128885623942210281E+01   -0.694408544269231065E+01   -0.220622809179041290E+02   -0.151181954752118184E+02
    0.933352599218917476E+02    0.370033394514971178E+03    0.234524887224772799E+00    0.243791952497309575E-01    0.794491895764713130E+00    0.411191713604364928E+01   -0.533784675973265621E+00   -0.876477047241905893E+00   -0.202100690141719497E+01   -0.991560238525153181E+00    0.226123896904141475E+01   -0.505783941641961299E+01   -0.201738716259889799E+02   -0.151160322095693687E+02
    0.939678637649674329E+02    0.369147755930802987E+03    0.178094441161437328E+00    0.203306655638200301E-01    0.779259641469751685E+00    0.253376020657931633E+01    0.296449474842575000E-01    0.752699677481132312E+00   -0.174115924969669300E+01   -0.208252235601207758E+01    0.103123261480391215E+01   -0.441085464031162200E+01   -0.195250316932174321E+02   -0.151141770529058093E+02
    0.948121425960155193E+02    0.371167473503435076E+03    0.197033090255088972E+00    0.198048016484919237E-01    0.772241332735788655E+00    0.483035781850118973E+01   -0.357305877852240883E+00   -0.173959396190980442E+01   -0.447001760093143963E+00   -0.154964357825178922E+01    0.197541582882650113E+00   -0.505933074283222162E+01   -0.201713570408959555E+02   -0.151120262980637321E+02
    0.960891744098742038E+02    0.369630758209432088E+03    0.218742202385228263E+00    0.252659371355637360E-01    0.651269335493638413E+00    0.224708326320650009E+01    0.106825038428610242E+01    0.187079523838065198E+00   -0.100170419828486934E+01   -0.667459954801188360E+00    0.126888882258867874E+01   -0.443882084095029050E+01   -0.195506975012106992E+02   -0.151118766602604069E+02
    0.936950759391540942E+02    0.369849113506352069E+03    0.164120677956447747E+00    0.243321052853804065E-01    0.874220568574755386E+00    0.315184354204572159E+01    0.153078288585788869E+01    0.162780075694286097E+01   -0.969579344908879426E+00   -0.133802375483242031E+01    0.905843393351233539E+00   -0.614742315449613042E+01   -0.212574064370263791E+02   -0.151099832825302496E+02
    0.952780992691602933E+02    0.369979559789119094E+03    0.233783776448447334E+00    0.224274680971025819E-01    0.712070118059738411E+00    0.287095316097428110E+01   -0.136243297499390792E+01    0.480440897850940074E+00   -0.133303496176154090E+01   -0.129121657117252653E+01    0.963517951923904770E+00   -0.390610850880597438E+01   -0.190160336852663718E+02   -0.151099251764603988E+02
    0.951452334252146557E+02    0.369492360543997393E+03    0.157860024039854802E+00    0.259751333713573972E-01    0.774021585302663739E+00    0.191108474915268101E+01   -0.416273755138263368E-01    0.117011605809125285E+01   -0.231029233480626317E+01   -0.112738100826732079E+01    0.806477539946399924E+00   -0.465219761831595591E+01   -0.197590148509023322E+02   -0.151068172325863763E+02
    0.939179724585417262E+02    0.370061615171136737E+03    0.238015388876855749E+00    0.223054061566041878E-01    0.749315621712474900E+00    0.461968698842959036E+01   -0.931172642743831602E+00    0.303674920006642479E+00   -0.716978587362291142E+00   -0.206118935508698087E+01    0.178853892906886380E+01   -0.396354368586394923E+01   -0.190692083849238365E+02   -0.151056646990598882E+02
    0.960751968184652014E+02    0.368915605938125054E+03    0.200355326686427387E+00    0.202896417867215878E-01    0.684358723669677205E+00    0.310726539607678021E+01   -0.908603507730276760E-01   -0.408805773353151325E+00   -0.660122992002243114E+00   -0.283375518410252880E+01    0.109902570049257542E+01   -0.538295469151842632E+01   -0.204884272745969298E+02   -0.151054725830785017E+02
    0.946756488532153071E+02    0.370065591068448384E+03    0.227974565076390523E+00    0.224265918393669432E-01    0.763606404936905347E+00    0.424593219355783447E+01    0.952639082109953961E+00   -0.203306014005875058E+00   -0.121722523381208680E+01   -0.520431628698361237E+00    0.191412646689627786E+01   -0.362722206766253308E+01   -0.187243848435336346E+02   -0.150971627758710998E+02
    0.940687546145161377E+02    0.371306620127361157E+03    0.227284067957196800E+00    0.235303778248081158E-01    0.758719965776382566E+00    0.299177909628644478E+01    0.624316220679475009E+00    0.179293146917757440E+01   -0.165020578151484165E+01   -0.128771070022935419E+01    0.741806952622710236E+00   -0.583692810261231454E+01   -0.209267131027979687E+02   -0.150897850001856551E+02
    0.949303729681039385E+02    0.372257302559325808E+03    0.213318312702148766E+00    0.220014274983515619E-01    0.714558400815662353E+00    0.360804382464724682E+01   -0.562740680194337983E+00    0.753522326750726279E+00   -0.469817766953610549E+00   -0.293972155453388950E+01    0.137151960644700943E+01   -0.658946778786939724E+01   -0.216735232454853914E+02   -0.150840554576159960E+02
    0.948549227949458782E+02    0.368961645320946218E+03    0.149624070929039454E+00    0.238311925434682992E-01    0.835729707534743960E+00    0.194433871616162790E+01    0.637819400561738803E+00   -0.606284788858602042E+00   -0.658454255780043018E+00   -0.517750255911550994E+00   -0.112067174301273331E+00   -0.509253930664326582E+01   -0.201686605792997682E+02   -0.150761212726565024E+02
    0.948137970159680208E+02    0.369667392241142124E+03    0.199111363305432859E+00    0.214835251851395286E-01    0.710867083670739586E+00    0.231083485094801944E+01    0.705827986095073356E+00   -0.164567874894942179E+01   -0.112845986396109743E+01   -0.680316548899781992E+00   -0.390302645938618076E+00   -0.565856752114106953E+01   -0.207345591231465676E+02   -0.150759916020054980E+02
    0.948903666904291185E+02    0.370583047583997768E+03    0.234707733095685628E+00    0.240093049744922737E-01    0.646850344316224790E+00    0.418179427733634057E+01   -0.164664288512653911E+01    0.823250232859891184E+00    0.333247527240701169E+00   -0.180271586211688373E+01    0.201745075388430450E+01   -0.587698700715332123E+01   -0.209516756726411302E+02   -0.150746886654878072E+02
    0.950629263334692496E+02    0.370358804105128229E+03    0.210567850704618253E+00    0.223043541834399249E-01    0.676001910803232797E+00    0.278914981884829771E+01    0.139543012562967306E+01    0.198809593973692800E-01   -0.147607715122262539E+01   -0.126043507118424714E+01    0.128699105243754297E+01   -0.365324736672582695E+01   -0.187276011490530081E+02   -0.150743537823271812E+02
    0.945512153775646311E+02    0.370101474287548399E+03    0.249848672466010530E+00    0.204090683273202150E-01    0.706815382812549742E+00    0.330536752261847333E+01   -0.144429595559245172E+01    0.159656393926752627E+00   -0.119748894019380692E+01   -0.151019829500341984E+01    0.868401287754068330E+00   -0.378541650839548893E+01   -0.188403171844216324E+02   -0.150549006760261435E+02
    0.951050310154644194E+02    0.369796354916497648E+03    0.149232867233761585E+00    0.217435333483829742E-01    0.895019278912805194E+00    0.271411302165850365E+01   -0.506685276415055341E+00    0.177941992860610299E+01   -0.217205865838536738E+01   -0.119769789651513747E+01    0.140277219810172959E+01   -0.532753970385751252E+01   -0.203819241730826732E+02   -0.150543844692251607E+02
    0.940920596155640396E+02    0.369525405472577177E+03    0.219770748952764883E+00    0.247308569937985528E-01    0.705228846331530934E+00    0.408804709398059885E+01   -0.100435454541980107E+01    0.897751909968746986E+00    0.183812552241988891E+00   -0.162242086416767961E+01    0.171434131737555639E+01   -0.512207109205090738E+01   -0.201743919995017293E+02   -0.150523209074508220E+02
    0.955260644627085185E+02    0.370200778525331543E+03    0.220722228988947861E+00    0.234144433191016341E-01    0.633296599395077209E+00    0.325182651315249061E+01   -0.150290472410802067E+01   -0.771865433167704396E+00   -0.134990205716462675E+01   -0.137977422519384163E+01    0.998116514732601212E+00   -0.416184249913978643E+01   -0.192125793700888678E+02   -0.150507368709490823E+02
    0.970087645161563614E+02    0.370113639146083869E+03    0.238083952927884229E+00    0.259464586336298139E-01    0.605990625656556592E+00    0.355329341459784764E+01   -0.475085076135428608E+00   -0.276949657130671711E+00   -0.182767126136693658E-01   -0.190727486696800952E+01    0.852009684780341781E+00   -0.586686059564379381E+01   -0.209160397175598050E+02   -0.150491791219160103E+02
    0.959950062584860007E+02    0.368435988212442908E+03    0.185970897700799970E+00    0.204472815843740573E-01    0.726616183126909343E+00    0.355339161908204026E+01    0.345810965462760578E+00    0.293902124157057243E+00   -0.457583174505771018E+00   -0.170301476543613717E+01    0.135292570469005136E+01   -0.529225693551858178E+01   -0.203414034097928464E+02   -0.150491464742742629E+02
    0.930679092605216738E+02    0.369722076794584837E+03    0.181967239563114336E+00    0.257737867435860399E-01    0.794285440639323936E+00    0.320287156732043954E+01   -0.885368526559204838E+00   -0.163007556424190569E+00   -0.514889698014257879E+00   -0.146757463330800419E+01    0.122712394283894377E+01   -0.480025564833012997E+01   -0.198442560568546078E+02   -0.150440004085244787E+02
    0.944322616369302068E+02    0.371060619999029541E+03    0.213408828034341608E+00    0.201464988236115874E-01    0.706084077603984728E+00    0.488900557814997683E+01    0.950408348963946992E+00   -0.266150738956412114E+00   -0.197649797995722998E+01   -0.476588144675815784E+00    0.953156287399679281E+00   -0.426451886447710926E+01   -0.193080319636009250E+02   -0.150435130991238175E+02
    0.944886175808053395E+02    0.370457759785713051E+03    0.195145154443780222E+00    0.216316640335971755E-01    0.740093539144043744E+00    0.264037894310317256E+01   -0.312907313469850124E+00   -0.122272463475496806E+01   -0.569707196221997725E+00   -0.819457062958690585E+00    0.491488115293350569E+00   -0.383135721749108793E+01   -0.188652259342105246E+02   -0.150338687167194376E+02
    0.943934682223041364E+02    0.369991818285111322E+03    0.183368072997510539E+00    0.202111505012343359E-01    0.779768201522882620E+00    0.249129268876064813E+01   -0.232788986633067907E+00    0.162754821519684456E-01   -0.842654089148026975E+00   -0.409075379853902632E+00    0.706018700583399772E+00   -0.339675816105555484E+01   -0.184200349629424487E+02   -0.150232768018868938E+02
    0.950331512812592791E+02    0.368587065455346647E+03    0.161624653180653999E+00    0.248882096502643160E-01    0.823214363563404494E+00    0.167340102252251555E+01   -0.138892778435888431E+01   -0.955762421525605532E+00   -0.185060214006512047E+01   -0.175983120129217241E+01    0.139586779683099871E+01   -0.554732032740521763E+01   -0.205682886254790915E+02   -0.150209682980738730E+02
    0.948173776393243770E+02    0.370322324288644950E+03    0.184528228348695256E+00    0.255499225798699117E-01    0.750599021941576794E+00    0.208429518490693511E+01   -0.363801068100428893E+00   -0.406409212317839719E+00   -0.113348797724597694E+01   -0.517392967932437386E+00    0.147591851609036007E+01   -0.305072535217732099E+01   -0.180700451381960185E+02   -0.150193197860186984E+02
    0.949438794869686262E+02    0.370676001530623353E+03    0.228294546579193097E+00    0.204989458881809465E-01    0.713693453197549510E+00    0.329241368191068418E+01    0.169508156699293977E+00    0.397100540807287017E+00   -0.408549995075872863E+00   -0.844576528282914296E+00    0.258587002602439497E+01   -0.410181718660939509E+01   -0.191158720844351251E+02   -0.150140548978257300E+02
    0.936698914892215271E+02    0.370866819745687962E+03    0.239600419976677415E+00    0.226838604771019137E-01    0.653369268149288085E+00    0.493260517065622217E+01   -0.219611160858903531E+00   -0.230052979141078140E+01    0.860221077687151059E-02   -0.108146411515122054E+01    0.169527918504059039E+01   -0.645179468261654243E+01   -0.214515243719635080E+02   -0.149997296893469638E+02
    0.962520032268391788E+02    0.369170725364360578E+03    0.211687168488480293E+00    0.250196470970194436E-01    0.697670725030694383E+00    0.223111700530375145E+01   -0.321821949543164010E+00   -0.304673152654345358E+01   -0.121453281362278154E+01   -0.152376070277910003E+01    0.133476629751271525E+01   -0.830849261460512700E+01   -0.233079196964269713E+02   -0.149994270818218443E+02
    0.949734673312971154E+02    0.369818943273762443E+03    0.171644677905292836E+00    0.214553512678894304E-01    0.790398119912015584E+00    0.290692217395459274E+01   -0.518543216638818194E+00   -0.135643353754971940E+01   -0.677090712375729487E+00   -0.489008984712882011E+00    0.542953647972126641E+00   -0.423694016931751882E+01   -0.192209270211317715E+02   -0.149839868518142545E+02
    0.949154079272332183E+02    0.370959208130845809E+03    0.221322127385404410E+00    0.253248613638547698E-01    0.736030433467474321E+00    0.382926682121184214E+01    0.748660425111893346E+00   -0.555473861476230013E+00   -0.112183759173262820E+01   -0.275604049432672582E+01    0.357507963227590375E+00   -0.449993713467833523E+01   -0.194829589197217672E+02   -0.149830217850434302E+02
    0.951555288702550115E+02    0.369154420922886629E+03    0.201198606022519322E+00    0.214004029828796585E-01    0.715076826458603709E+00    0.430692943886859680E+01   -0.885682301498036395E-01   -0.223812278428567824E+00   -0.187313185702009810E+01   -0.131610865729385296E+01    0.151055264735646255E+01   -0.351922482437402673E+01   -0.184932938259537671E+02   -0.149740690015797409E+02
    0.949582931280976936E+02    0.368939972829157114E+03    0.226195189623084825E+00    0.258223946412951995E-01    0.619857929323158530E+00    0.399380881214776906E+01   -0.183383503214713528E+01   -0.679970013403590201E+00   -0.243285300907132296E+01   -0.762465517922237268E+00    0.530554825937770369E+00   -0.655069134505993134E+01   -0.215233579516097251E+02   -0.149726666065497955E+02
    0.945733355607333124E+02    0.369853337245383273E+03    0.183199139041940517E+00    0.237394913501606519E-01    0.801262162418994284E+00    0.183129391332251501E+01    0.308079458922065896E+00   -0.137736874741108295E+01   -0.228971718784464429E+01   -0.156912093206074132E+00    0.888491119438868049E+00   -0.495056129837973913E+01   -0.198997084373855770E+02   -0.149491471390058397E+02
    0.951422857465515790E+02    0.369696765047064901E+03    0.207439233032705728E+00    0.197850925330378229E-01    0.702085734217079982E+00    0.405579680965672296E+01    0.114938311881701338E+01   -0.126135616307351484E+01   -0.142850032152750805E+01   -0.133793454730152916E+01    0.155073533069412428E+01   -0.408199189822970521E+01   -0.190279564774458905E+02   -0.149459645792161862E+02
    0.947709567244717164E+02    0.370396194990537197E+03    0.234297255224876905E+00    0.200280132036303286E-01    0.657611161481430950E+00    0.433026188841180115E+01   -0.120939298422513275E+01   -0.153075143284354453E+01   -0.172414288396111948E+00   -0.126179398943236265E+01    0.643899525208553536E+00   -0.484545434730290747E+01   -0.197897755184051114E+02   -0.149443211711022048E+02
    0.952805784580484669E+02    0.370136386904548317E+03    0.236347220165751132E+00    0.252061642174713635E-01    0.667074359676284367E+00    0.534670318984420945E+01   -0.619136891581320015E+00    0.148502787825464166E+00   -0.112191075454461475E+01   -0.113867120653253551E+01    0.202586347022702284E+01   -0.322465416662784987E+01   -0.181633834925403264E+02   -0.149387293259124760E+02
    0.951939748839824915E+02    0.370396119247284105E+03    0.153471134934930920E+00    0.207553297254762445E-01    0.881469276451354089E+00    0.216708654031369363E+01   -0.307397809555141066E+00   -0.822665800272943670E+00   -0.430398931214881486E+01    0.219872894796253604E+00    0.781841840047263981E+00   -0.940243310321896431E+01   -0.243383929081519632E+02   -0.149359598049329989E+02
    0.960346155360527973E+02    0.370013399785757201E+03    0.231962107511610893E+00    0.244825133302288139E-01    0.685957026076398968E+00    0.445985309944766506E+01    0.543179302445651047E+00    0.125236968400145088E+01   -0.161944498420666583E+01   -0.152520112624074500E+01    0.133024837551488440E+01   -0.461832540039358097E+01   -0.195536153848187944E+02   -0.149352899844252143E+02
    0.957118046414418586E+02    0.370554767717610275E+03    0.170884995557226610E+00    0.242065033381260591E-01    0.791283506602933118E+00    0.200800846957834267E+01   -0.980422279337744840E-01    0.142677060687788071E+01   -0.255222097326964104E+01    0.524111727050922127E+00    0.177638937212691439E+01   -0.729936371786768312E+01   -0.222328511959729127E+02   -0.149334874781052296E+02
    0.960289884258670554E+02    0.370318638850191974E+03    0.223471669765287290E+00    0.237467779955826304E-01    0.675393659910399125E+00    0.522038552695335056E+01    0.106440776674048720E+01    0.109628724829917756E+00   -0.286845847219069583E+01   -0.763128167330933138E+00   -0.734234758648426356E+00   -0.762709725071662703E+01   -0.225579084894600825E+02   -0.149308112387434573E+02
    0.946635339343790747E+02    0.370027621651661093E+03    0.175300389224291864E+00    0.235909216221523652E-01    0.776669102030530079E+00    0.232690239723787684E+01   -0.123716771336489728E+01   -0.549279174591674746E+00   -0.263929304977523316E+01   -0.697092128928034072E-01    0.144420466093947675E+01   -0.548027083482658472E+01   -0.204070840072768114E+02   -0.149268131724502258E+02
    0.949808053242738879E+02    0.369971763596676965E+03    0.173602000212999902E+00    0.204993407005648887E-01    0.840195350741834823E+00    0.284506390698853906E+01   -0.206651884228676863E+00   -0.137688166664361233E+01   -0.166546565333760532E+01   -0.123789820074648560E+01    0.142144624372463135E+01   -0.351078948163867022E+01   -0.184328338301188950E+02   -0.149220443484802257E+02
    0.954223877530741902E+02    0.370951230207610706E+03    0.197378834268216757E+00    0.194843403561457996E-01    0.746011138815352415E+00    0.381724969576703899E+01    0.330444823135849219E+00    0.239604444806218508E+00   -0.282564007853693511E+01   -0.174938820480406321E+01    0.251033793796296090E+00   -0.517101985433751388E+01   -0.200903421569794673E+02   -0.149193223026419535E+02
    0.933671785890649062E+02    0.370784342282065381E+03    0.212320370895623139E+00    0.200001437800906741E-01    0.752918238355893110E+00    0.371489610748968957E+01   -0.728534828712099625E+00    0.778304662147775161E+00   -0.133637556819962788E+01   -0.578685066924435887E+00    0.640131096350842421E+00   -0.504119935305211353E+01   -0.199556932521407049E+02   -0.149144938990885922E+02
    0.962838532156390556E+02    0.368545918150768784E+03    0.173234444234640045E+00    0.215198144664034210E-01    0.764282456389938192E+00    0.314858336931510152E+01   -0.159053429109576427E+01   -0.118810694360718061E+00   -0.252016227773651735E+01   -0.510129278096655980E+00   -0.740187853360793957E+00   -0.970568394880573138E+01   -0.246163406302093009E+02   -0.149106566814035695E+02
    0.925785923378068674E+02    0.369483287582517960E+03    0.200679145848249779E+00    0.220348800867813527E-01    0.811419079020615275E+00    0.388477555131280461E+01    0.396211254350191666E+00    0.330836281940492027E+00   -0.139484759482570531E+01    0.147829815060731562E+00    0.159266574740172495E+01   -0.685370654642412802E+01   -0.217635796606875225E+02   -0.149098731142633945E+02
    0.944187440515340768E+02    0.370425442827763391E+03    0.252161386705357760E+00    0.245463377344393996E-01    0.685470302809693899E+00    0.497965759678603526E+01   -0.861675705675679637E-01    0.132211572120809251E+01   -0.121647929066853044E+01   -0.257511276250852461E+00    0.254869113381005263E+01   -0.525848637382333628E+01   -0.201661283224579329E+02   -0.149076419486345966E+02
    0.962091658778515466E+02    0.371595126551557996E+03    0.225676178934034688E+00    0.259490339398184763E-01    0.690751140645209039E+00    0.475287187318975413E+01   -0.499723723464740033E-02   -0.201232542991078844E+01   -0.121159007553274001E+01   -0.155628972602357862E+01    0.159727236393678163E+01   -0.617411701357262732E+01   -0.210763474499571970E+02   -0.149022304363845688E+02
    0.964885170767981890E+02    0.370470011784795815E+03    0.203961677166564326E+00    0.227499419588150578E-01    0.734491947161807213E+00    0.419625344549579538E+01    0.201174757022499762E+00   -0.120755723354477540E+00   -0.271289801609896131E+01   -0.204551107389875142E+01    0.395476117545286110E+00   -0.585223121209979702E+01   -0.207458672892099081E+02   -0.148936360771101111E+02
    0.937285430291492503E+02    0.372512945683874705E+03    0.230693659226028247E+00    0.237665693307139159E-01    0.776784455349183056E+00    0.420203584154046794E+01    0.131101817761532402E+01    0.241829410132368194E+00   -0.271171120927988341E+01   -0.139271356501808441E+01    0.113268355008926869E+01   -0.797712681546058988E+01   -0.228558165641095670E+02   -0.148786897486489753E+02
    0.949480253124900173E+02    0.368951319535058019E+03    0.246168011550756988E+00    0.244384785405424576E-01    0.600607641516211266E+00    0.525362880389029030E+01   -0.728577735886801747E+00   -0.673935891802556752E-01   -0.923067633378877650E+00    0.179991520188877985E+00    0.151707195642188730E+01   -0.494544018853298173E+01   -0.198220988926764967E+02   -0.148766587041435141E+02
    0.960893002398713634E+02    0.369423242783272826E+03    0.218868924095895839E+00    0.202603934082977860E-01    0.742188976827647506E+00    0.398854242785938418E+01    0.423543917796678215E+00   -0.111021129875211955E+01   -0.210343898858695866E+01   -0.400280838708795272E+00    0.383631776300035421E+00   -0.557582622715203424E+01   -0.204518538119696842E+02   -0.148760275848176509E+02
    0.942806389047066205E+02    0.368235014235308199E+03    0.238800655591489219E+00    0.191537021863869353E-01    0.660662315123829780E+00    0.486178561376146234E+01   -0.111731288401529127E+01   -0.800217865572676601E+00   -0.470652897057561637E+00   -0.950909967842790138E+00    0.252757168168614044E+01   -0.662025868284977292E+01   -0.214915680558180000E+02   -0.148713093729682289E+02
    0.939538097355355148E+02    0.372212103816861827E+03    0.244204360756913569E+00    0.233699997835964020E-01    0.729083892768639830E+00    0.412072347198838962E+01    0.871965661716558316E+00   -0.819764560898192940E+00   -0.154921963469064372E+01   -0.171793214831154728E+01    0.164372854202724761E+01   -0.568044713037593851E+01   -0.205208635853183488E+02   -0.148404164549424102E+02
    0.952057805704614566E+02    0.369728573122074295E+03    0.251873077007443325E+00    0.239480376869790762E-01    0.593546827034179381E+00    0.502337900246918068E+01    0.424858914162768997E+00    0.121193749676308471E+01   -0.137254001863652753E+01    0.808368153983565207E+00   -0.203623671590093869E+00   -0.735072750471575276E+01   -0.221905295576579817E+02   -0.148398020529422272E+02
    0.957048046142701878E+02    0.369965321320152952E+03    0.238372685858228434E+00    0.194266270055141084E-01    0.616473689054647278E+00    0.442415177951493810E+01   -0.273303112509211132E+00   -0.123417272069445916E+00   -0.152142210507804498E+01    0.237366044415239230E+00    0.356042034052620693E+01   -0.706150325644863308E+01   -0.218992784361351127E+02   -0.148377751796864779E+02
    0.940615718107030716E+02    0.370771023902536626E+03    0.222467681213206536E+00    0.210326435855351553E-01    0.772699145852041358E+00    0.399639151525766678E+01    0.933464883797796574E+00   -0.746221847715560216E+00   -0.209420666480468753E+01   -0.662034300795539821E+00    0.127498837937196208E+01   -0.433064372519389096E+01   -0.191505107474812988E+02   -0.148198670222874078E+02
    0.958556448530137004E+02    0.372143710904406134E+03    0.232348698604814191E+00    0.259101544767229262E-01    0.669760474117612636E+00    0.389508748859209852E+01   -0.217639478336195680E+00    0.189758954692251847E+00   -0.141434574177651462E+01   -0.109280350090671163E+01    0.156435177105890966E+01   -0.512132867346467613E+01   -0.199398913346986930E+02   -0.148185626612340187E+02
    0.955199699516563214E+02    0.369034808975511396E+03    0.244906531845382802E+00    0.196918050749378994E-01    0.627690453195813070E+00    0.500106489836144874E+01   -0.155868048629486111E+01    0.143624874943839131E+01   -0.195114197587258764E+01   -0.782905128934316963E+00    0.614746816248725958E+00   -0.678810550105705612E+01   -0.215774704538219879E+02   -0.147893649527649327E+02
    0.953944374789923586E+02    0.368758539773859638E+03    0.249729208447075496E+00    0.216280652873564738E-01    0.616100236504796395E+00    0.415353265461504684E+01    0.110933453967732021E+01   -0.931098952254387768E+00   -0.138027492161768328E+01   -0.478122039597792536E+00    0.379036448899228162E+01   -0.834691822405440753E+01   -0.230799917677163435E+02   -0.147330735436619378E+02
    0.978093028944751950E+02    0.369437997225686331E+03    0.242094079914891208E+00    0.200101028450068961E-01    0.587455792111175046E+00    0.510684091589735445E+01   -0.544878294371073935E+00    0.758208960570527779E+00   -0.267663827475075777E+01   -0.588372306011706314E+00    0.123917768410024132E+01   -0.945948274829549796E+01   -0.241579062768041268E+02   -0.146984235285086271E+02
    0.954150528657353334E+02    0.371124321174831721E+03    0.229418628007599296E+00    0.246548364635701990E-01    0.683284084615249587E+00    0.420116881624378991E+01   -0.331607888716689558E+00   -0.876048862234029002E+00   -0.246476462400210039E+01   -0.172205506965497079E+01    0.163143525393365985E+01   -0.444821218881103331E+01   -0.191967643257222029E+02   -0.147485521369111705E+02
    0.948397445883281307E+02    0.370122394886798020E+03    0.252182305880298496E+00    0.251035790642902615E-01    0.645459463687572121E+00    0.455996881073489213E+01   -0.347986954880866506E+01    0.103436673144869984E+00   -0.204523579577539749E+01   -0.669388747400034845E+00    0.643393500648699268E+00   -0.954382392587563722E+01   -0.242141203163424947E+02   -0.146702963904668575E+02
    0.960508443795472431E+02    0.371062667754058339E+03    0.246724044475421511E+00    0.233850567071242424E-01    0.636934871679089687E+00    0.515094979291208510E+01    0.725730609073025335E+00    0.602663818093560621E+00   -0.111065959490247201E+01   -0.966138884962219890E-01    0.205116785324094053E+01   -0.535933109587870593E+01   -0.201562859453697882E+02   -0.147969548494910832E+02
    0.958863715520967617E+02    0.370874337146123935E+03    0.229430021337920093E+00    0.235506328499263395E-01    0.661497304848590484E+00    0.425766116358441948E+01    0.143697052111178891E+01   -0.807931457851509549E+00   -0.223000564135759305E+01   -0.212557701504351826E+01    0.250072530158035988E+01   -0.619824570492759275E+01   -0.209849935648007460E+02   -0.147867478598731541E+02
    0.943129303319508381E+02    0.372727576599681697E+03    0.240687251430683230E+00    0.215442597676740004E-01    0.720223596455516035E+00    0.469818601190925733E+01   -0.284252939274324490E+01   -0.345457928082168964E+00   -0.201231615950405285E+01   -0.209779346320146942E+00    0.133368357711901830E+01   -0.109424748330417962E+02   -0.256804987266873290E+02   -0.147380238936455328E+02
