    0.113787996768951416E+01   -0.353033065795898438E+00   -0.630382299423217773E+00    0.474820709228515714E+00   -0.117486069729011433E+00   -0.169243802136065824E+01   -0.310391918458206018E-01   -0.201249576018312837E+01    0.157648366232365356E+01   -0.992513026347134719E+01   -0.194681180289633863E+06   -0.194671255159370397E+06   -0.460515351937698814E+01    1
    0.109505063295364380E+01    0.915681123733520508E-01   -0.461312174797058105E+00   -0.120984935760498069E+00    0.181038474668980598E+01    0.108136754496399645E+00   -0.195091133161781705E+01   -0.139842484928863087E+01    0.144841303621319661E+01   -0.100057050398064771E+02   -0.194578688415993936E+06   -0.194568682710954134E+06   -0.461515351937698259E+01    1
    0.117313528060913086E+01    0.818468928337097168E-01   -0.140236616134643555E-01   -0.661721992492675826E+00   -0.100275146952526484E+00   -0.166949026807969803E+00   -0.249324393268693711E+01   -0.123440606275721620E+01    0.141425139691477875E+01   -0.894060792554782680E+01   -0.538952033417029961E+05   -0.538862627337774466E+05   -0.462515351937698149E+01    1
   -0.120576006174087524E+01    0.504067361354827881E+00    0.188371062278747559E+00   -0.154199409484863326E+00   -0.126197231494074913E+01   -0.189822126201192987E+01    0.269748830295384545E+00   -0.283289346048491097E+01   -0.290420550546741429E+00   -0.134207668302644620E+02   -0.339785625412346999E+05   -0.339651417744044375E+05   -0.463515351937698661E+01    1
    0.144260269403457642E+01    0.849106907844543457E-01   -0.398347020149230957E+00   -0.272329807281494141E+00   -0.119034575790124109E+01    0.109027057667049121E+01    0.601932485902807679E+00   -0.971576399548439440E+00    0.156310835463614262E+01   -0.110707270109752418E+02   -0.564845827349105366E+04   -0.563738754648007853E+04   -0.464515351937698728E+01    1
    0.145035660266876221E+01   -0.842991471290588379E+00    0.200953483581542969E-01    0.208509349822997958E+00   -0.220101719525018780E+00    0.110233126973867002E+01   -0.206431576469867428E+00   -0.815464026467225267E+00    0.905763576594154296E+00   -0.944313285501197797E+01   -0.322853519776641497E+04   -0.321909206491140321E+04   -0.465515351937698174E+01    1
    0.125907719135284424E+01    0.206884682178497314E+00   -0.270322799682617188E+00   -0.453402328491210982E+00   -0.963714410357852103E+00    0.377253603390954650E+00    0.236457688696418922E+00   -0.141865654473235736E+01    0.186196095048785559E+01   -0.965989800653619746E+01   -0.196554994260314265E+04   -0.195589004459660646E+04   -0.466515351937698153E+01    1
    0.112240290641784668E+01   -0.177358210086822510E+00   -0.430310964584350586E-01   -0.254315280914306663E+00   -0.659254973971883373E+00    0.194709751823438693E+00   -0.772719525542697516E+00   -0.239058218435843628E+01   -0.116970349209850388E+00   -0.975004606767771875E+01   -0.156938645642854954E+04   -0.155963641036087188E+04   -0.467515351937698398E+01    1
    0.107565110921859741E+01    0.643592476844787598E-01    0.486443042755126953E-01   -0.602522850036621094E+00   -0.440349466604175177E+00    0.764781524388808975E+00    0.668136321053227622E-01   -0.251363299269200979E+01   -0.144212886995091827E+00   -0.108100272746055666E+02   -0.145231338297259936E+04   -0.144150335569799381E+04   -0.468515351937698377E+01    1
   -0.837946593761444092E+00   -0.249618709087371826E+00    0.122077107429504395E+00    0.487611293792724609E+00    0.991461997510896254E+00   -0.281283060513715044E+00   -0.160886089904920460E+01    0.125189476265177291E+00    0.829221711297805308E+00   -0.982616384433118384E+01   -0.816577698421907485E+03   -0.806751534577576308E+03   -0.469515351937698444E+01    1
    0.121035468578338623E+01    0.130281507968902588E+00   -0.239093303680419922E-01   -0.634747600555420011E+00    0.137670635959921128E+00    0.205103104298245853E+01   -0.304828710077686083E+01   -0.174725005079267248E+01    0.290858809298583765E+01   -0.137464338651227447E+02   -0.774243828434048510E+03   -0.760497394568925756E+03   -0.470515351937698423E+01    1
    0.137072145938873291E+01   -0.647562325000762939E+00    0.207207679748535156E+00   -0.127287673950195357E+00   -0.819441067905017917E+00   -0.521940711363413357E+00   -0.831146153715280667E+00    0.332282231067893008E-01    0.158863196701418041E+01   -0.945979517702530792E+01   -0.659816065363502162E+03   -0.650356270186476877E+03   -0.471515351937698135E+01    1
    0.620868086814880371E+00   -0.131433606147766113E+00   -0.285890221595764160E+00    0.211567401885986328E+00    0.226351609768471462E+00    0.390252998238339033E-01   -0.188331461366715081E+00   -0.128138519989420274E+01    0.973456856593204467E-01   -0.911748857309576444E+01   -0.145811260957918648E+03   -0.136693772384822893E+03   -0.472515351937698025E+01    1
   -0.116128706932067871E+01    0.236658453941345215E+00   -0.422687053680419922E+00   -0.450025844573974654E+00    0.190958813928659765E+01    0.445389354342751731E-01   -0.550363050264195186E+00    0.798593289971449849E-01    0.122781934228100931E+01   -0.110483568884625392E+02   -0.100098260144998747E+03   -0.890499032565362114E+02   -0.473515351937698448E+01    1
    0.519027292728424072E+00   -0.370067596435546875E+00    0.254303216934204102E+00    0.447845458984375000E-01    0.638451883834250111E+00   -0.532329128983519695E+00   -0.126423057292072349E+01   -0.141356636180603346E+01   -0.108392561870686910E+00   -0.917546250996800161E+01   -0.863638819078313986E+02   -0.771884193978633988E+02   -0.474515351937698782E+01    1
   -0.148568093776702881E+01   -0.424011647701263428E+00    0.431061387062072754E+00    0.112673950195312456E+00   -0.409682529920019078E+00   -0.264653664359002450E+00    0.352818764537232932E+00   -0.567750729343288185E+00   -0.402667791115616236E-01   -0.103061361579476056E+02   -0.863432883588129556E+02   -0.760371522008653500E+02   -0.475515351937698494E+01    1
   -0.134766858816146851E+01    0.691716849803924561E+00    0.296999096870422363E+00   -0.613342475891113348E+00   -0.127552055613364246E+01    0.796144548629627025E+00   -0.223268026966593425E+01    0.485695135182595550E-01    0.267696229676289477E+01   -0.119146193802244120E+02   -0.801697616673317981E+02   -0.682551422871073896E+02   -0.476515351937698117E+01    1
   -0.134140098094940186E+01   -0.321198821067810059E+00    0.964055061340332031E-01    0.650862598419189586E+00    0.671215915837137800E+00    0.159497644535008476E+01   -0.263317320067130822E+01   -0.129216330732901952E+01    0.268594296560536350E+01   -0.119319335914469207E+02   -0.795539481739256757E+02   -0.676220145824787551E+02   -0.477515351937698451E+01    1
   -0.669607222080230713E+00    0.249298810958862305E+00   -0.121712684631347656E-03   -0.306165695190430132E-01    0.857944673131214586E+00    0.642144578838497182E+00   -0.173819911763416690E+01   -0.479334557693391616E+00    0.845779786592402383E+00   -0.936599606373106752E+01   -0.747205540308627008E+02   -0.653545579671316403E+02   -0.478515351937698341E+01    1
   -0.107761019468307495E+01   -0.284450054168701172E+00    0.354796648025512695E-01    0.602025604248046964E+00   -0.108044206918975760E+00   -0.134670599661717461E+01   -0.225539600810975571E+01   -0.728248614933590943E+00    0.147692820821816917E+01   -0.954074007909728827E+01   -0.683506381569796844E+02   -0.588098980778824014E+02   -0.479515351937697876E+01    1
   -0.138741481304168701E+01   -0.188803553581237793E+00    0.100780963897705078E+00   -0.557896423339843794E+00    0.214134396659233062E+01   -0.892514278360749813E+00   -0.719576171812832177E+00   -0.118043088912486382E+01    0.397764561847680165E+00   -0.109758538361970963E+02   -0.675392461177088563E+02   -0.565633922815117600E+02   -0.480515351937698032E+01    1
    0.147472840547561646E+01    0.305675804615020752E+00   -0.174875736236572266E+00    0.536336421966552734E+00   -0.898227163864930844E+00    0.242922552696427430E+00   -0.227049977129013314E+01    0.163350604574361569E+00    0.136184566548195130E+01   -0.103403254620650760E+02   -0.668845250859102833E+02   -0.565441996238452091E+02   -0.481515351937698277E+01    1
   -0.929688870906829834E+00   -0.205445051193237305E+00   -0.134213566780090332E+00   -0.355424976348876986E+00    0.104311749150269861E+01   -0.137780841868448078E+01   -0.122883431276363786E+01   -0.244593190055866216E+00   -0.207371847455874558E+01   -0.154572880567024651E+02   -0.719729453230764733E+02   -0.565156572663740135E+02   -0.482515351937698345E+01    1
    0.149773228168487549E+01   -0.316387653350830078E+00   -0.181538224220275879E+00    0.782530212402343883E+00    0.285885143159703148E-01    0.452263781772899220E+00   -0.475284744524060221E+00   -0.130040753548769317E+01    0.530132253436479406E-01   -0.909604829947535087E+01   -0.656092597050966901E+02   -0.565132114056213339E+02   -0.483515351937698323E+01    1
    0.124820351600646973E+01    0.171566605567932129E+00   -0.848460197448730469E-01    0.348821640014648438E+00   -0.234057068993820394E+01    0.224477665570930240E+00   -0.114504195899939964E+01   -0.191804084113414319E+01    0.107078107919846865E+01   -0.109323685440665361E+02   -0.674396993642497051E+02   -0.565073308201831708E+02   -0.484515351937698480E+01    1
    0.131726950407028198E+01    0.450214505195617676E+00    0.116325974464416504E+00    0.308225822448730424E+00    0.141383695643071405E-01    0.214219426335375884E+00   -0.154700032939103926E+01   -0.286923024243492364E+01    0.266718236888095817E+01   -0.101981854631606552E+02   -0.666971786955248547E+02   -0.564989932323641924E+02   -0.485515351937698814E+01    1
   -0.118998616933822632E+01   -0.956648111343383789E+00   -0.391603112220764160E+00    0.111464118957519509E+00    0.497440705146345863E-01   -0.750039583698480783E+00   -0.181460179338159810E+01   -0.151115911287320159E+01    0.110300676180600044E+01   -0.838600605150201162E+01   -0.648591988323851183E+02   -0.564731927808831031E+02   -0.486515351937698437E+01    1
    0.848902702331542969E+00    0.653541684150695801E+00    0.306431174278259277E+00    0.170199108123779252E+00   -0.387093149039401396E+00   -0.460749314496524620E+00   -0.130950277995793818E+01   -0.185429187262229789E+01    0.451170253211332639E-01   -0.893824939352500181E+01   -0.653867432630511018E+02   -0.564484938695260965E+02   -0.487515351937698149E+01    1
   -0.146267008781433105E+01   -0.790932297706604004E+00   -0.375535726547241211E+00   -0.429992675781250000E-01   -0.899898852836713559E+00   -0.474777849484553316E+00   -0.214779571595840935E+01    0.301335623042859879E+00    0.150360044246667734E+01   -0.104085805910360083E+02   -0.668430142585150122E+02   -0.564344336674789986E+02   -0.488515351937698572E+01    1
    0.777762115001678467E+00    0.401676356792449951E+00    0.264650583267211914E+00    0.267222404479980469E+00    0.443825894050178249E+00   -0.604907964271887977E+00   -0.164012787853380138E+00   -0.293193900169740118E+01   -0.291109810370924205E-01   -0.106090045324015936E+02   -0.670405216188193123E+02   -0.564315170864177134E+02   -0.489515351937698817E+01    1
   -0.101696670055389404E+01   -0.819839537143707275E+00   -0.156664967536926270E+00    0.190070724487304665E+00    0.104816725964496982E+01    0.698911987907422372E+00   -0.791749261214817812E+00   -0.189401220010836369E+01    0.799456339121889181E+00   -0.917473023305461055E+01   -0.655611738777785575E+02   -0.563864436447239470E+02   -0.490515351937698973E+01    1
   -0.116753089427947998E+01   -0.191558897495269775E+00   -0.243174195289611816E+00   -0.485175991058349632E+00   -0.268676283720878928E+00    0.371337268396700948E+00   -0.191200924222471236E+01   -0.103518788780434079E+01    0.230218795699443035E+01   -0.906761949450055837E+01   -0.654386844712109763E+02   -0.563710649767104215E+02   -0.491515351937698775E+01    1
    0.973148167133331299E+00    0.414255023002624512E+00    0.268395781517028809E+00   -0.156320571899414285E-01    0.524650108521882430E+00    0.633582291712855294E+00   -0.945488880162201673E+00   -0.108087942272845794E+01    0.271675443864410227E+01   -0.954083089437951060E+01   -0.659111765663006679E+02   -0.563703456719211502E+02   -0.492515351937698220E+01    1
    0.917741954326629639E+00    0.923126935958862305E-01    0.104562997817993164E+00    0.525019264221191495E+00   -0.433891773692494098E+00   -0.835940488096866829E+00   -0.936102245203755734E+00   -0.255298012604839641E+01    0.633528727843213568E+00   -0.914832831495420606E+01   -0.654953655816690343E+02   -0.563470372667148212E+02   -0.493515351937698199E+01    1
    0.136631226539611816E+01    0.616245567798614502E+00    0.496030569076538086E+00   -0.264297389984130882E+00    0.595653274293681534E+00   -0.636565672538154104E+00   -0.446273302451345222E+00   -0.169218091861353059E+01   -0.184686780086167124E+00   -0.955115871981581499E+01   -0.658400682653628309E+02   -0.562889095455470141E+02   -0.494515351937698799E+01    1
   -0.115936338901519775E+01   -0.117132639884948730E+01   -0.666768908500671387E+00   -0.314095878601074241E+00   -0.277490004548667457E+01   -0.493792882137995492E+00   -0.322544427791626509E+00   -0.166992842752165416E+01    0.219779492482871319E+01   -0.126366105432410887E+02   -0.689164687678251084E+02   -0.562798582245840251E+02   -0.495515351937699045E+01    1
    0.129879570007324219E+01    0.861186146736145020E+00    0.638007164001464844E+00    0.203551959991455034E+00    0.444252620117140395E+00    0.599669437098100389E+00   -0.175564191333819486E+01    0.871064660520914913E-01    0.108913836361011840E+01   -0.968037933965122299E+01   -0.659436283722626939E+02   -0.562632490326114763E+02   -0.496515351937698846E+01    1
   -0.708382666110992432E+00    0.171545326709747314E+00   -0.103303194046020508E-01   -0.296776008605957098E+00   -0.297470644528630146E+00   -0.197358762133148957E+01   -0.367098601880229580E+01   -0.183290914140457062E+01    0.631607361821125091E+00   -0.131814961749545834E+02   -0.694251788969204426E+02   -0.562436827219658610E+02   -0.497515351937698824E+01    1
   -0.145861369371414185E+01   -0.222797334194183350E+00   -0.498082041740417480E+00   -0.204743766784667991E+00    0.178420897201476691E+00    0.367733447727687290E+00   -0.151400455393400057E+01   -0.125201230396783103E+01    0.799274023305543091E+00   -0.832152070303679103E+01   -0.645111377784828051E+02   -0.561896170754460087E+02   -0.498515351937698359E+01    1
   -0.118032878637313843E+01    0.285061776638031006E+00   -0.287618875503540039E+00   -0.205774307250976562E+00    0.136200199582390269E+00    0.204777621200946724E+00   -0.141307020012277440E+01   -0.280597870333735955E+01   -0.309916287945952496E+00   -0.103199908877867585E+02   -0.664733485304243459E+02   -0.561533576426375873E+02   -0.499515351937698426E+01    1
   -0.130680513381958008E+01    0.631880700588226318E+00   -0.489703893661499023E+00   -0.650359153747558372E-01    0.779941402939812178E+00   -0.223625247699033025E+01   -0.179590102644624272E+00   -0.129143943511621728E+01    0.913683599480921149E-01   -0.114978515385488578E+02   -0.676431528549148311E+02   -0.561453013163659662E+02   -0.500515351937698583E+01    1
    0.148418980836868286E+01    0.671623170375823975E+00    0.100954055786132812E+00   -0.701519966125487837E-01   -0.101575400887327305E+01   -0.465395232075707044E+00   -0.142547652555435866E+01   -0.277740959301013390E+01    0.171690572201555391E+01   -0.961848525192924875E+01   -0.657453780154406786E+02   -0.561268927635114281E+02   -0.501515351937698384E+01    1
   -0.143761664628982544E+01    0.605191469192504883E+00   -0.452926039695739746E+00   -0.126759243011474565E+00    0.201985479095469600E+01   -0.112029845141364603E+01   -0.897726398071654108E+00   -0.240814427711143253E+01    0.646343161287177503E+00   -0.111629428982262109E+02   -0.672859726478669984E+02   -0.561230297496407857E+02   -0.502515351937698451E+01    1
    0.129952436685562134E+01   -0.694867014884948730E+00    0.229969859123229980E+00    0.329443073272705167E+00   -0.215020480678731474E+00   -0.261584081919181644E+00   -0.167240606766085853E+01   -0.127800526378337054E+01    0.106563073867732805E+01   -0.816599860182542692E+01   -0.642847698648231329E+02   -0.561187712629977113E+02   -0.503515351937698608E+01    1
   -0.682236671447753906E+00   -0.198045372962951660E-01    0.123871564865112305E+00   -0.174551391601562522E+00    0.130228697368011126E+00   -0.740331053896169933E-01   -0.118395055873293109E+01    0.330272894656218341E+00   -0.496929549910871682E-01   -0.103241936944562998E+02   -0.664416097925224420E+02   -0.561174160980661441E+02   -0.504515351937698409E+01    1
    0.122050738334655762E+01    0.218353271484375000E-01    0.614863991737365723E+00   -0.994976043701172319E-01   -0.624914167061660919E+00    0.522598133119345221E+00   -0.296312307883113135E+01   -0.827932653102152472E+00    0.437358172838458126E+00   -0.106178613555406560E+02   -0.667344461638768394E+02   -0.561165848083361851E+02   -0.505515351937698298E+01    1
   -0.147814571857452393E+01   -0.124257802963256836E-01   -0.358467936515808105E+00   -0.142175102233886741E+00    0.927458802642604496E+00    0.205420528601507668E+00   -0.150495069909652535E+01   -0.159674814763206996E+01    0.963686876269776116E+00   -0.860325588526104035E+01   -0.647194621162413171E+02   -0.561162062309802749E+02   -0.506515351937698455E+01    1
   -0.121068620681762695E+01    0.738380134105682373E+00   -0.314646363258361816E+00   -0.203255939483642623E+00   -0.135036679841618934E+01   -0.618549585682330871E+00   -0.223669756580079593E+01   -0.668357334299116701E+00    0.296436268974161976E+01   -0.113048818982780244E+02   -0.674198078052771024E+02   -0.561149259069990833E+02   -0.507515351937697989E+01    1
    0.115128833055496216E+01   -0.458765029907226562E-02    0.445611238479614258E+00   -0.850786209106445535E-01    0.108357548554181449E+01   -0.240051691190387828E+01   -0.126163702752478435E+01   -0.109644051335294535E+01    0.132084803264774586E+01   -0.110625874298524600E+02   -0.671735242340638905E+02   -0.561109368042114269E+02   -0.508515351937698501E+01    1
    0.132581359148025513E+01   -0.814676284790039062E-02    0.429167509078979492E+00    0.211202144622802734E+00    0.135530917966548259E+01    0.811651848300699030E-01   -0.157948808943842756E+01   -0.104187197224632655E+01    0.892576064426293891E+00   -0.914947238059837176E+01   -0.652541003401100426E+02   -0.561046279595116673E+02   -0.509515351937699013E+01    1
   -0.630956232547760010E+00   -0.275866985321044922E+00   -0.372412443161010742E+00   -0.525366783142089400E-01   -0.859255780347893960E+00   -0.470586025898000970E+00   -0.103689119631667359E+01   -0.186067418412562802E+01    0.902257572782900974E+00   -0.854274656028669099E+01   -0.646293730502004138E+02   -0.560866264899137263E+02   -0.510515351937699080E+01    1
    0.142465674877166748E+01   -0.121852934360504150E+00    0.942915678024291992E-01    0.382143878936767489E+00   -0.501422979197059249E+00   -0.214065164802264007E+01   -0.235761229706326958E+01   -0.990326268150738542E+00    0.457289932681988143E+00   -0.111869427791100762E+02   -0.672732333623177681E+02   -0.560862905832076990E+02   -0.511515351937698348E+01    1
   -0.956865191459655762E+00   -0.240452885627746582E+00   -0.499351739883422852E+00   -0.111292171478271529E+00   -0.348249487834664251E+00   -0.420991137445980157E-01   -0.905211398331857486E+00    0.419859188582449860E-02    0.214333748722879136E+01   -0.941063806051788987E+01   -0.654947157520081475E+02   -0.560840776914902577E+02   -0.512515351937698238E+01    1
   -0.135915344953536987E+01    0.295311212539672852E-01   -0.628492355346679688E+00   -0.525085449218749556E-01    0.156047478956793384E+01    0.689233271647253787E+00    0.328162547509693869E-01   -0.172201327586094521E+01    0.267301474715395893E+00   -0.107551448423513349E+02   -0.668340719761555704E+02   -0.560789271338042283E+02   -0.513515351937698394E+01    1
   -0.127439475059509277E+01   -0.576093435287475586E+00   -0.742744088172912598E+00   -0.466287994384765647E+00    0.978562152046151823E+00    0.240705796991164789E+01   -0.207351623459203438E+01   -0.501112042578597539E+00    0.309663619177740657E+01   -0.143237257207454718E+02   -0.703955812284790312E+02   -0.560718555077335594E+02   -0.514515351937697751E+01    1
    0.190570771694183350E+00    0.470772385597229004E-01    0.947675704956054688E-01   -0.469587326049805132E-01   -0.996371538077482910E+00    0.296713302192301909E+00   -0.169348204301172678E+01   -0.174874834099796317E+01    0.253308116995299315E+01   -0.960205921226197390E+01   -0.656710344563676358E+02   -0.560689752441056584E+02   -0.515515351937698085E+01    1
    0.133970654010772705E+01   -0.600636720657348633E+00    0.260115981101989746E+00    0.472065448760986328E+00   -0.538564444160556377E+00   -0.900634800603938857E+00   -0.124312552360038331E+01   -0.824087365048171705E+00    0.215310230230102206E+01   -0.892492419728220909E+01   -0.649916621985262140E+02   -0.560667380012440049E+02   -0.516515351937698330E+01    1
    0.126533854007720947E+01   -0.438252389430999756E+00    0.621029615402221680E+00   -0.488018035888672097E-01    0.540126703186842860E+00    0.140887798783410290E+01   -0.198206053683520600E+01   -0.147377439291062728E+01    0.149362540107063091E+01   -0.977397328863482073E+01   -0.658327407895678505E+02   -0.560587675009330226E+02   -0.517515351937698220E+01    1
   -0.139758950471878052E+01   -0.196049809455871582E-01   -0.276598334312438965E+00   -0.598937320709228560E+00    0.194226702386686156E+00    0.921335133390357441E+00   -0.217888033486701715E+01   -0.147314325054708206E+01    0.294371536945277512E+01   -0.105645483672057416E+02   -0.666082138142103162E+02   -0.560436654470045781E+02   -0.518515351937698643E+01    1
   -0.147527772188186646E+01    0.181419968605041504E+00   -0.564185738563537598E+00    0.661501884460449219E-01    0.858425745019530950E+00    0.545505770788849986E+00   -0.195357024945565150E+01   -0.122926335152556021E+01    0.735417427939637713E+00   -0.909688782221120107E+01   -0.651387412102522205E+02   -0.560418533880410124E+02   -0.519515351937698533E+01    1
    0.111503630876541138E+01   -0.314133882522583008E+00    0.563596963882446289E+00   -0.160838127136230469E+00    0.823777928691242778E+00   -0.500356239418806581E+00   -0.283550386194406201E+01   -0.340343605529710658E+01    0.280948787624197394E+01   -0.130433766978952796E+02   -0.690643673860058840E+02   -0.560209906881106008E+02   -0.520515351937697623E+01    1
   -0.110948342084884644E+01   -0.379180133342742920E+00   -0.215155124664306641E+00    0.146416378021240190E+00    0.587305561185758052E+00   -0.296951356348245044E+00   -0.112854755890680258E+01   -0.171126508632028163E+01    0.861332624789383994E+00   -0.826561032624550229E+01   -0.642858039207479806E+02   -0.560201935945024800E+02   -0.521515351937698224E+01    1
    0.143691408634185791E+01    0.894527077674865723E+00    0.840657830238342285E+00    0.298854160308837935E+00   -0.494278053812422513E+00   -0.270358402923420671E+00   -0.922056194323203959E+00   -0.217092561763365666E-01    0.119015520800871877E+01   -0.904434047469107405E+01   -0.650261665290425555E+02   -0.559818260543514796E+02   -0.522515351937697670E+01    1
   -0.110001879930496216E+01    0.354618966579437256E+00   -0.524355530738830566E+00   -0.588688850402832031E-01   -0.150519831367205370E+01    0.334552784121342539E+00   -0.177570635217989325E+00   -0.264265446961985617E+01    0.904177271978596986E+00   -0.104986045101498711E+02   -0.664804218977524357E+02   -0.559818173876025611E+02   -0.523515351937698092E+01    1
    0.144313573837280273E+01    0.487001180648803711E+00    0.367738604545593262E+00    0.397737979888916016E+00   -0.398692328741390156E+00   -0.108186879728123131E+01   -0.344465073841319969E+00   -0.270340259983072428E+01   -0.128544612861105412E+00   -0.105599904920176169E+02   -0.665409414831242998E+02   -0.559809509911066883E+02   -0.524515351937698071E+01    1
   -0.114116442203521729E+01   -0.838410258293151855E-01   -0.453647255897521973E+00   -0.217050457000732444E+00    0.159632964404181621E+00    0.168717720945323946E+00   -0.122163476540094940E+01   -0.207662418443874230E+01    0.689861250613148735E+00   -0.843258837252406046E+01   -0.644104540811371606E+02   -0.559778657086130949E+02   -0.525515351937698583E+01    1
    0.135938197374343872E+01    0.237378001213073730E+00    0.231282114982604980E+00   -0.333824157714845970E-02   -0.872695290244109856E+00   -0.719019576253003834E+00   -0.493994683243954347E+00   -0.161456016030683713E+01   -0.163094970887982504E+01   -0.128873946056744089E+02   -0.688487318121236171E+02   -0.559613372064492012E+02   -0.526515351937698739E+01    1
   -0.148451972007751465E+01   -0.619886934757232666E+00   -0.899596810340881348E+00    0.304643630981444868E-01    0.126660719094502383E+01   -0.789326163582018125E+00   -0.128782538159725823E+01   -0.271059944636931505E+01    0.474270060643675828E+00   -0.101357826253751284E+02   -0.660595067128185178E+02   -0.559237240874433894E+02   -0.527515351937698007E+01    1
    0.101964890956878662E+01   -0.284067928791046143E+00    0.344033360481262207E+00   -0.345664024353027344E-01   -0.764760022315158494E+00   -0.304309971410248126E+00   -0.916715379452170742E+00   -0.155574118514891779E+01    0.762115547767052925E+00   -0.841284291644899440E+01   -0.643039371065634100E+02   -0.558910941901144156E+02   -0.528515351937697542E+01    1
    0.113177919387817383E+01    0.464929819107055664E+00    0.158743739128112793E+00    0.930765151977539507E-01    0.561945968189547784E+00   -0.804027287989583783E+00   -0.431924062696680044E+00   -0.222815025602244532E+01    0.141614678782957548E+01   -0.889512554837583380E+01   -0.647666270138532383E+02   -0.558715014654774009E+02   -0.529515351937697609E+01    1
    0.149372112751007080E+01    0.716021060943603516E-01    0.267349004745483398E+00    0.696484565734862837E-01    0.165917985214832697E+01   -0.149233371581544816E+01   -0.200486877474872927E+01   -0.142772386441606614E+01    0.166405388056432479E+01   -0.106715560088008203E+02   -0.665385359946288872E+02   -0.558669799858280740E+02   -0.530515351937697677E+01    1
   -0.108254760503768921E+01   -0.267411231994628906E+00   -0.144352316856384277E+00   -0.109305953979492165E+00    0.222948408369916251E+01   -0.379539267999006724E-01   -0.163206995360837914E+01   -0.422901099562977834E+00    0.207286206187859534E+01   -0.113853845124582023E+02   -0.672493482319553664E+02   -0.558639637194971570E+02   -0.531515351937698188E+01    1
   -0.124468517303466797E+01    0.361127078533172607E+00   -0.488154649734497070E+00   -0.197993373870849587E+00    0.112295371766663266E+01   -0.404418655576819164E+00   -0.115927573352223567E+01   -0.278587141854472975E+01    0.146522077283975727E+01   -0.959875692653634083E+01   -0.654495241581682734E+02   -0.558507672316319344E+02   -0.532515351937698078E+01    1
   -0.979672372341156006E+00   -0.949849605560302734E+00   -0.654534578323364258E+00   -0.327486419677734397E+00   -0.798586873319209190E+00   -0.408242044296684925E+00   -0.115901138359504108E+00    0.125620727007458299E+01    0.980623932661046860E+00   -0.123484576854482970E+02   -0.681981778108504528E+02   -0.558497201254021576E+02   -0.533515351937697613E+01    1
    0.136527460813522339E+01    0.328788399696350098E+00    0.510848164558410645E+00   -0.389849948883056685E+00    0.107087261952642621E+01   -0.100242453564760525E+00   -0.134931790272617014E+01   -0.170360096701301700E+01   -0.985640522459334312E+00   -0.111403567359882807E+02   -0.669790933027794750E+02   -0.558387365667911908E+02   -0.534515351937697680E+01    1
    0.149297976493835449E+01    0.664816975593566895E+00    0.689660310745239258E+00    0.755641269683837935E+00    0.168398504746392064E+00    0.492832092993467641E-01   -0.630786157988722840E+00   -0.100447122884474993E+01    0.496530236449644002E+00   -0.848181298226434599E+01   -0.642988422838560751E+02   -0.558170293015917309E+02   -0.535515351937698103E+01    1
    0.144730335474014282E+01    0.253470361232757568E+00    0.606175422668457031E+00    0.343714332580566495E+00   -0.767316722241275784E+00    0.676589568630561189E+00   -0.655450602039286956E-02   -0.778448624356542496E+00    0.122222010649807111E+01   -0.941666282170555391E+01   -0.652326642260305931E+02   -0.558160014043250357E+02   -0.536515351937698171E+01    1
    0.127453064918518066E+01    0.196724474430084229E+00    0.178924560546875000E+00    0.540990829467773438E-01    0.226020065002671799E+01    0.889844938054693557E+00    0.291075121866697595E+00   -0.241177623898124693E+01    0.584517386915877291E+00   -0.128123255051976361E+02   -0.686209510650487005E+02   -0.558086255598510661E+02   -0.537515351937698238E+01    1
   -0.109227436780929565E+01    0.212114632129669189E+00   -0.656015038490295410E+00    0.363046646118163618E-01    0.908585602379616830E+00   -0.156741779084200061E+01    0.177800900115699045E+00   -0.174549695503060320E+01    0.128785482346870617E+01   -0.102195084255356736E+02   -0.660170425036008908E+02   -0.557975340780652189E+02   -0.538515351937698128E+01    1
   -0.127056866884231567E+01    0.607380867004394531E-01   -0.786929965019226074E+00    0.942728996276855913E-01   -0.883685329657737384E+00   -0.419628182759197388E+00   -0.626730859672761431E+00   -0.147964711278177674E+01    0.536204356479857092E+00   -0.875961680192220271E+01   -0.645487483258731203E+02   -0.557891315239509140E+02   -0.539515351937698018E+01    1
   -0.981177985668182373E+00   -0.251913964748382568E+00   -0.431027173995971680E+00   -0.242636680603027344E+00   -0.879186587163758304E+00   -0.121535788372170828E+01   -0.300574720881172652E+01   -0.911429464546245072E+00    0.137708335531670167E+00   -0.114254414362992271E+02   -0.671752290595971004E+02   -0.557497876232978768E+02   -0.540515351937698263E+01    1
    0.138800346851348877E+01   -0.857803165912628174E+00    0.758350133895874023E+00   -0.548383712768554243E-01   -0.784924719868058673E+00    0.738219734204221822E+00   -0.266881572964052793E+01    0.268889878483378197E+00    0.202575175152674092E+01   -0.115738920582159412E+02   -0.673095828430425200E+02   -0.557356907848265735E+02   -0.541515351937698153E+01    1
    0.130434018373489380E+01   -0.637382984161376953E+00    0.816440224647521973E+00   -0.111280822753906272E+00   -0.698196696540662742E+00    0.134319182851641072E+00   -0.499351673537375751E+00   -0.190268562912137895E+01    0.216393468451883564E+01   -0.896757880223487902E+01   -0.646772840585283859E+02   -0.557097052562935104E+02   -0.542515351937697865E+01    1
    0.134216666221618652E+01    0.121518373489379883E+00    0.410666346549987793E+00   -0.239873218536376998E+00   -0.929693774850193222E+00   -0.794831636616208925E+00   -0.616013802349470785E+00   -0.177407304477242178E+01    0.190964679621970412E+01   -0.897697058420050631E+01   -0.646813909153695334E+02   -0.557044203311690254E+02   -0.543515351937697933E+01    1
   -0.113976198434829712E+01   -0.280601084232330322E+00   -0.383552312850952148E+00   -0.289435863494873047E+00    0.657061918903991682E+00   -0.191960972460378798E+01   -0.222282810958745358E+01   -0.790203526514687837E-01    0.174536419429273360E+01   -0.112824829396594968E+02   -0.669865434970328550E+02   -0.557040605573733600E+02   -0.544515351937698178E+01    1
    0.142883902788162231E+01    0.192148625850677490E+00    0.828579783439636230E+00    0.208132457733154252E+00    0.266090192155843397E-01   -0.130978416885341176E+01   -0.104149301249094584E+01   -0.999304687624089638E+00    0.229963403388637966E+00   -0.920848181516632636E+01   -0.648784028235308625E+02   -0.556699210083645397E+02   -0.545515351937698245E+01    1
    0.139263403415679932E+01    0.596117377281188965E-01    0.528233766555786133E+00   -0.310706138610839844E+00    0.124662183836221629E+01    0.310699855220946175E+00   -0.173942764473053990E+01   -0.118515409002498018E+01    0.187831266890384563E+01   -0.926086739895220568E+01   -0.649256963655006132E+02   -0.556648289665484057E+02   -0.546515351937698401E+01    1
   -0.819068133831024170E+00   -0.120895206928253174E+00   -0.227014780044555664E+00   -0.255635166168212913E+00   -0.690207857431914817E+00    0.130362965970789502E+00   -0.710581975487229789E+00    0.263005025220763855E+00    0.125922065179679543E+01   -0.969570787627190533E+01   -0.653522136507157256E+02   -0.556565057744438221E+02   -0.547515351937698025E+01    1
    0.114722281694412231E+01    0.893116593360900879E-01    0.697398185729980469E+00   -0.207468509674072266E+00   -0.181322621677963980E+00   -0.117402574005495808E+01   -0.220010891711467593E+01   -0.954168314600565282E+00    0.111480863311385314E+01   -0.916686931646616010E+01   -0.648103904115271234E+02   -0.556435210950609687E+02   -0.548515351937698004E+01    1
   -0.124804419279098511E+01   -0.760014832019805908E+00   -0.694449424743652344E+00   -0.601027870178222678E+00    0.472772804968144555E+00   -0.174363502246819735E+01   -0.156264625936387325E+01    0.791155299577894766E-01    0.727957237642158583E+00   -0.106205978228088469E+02   -0.662626548182072668E+02   -0.556420569953984199E+02   -0.549515351937697805E+01    1
    0.141315704584121704E+01    0.524699807167053223E+00    0.422726869583129883E+00   -0.515592098236083984E+00    0.111292598359455042E+01   -0.110901538110852016E+01   -0.166938502260450128E+01   -0.118886805886063485E+01    0.715121042391047235E+00   -0.933355939395170253E+01   -0.649755165521021638E+02   -0.556419571581504542E+02   -0.550515351937697694E+01    1
    0.124360352754592896E+01    0.153307199478149414E+00    0.165686130523681641E+00    0.170204162597655806E-01    0.833372678388286658E+00    0.454080940781977971E+00   -0.744898763454102442E+00    0.538270309963309046E+00    0.222203300559272066E+01   -0.108970580736058409E+02   -0.665200528901181372E+02   -0.556229948165122892E+02   -0.551515351937698295E+01    1
    0.140954822301864624E+01   -0.724931180477142334E+00    0.870686888694763184E+00   -0.334392452239990257E+00    0.267956543615355258E+00   -0.325561516830248310E+00   -0.283749467854136128E+01   -0.162724793552456504E+01    0.114109089464705016E+01   -0.952788116121217321E+01   -0.651404273107500416E+02   -0.556125461495378701E+02   -0.552515351937698185E+01    1
   -0.116430723667144775E+01    0.644212782382965088E+00   -0.742033243179321289E+00    0.112917327880859397E+00   -0.204267159497817374E+01   -0.187906503914518852E+00   -0.154392460557005484E+01   -0.516121911031177660E+00    0.659311307678081215E+00   -0.107048320709992684E+02   -0.662822824717206345E+02   -0.555774504007213608E+02   -0.553515351937698163E+01    1
   -0.144679766893386841E+01    0.108976489305496216E+01   -0.668266773223876953E+00   -0.994551658630371538E-01   -0.443654599793035231E+00    0.582884014285127705E+00   -0.126274442633189188E+01   -0.348138655676734743E+01    0.300983517846702853E+01   -0.120553354309625984E+02   -0.676301081263826802E+02   -0.555747726954200800E+02   -0.554515351937698142E+01    1
    0.104796123504638672E+01    0.628572285175323486E+00    0.585007548332214355E+00    0.490214252471923961E+00    0.495985027708911730E+00   -0.769870119848974355E+00   -0.266554981876311103E+01   -0.121748398576642103E+01    0.396206848459996985E+00   -0.985417551328238694E+01   -0.654277581724530819E+02   -0.555735826591706967E+02   -0.555515351937698032E+01    1
   -0.773362755775451660E+00    0.106408596038818359E+00   -0.505353569984436035E+00    0.607495307922363281E-01    0.422037967883852616E+00   -0.113816025306050450E+00   -0.574143473730827969E+00   -0.190940580823394157E+01    0.234214046879628768E+01   -0.890207501063813034E+01   -0.644498536627817060E+02   -0.555477786521435704E+02   -0.556515351937698544E+01    1
   -0.136682349443435669E+01   -0.315983891487121582E-01    0.409005761146545410E+00   -0.362811851501464888E+00    0.105693036972411392E+01   -0.927717405139674156E+00   -0.273597773574465242E+00   -0.312295501615949433E+01   -0.993657425711944375E+00   -0.131855762126120108E+02   -0.687065860545075395E+02   -0.555210098418955340E+02   -0.557515351937698611E+01    1
    0.128852695226669312E+01   -0.384154915809631348E+00    0.186859011650085449E+00    0.550193119049072310E+00   -0.127455346447504780E+00    0.115574077728865632E+01   -0.175087261847124842E+01   -0.163706935643972429E+01    0.213048778945790218E+01   -0.946551915890734286E+01   -0.649743279943231755E+02   -0.555088088354158344E+02   -0.558515351937698146E+01    1
    0.125763201713562012E+01    0.632710397243499756E+00   -0.753121376037597656E-01    0.277716636657714400E-01    0.738155690825124111E+00   -0.998066567539126481E+00   -0.228412433707148921E+01   -0.474926454342039506E-01    0.163224119628807807E+01   -0.102256074360637719E+02   -0.657309059473015651E+02   -0.555052985112377897E+02   -0.559515351937697680E+01    1
   -0.893408954143524170E+00   -0.193572521209716797E+00   -0.277042388916015625E-01   -0.137627029418945335E+00   -0.709040538159797507E+00    0.631969682480075789E+00   -0.565268289943787527E+00   -0.221868415539006492E+01   -0.952077871212395399E+00   -0.114819069234315361E+02   -0.669122096577513759E+02   -0.554303027343198451E+02   -0.560515351937697748E+01    1
    0.127824944257736206E+01   -0.246870517730712891E-02    0.592269778251647949E+00    0.319948387145996049E+00   -0.164399974907951218E+01    0.288095943202506588E+00    0.232248534438213250E+00   -0.800955621531329598E+00    0.276681607974637700E+01   -0.116211453573776833E+02   -0.670478219397328417E+02   -0.554266765823551637E+02   -0.561515351937697904E+01    1
   -0.122391879558563232E+01    0.430426418781280518E+00    0.228233933448791504E+00   -0.489225864410400391E+00    0.172776611274230163E+00   -0.887254838661419853E+00   -0.151725721897264298E+00   -0.224620393072996194E+01    0.218468651178341133E+01   -0.946342090246607803E+01   -0.648875038665169086E+02   -0.554240829640508252E+02   -0.562515351937698060E+01    1
    0.136042428016662598E+01   -0.311374783515930176E+00    0.657020092010498047E+00   -0.386021232604980502E+00    0.517118329320283010E+00   -0.124441749810443980E+01    0.177793467191918375E+01   -0.231210740426945449E+01    0.312578133767715372E+01   -0.149757805676781945E+02   -0.703960499672002413E+02   -0.554202693995220486E+02   -0.563515351937698039E+01    1
    0.968166768550872803E+00    0.262777805328369141E-01    0.623991727828979492E+00    0.520968437194824219E-01   -0.115700095708348272E+01    0.970720750672172117E-01   -0.273150990229737545E+01   -0.341119334754012016E+00    0.751222977791030866E+00   -0.106647170443391275E+02   -0.660828586086663279E+02   -0.554181415643272075E+02   -0.564515351937698284E+01    1
    0.131526070833206177E+01   -0.605821073055267334E+00    0.658926367759704590E+00    0.112697887420654341E+00    0.872857977020657927E+00    0.105130443910184668E-01   -0.183208217356536784E+01   -0.123721941794087797E+01    0.165658952527451242E+01   -0.870386558732865723E+01   -0.641218251867056210E+02   -0.554179595993769709E+02   -0.565515351937698085E+01    1
    0.140544480085372925E+01    0.235120654106140137E-01    0.376474261283874512E+00    0.545751094818115234E+00    0.122696868323828312E+00   -0.370170541010565957E+00   -0.822485703448591954E+00   -0.185579286846518698E+01    0.163720124671158396E+01   -0.819695073408123775E+01   -0.636104621805352082E+02   -0.554135114464539669E+02   -0.566515351937697975E+01    1
   -0.129279273748397827E+01    0.386532247066497803E+00   -0.731119036674499512E+00   -0.993215560913085493E-01    0.104625545797148334E+01   -0.126176400907183961E+01   -0.114677990569589161E+00   -0.106168597887631222E+01    0.324676501392445971E+01   -0.116006955914328422E+02   -0.669994633483138671E+02   -0.553987677568810213E+02   -0.567515351937697954E+01    1
    0.143671470880508423E+01    0.258793652057647705E+00    0.506438136100769043E+00    0.655843448638915971E+00    0.222951551583037144E+00   -0.122867785273115260E+01   -0.440482866282536412E+00   -0.324380835992201355E+01   -0.278636977262749275E+00   -0.116530150428822878E+02   -0.670478959840758648E+02   -0.553948809411935770E+02   -0.568515351937697666E+01    1
   -0.135630601644515991E+01   -0.416234850883483887E+00   -0.883410215377807617E+00   -0.207659721374511719E+00   -0.464739436789614047E+00    0.574422556315994370E+00    0.577059590706312742E+00   -0.358363148848752644E+01    0.223512471644539801E+01   -0.126367994749131736E+02   -0.680024231288932839E+02   -0.553656236539801156E+02   -0.569515351937697734E+01    1
   -0.125196629762649536E+01    0.399642527103424072E+00   -0.658200383186340332E+00   -0.129748630523681685E+00   -0.707076097904746348E+00    0.509292800162484127E+00   -0.293860887159667072E+01   -0.128519457034258267E+01    0.113731631854193460E+01   -0.101290823325178181E+02   -0.654739310668941812E+02   -0.553448487343763560E+02   -0.570515351937697890E+01    1
   -0.111674237251281738E+01   -0.966623425483703613E-01   -0.489377260208129883E+00   -0.318026828765869185E+00   -0.922306496920555219E-01   -0.118492324956264383E+01   -0.431886083416656907E+00   -0.141128582732903851E+01    0.214687960600486116E+00   -0.924458031128733992E+01   -0.645839098160839455E+02   -0.553393295047966092E+02   -0.571515351937697780E+01    1
   -0.939732134342193604E+00   -0.573851823806762695E+00   -0.245332002639770508E+00   -0.112796497344970659E+00   -0.627814402988633447E+00   -0.123534696511683251E+01   -0.194983461618676079E+00    0.707062659909070135E+00    0.796263987555221542E+00   -0.114454838675926496E+02   -0.667831791269073420E+02   -0.553376952593146925E+02   -0.572515351937697403E+01    1
    0.935342788696289062E+00    0.657976090908050537E+00    0.597228527069091797E+00    0.395602416992187456E+00    0.544421462979016724E+00   -0.309354728213975194E+00   -0.348837567179316244E+00   -0.272749816107648257E+01    0.123911297628069428E+01   -0.928899627434506669E+01   -0.646203648119428351E+02   -0.553313685375977684E+02   -0.573515351937697382E+01    1
   -0.543136775493621826E+00   -0.893320441246032715E-01   -0.184489369392395020E+00   -0.293669986724853560E+00    0.787588640321246203E-01    0.173982922887375935E+01   -0.227634784339102225E+01   -0.176521747494348347E+01    0.147049707053952283E+01   -0.105724891741862095E+02   -0.658077902848232839E+02   -0.552353011106370815E+02   -0.574515351937697805E+01    1
   -0.722606599330902100E+00    0.281221568584442139E+00    0.151035428047180176E+00   -0.307678222656250000E+00    0.168604989236769143E+01   -0.159941459416245380E+01   -0.111868177546625680E+01   -0.160452310403456977E+01    0.499709583422145664E+00   -0.106969210366089307E+02   -0.659175677937541735E+02   -0.552206467571452464E+02   -0.575515351937698227E+01    1
   -0.120069444179534912E+01   -0.160026133060455322E+00   -0.101801276206970215E+00    0.101707458496094194E-01    0.692973145635278343E-01    0.304856805308872991E+00   -0.201495895710991135E+01   -0.146710548057512824E+01    0.265918639326514494E+01   -0.945914885664752347E+01   -0.646650740088715565E+02   -0.552059251522240260E+02   -0.576515351937698384E+01    1
   -0.131599813699722290E+01   -0.414003252983093262E+00   -0.600657463073730469E-01   -0.817545890808105691E-01   -0.835979991337580941E+00    0.181164814572412125E+00    0.548574309738114829E+00   -0.166730538287879426E+01    0.189054034883497502E+01   -0.997793936799797443E+01   -0.651751825119410313E+02   -0.551972431439430551E+02   -0.577515351937697918E+01    1
   -0.139747470617294312E+01   -0.725264847278594971E+00    0.407311797142028809E+00    0.177416896820068337E+00    0.769135166405021664E+00    0.609749805329329320E+00   -0.229775925687249583E+01   -0.756397120654810351E+00    0.642201924409846692E+00   -0.966642521912930164E+01   -0.648630838561790881E+02   -0.551966586370497865E+02   -0.578515351937698075E+01    1
   -0.124931716918945312E+01   -0.836754620075225830E+00   -0.311794161796569824E+00   -0.114804172515869163E+00   -0.774172295556354584E+00   -0.785590022024962309E+00   -0.466957419340587654E+00   -0.378552651420591246E+01   -0.267707225754065581E+00   -0.126758586000783691E+02   -0.678595980902511968E+02   -0.551837394901728260E+02   -0.579515351937698409E+01    1
    0.147785514593124390E+01   -0.278408825397491455E+00    0.877802968025207520E+00    0.134864044189453081E+00    0.190309839168776307E+00   -0.130088459297894032E-01   -0.125335915203095061E+00   -0.746406116787738938E+00    0.886113141492615108E+00   -0.875388232309272674E+01   -0.639193146359112561E+02   -0.551654323128185311E+02   -0.580515351937698565E+01    1
   -0.975139081478118896E+00   -0.589293837547302246E-01   -0.613637924194335938E+00   -0.149906921386718794E+00   -0.108378405030975955E+01   -0.171264371580605257E+01   -0.129625422520007283E+01   -0.256628556230111826E+01    0.799155801124698195E+00   -0.105268324045179895E+02   -0.656364695220908914E+02   -0.551096371175728947E+02   -0.581515351937698366E+01    1
    0.128393357992172241E+01    0.589164376258850098E+00   -0.239790678024291992E-01   -0.310206222534179732E+00   -0.122379300374518607E+01    0.161124522346767662E+01   -0.119255089546300019E+01   -0.235537247151455631E+01   -0.540646024104489475E+00   -0.124044164512418611E+02   -0.674894920382564010E+02   -0.550850755870145434E+02   -0.582515351937698256E+01    1
   -0.902928829193115234E+00    0.256193697452545166E+00   -0.568462610244750977E+00   -0.763249397277832031E-01   -0.641287550530478256E+00   -0.351020294430099911E+00   -0.316322871580382525E+01   -0.251766976350950245E+01    0.135616430532650178E+01   -0.109170681287626667E+02   -0.659636448693207313E+02   -0.550465767405580664E+02   -0.583515351937698412E+01    1
    0.589258790016174316E+00   -0.121170043945312500E+00    0.250494956970214844E+00   -0.161095142364501953E+00    0.449790786694848066E-01    0.850698204206992159E+00   -0.224960507076729987E+00   -0.633053595569208483E+00    0.168145204439724916E+00   -0.977145255928031808E+01   -0.647867822684982713E+02   -0.550153297092179514E+02   -0.584515351937698391E+01    1
   -0.101802724599838257E+01   -0.814191699028015137E-01   -0.580698490142822266E+00   -0.236114120483398415E+00    0.278503723003495907E+00   -0.303446029341785051E+00   -0.535920553460300431E+00   -0.107454690934559949E+01    0.153898590219455422E+01   -0.825470808467765593E+01   -0.632289862369865574E+02   -0.549742781523089050E+02   -0.585515351937697837E+01    1
   -0.847030520439147949E+00    0.221459269523620605E-01   -0.197891950607299805E+00    0.124063396453857444E+00   -0.828833674166844503E+00   -0.125729247791355192E+01   -0.374797761929812401E+00   -0.443991894968576162E+00    0.277612175051558552E+01   -0.107416657978513257E+02   -0.656746046268761461E+02   -0.549329388290248204E+02   -0.586515351937697371E+01    1
   -0.918687701225280762E+00   -0.422294855117797852E+00   -0.987285375595092773E-01    0.352185535430908248E+00    0.111913383792966670E+01   -0.271318626709330601E+01   -0.399524622636135751E+00   -0.117216770037089191E+01    0.689649371003042910E+00   -0.122297094135084592E+02   -0.671621043670993174E+02   -0.549323949535908582E+02   -0.587515351937697705E+01    1
   -0.129692065715789795E+01   -0.111896359920501709E+01   -0.335784316062927246E+00   -0.431195259094238059E-01   -0.632036959370907425E-01   -0.150557427567719004E+00   -0.128916439377348957E+01   -0.901756356660143865E+00    0.208038861968930178E+01   -0.842735118844145603E+01   -0.633497621498422205E+02   -0.549224109614007645E+02   -0.588515351937697684E+01    1
   -0.143109494447708130E+01   -0.115834522247314453E+01   -0.671386718750000000E+00   -0.299013042449951194E+00    0.260524341507561985E+00    0.974113407551163712E-02   -0.671962941634091981E+00   -0.485376025468326588E+01    0.286461879551325405E+00   -0.145631120382361896E+02   -0.694848177884358620E+02   -0.549217057501996777E+02   -0.589515351937697751E+01    1
   -0.624920189380645752E+00    0.486703455448150635E+00   -0.399209976196289062E+00    0.729167938232422319E-01   -0.660284873246155257E+00    0.769556197720930868E+00   -0.677386407854782879E+00   -0.263675941022142979E+01    0.693176399134927346E+00   -0.965258476451410630E+01   -0.645658746687829677E+02   -0.549132899042688649E+02   -0.590515351937697286E+01    1
    0.109494566917419434E+01   -0.784132897853851318E+00    0.673721194267272949E+00   -0.810432434082031250E-01    0.795674423090986238E-01   -0.148111370449782953E+01   -0.101912380208773334E+01   -0.103678116322384994E+01    0.130696888769193742E+01   -0.887225018753865591E+01   -0.637442566083027913E+02   -0.548720064207641371E+02   -0.591515351937697531E+01    1
    0.130325281620025635E+01    0.462108314037322998E+00   -0.718355178833007812E-01   -0.111675643920898460E+00   -0.190930420118661459E+01   -0.775538933731922953E+00   -0.229167376716077120E+00   -0.912623137884338576E+00    0.110930917956352482E+01   -0.104706227009911021E+02   -0.653260345022730604E+02   -0.548554118012819600E+02   -0.592515351937697687E+01    1
   -0.149064946174621582E+01   -0.832379221916198730E+00    0.358695745468139648E+00    0.308688449859619185E+00   -0.532521564593935182E-01   -0.529733116164834428E+00    0.404263466438124164E+00   -0.476247604411810244E+00    0.153480264463041971E+00   -0.102032798289151430E+02   -0.650489658742824304E+02   -0.548456860453672874E+02   -0.593515351937697400E+01    1
    0.129788964986801147E+01   -0.609626770019531250E+00    0.543464064598083496E+00   -0.191898822784423828E+00   -0.197815065971894910E+01   -0.635247909943927880E+00    0.751813219995938420E+00   -0.723320015151784901E-01    0.130627540406180764E+01   -0.126232285511295892E+02   -0.674655623601197618E+02   -0.548423338089901762E+02   -0.594515351937698000E+01    1
   -0.137708973884582520E+01    0.539420664310455322E+00    0.470270752906799316E+00   -0.697332191467285201E+00    0.185954142581863380E+01   -0.965420542084984845E+00   -0.615676708147247842E+00   -0.447650487798227914E+00    0.701653899005805437E+00   -0.107209642462496113E+02   -0.655261832664297117E+02   -0.548052190201800968E+02   -0.595515351937698156E+01    1
   -0.806013643741607666E+00    0.600553750991821289E-01   -0.346967697143554688E+00    0.301631546020507901E+00    0.189015922168209727E+00    0.205835106661425071E+00   -0.125399738954342843E+01   -0.161517705698429381E+01    0.159650795800757828E+01   -0.813700613804754092E+01   -0.629311477303024276E+02   -0.547941415922548885E+02   -0.596515351937697336E+01    1
   -0.130792516242385126E+01   -0.169000829760586058E+00   -0.829909126060152547E+00   -0.269291695119501240E+00    0.691314498188830839E+00   -0.833272474147861431E+00   -0.723528085601401250E+00   -0.203764206220853339E+01    0.138257056844736348E+01   -0.869454023095846118E+01   -0.634194333953759326E+02   -0.547248931644174732E+02   -0.597515351937696959E+01    1
    0.921328425407409668E+00    0.411793649196624756E+00    0.538847088813781738E+00    0.337165832519531250E+00    0.622621190071868114E+00   -0.946204980067477663E+00   -0.256502395436086772E+01   -0.117783181243225954E+01    0.334395073544669685E+01   -0.116845109221963099E+02   -0.664011753290540980E+02   -0.547166644068577952E+02   -0.598515351937697559E+01    1
   -0.110711059724877003E+01   -0.627892627492479649E+00    0.185452535144210229E+00    0.311017192293617351E+00    0.136661300478067460E+01   -0.777190036501446135E-02   -0.148312858720714735E+01   -0.290105189720520684E+01    0.156630574351197560E+01   -0.101526873183775042E+02   -0.648641268740998811E+02   -0.547114395557223716E+02   -0.599515351937697627E+01    1
    0.991059267409070799E+00    0.538201638288959838E-01    0.632131695239851465E+00    0.174183304508285230E+00   -0.165527636003162115E+00   -0.610513801115075694E+00   -0.168702180494506115E+01   -0.194678342779752711E-01    0.130454270051473054E+01   -0.917401058889368848E+01   -0.638579334985866041E+02   -0.546839229096929174E+02   -0.600515351937697517E+01    1
    0.992360651493072510E+00   -0.752054572105407715E+00    0.630367875099182129E+00   -0.959664344787597434E-01   -0.129953815674639372E+01   -0.598511045598115188E-01   -0.689079896197881459E+00   -0.210452999048129641E+00    0.122785191232424262E+00   -0.102489948114996405E+02   -0.649265035355341382E+02   -0.546775087240344959E+02   -0.601515351937697851E+01    1
   -0.146937721967697144E+01   -0.457258164882659912E+00   -0.607860088348388672E-02   -0.144562149047851585E+00   -0.336817018163628745E+00    0.905963931089672769E+00   -0.897021463312057454E+00   -0.127742391227798180E+01    0.151235865833996508E+00   -0.925206198896956877E+01   -0.639216920004148363E+02   -0.546696300114452711E+02   -0.602515351937697829E+01    1
    0.715672731399536133E+00    0.296498537063598633E+00    0.755262374877929688E-01   -0.267457771301269576E+00   -0.776885814385650519E+00    0.559462936943191380E+00   -0.179733751857952462E+01   -0.253671856645610205E+01    0.187392720964339810E+01   -0.960405828616910284E+01   -0.642068939334292708E+02   -0.546028356472601644E+02   -0.603515351937697453E+01    1
    0.149534153938293457E+01   -0.771546363830566406E-01    0.536468863487243652E+00   -0.497696304321289085E+00   -0.187470356835888197E+01   -0.143892455409627473E+01   -0.207212310813588374E+01   -0.388684359130593293E+00    0.218787040849178993E+01   -0.118982313174146910E+02   -0.664954799475511038E+02   -0.545972486301364199E+02   -0.604515351937697520E+01    1
   -0.128327536582946777E+01   -0.297327339649200439E+00   -0.351305842399597168E+00    0.509378910064697266E+00   -0.465539788626756490E-01    0.367978876766983432E+00    0.289977153818201661E-01   -0.104552378087532816E+01    0.180644103749159535E+01   -0.896284302360961327E+01   -0.635523650496010504E+02   -0.545895220259914353E+02   -0.605515351937697410E+01    1
   -0.872650099136862312E+00   -0.175126840422479280E-01   -0.595059263237216363E+00   -0.138982617877509984E-01   -0.758512188075428639E+00   -0.232418884614844445E+00   -0.146424781010296079E+01    0.155090144072573821E+00    0.134114979228456854E+01   -0.951079377220447597E+01   -0.640786226028531729E+02   -0.545678288306487005E+02   -0.606515351937697478E+01    1
   -0.963438164732828728E+00    0.331961998817666526E+00    0.123507244132641913E+00   -0.307646333743126943E+00   -0.750626274782462133E-01   -0.138197925161307467E+01   -0.205223069522276091E+01   -0.403823529978808438E+00    0.270572556870888548E+01   -0.106517191748002524E+02   -0.652041430690267276E+02   -0.545524238942264716E+02   -0.607515351937697723E+01    1
    0.848179221153259277E+00   -0.212139666080474854E+00   -0.291628956794738770E+00    0.372555828094482511E+00    0.104816156638321445E+01    0.372281087928740873E+00   -0.129776134394091947E+01   -0.173959488297100506E+01    0.126885786496018249E+01   -0.873415530847458044E+01   -0.632779072752979488E+02   -0.545437519668233648E+02   -0.608515351937697790E+01    1
   -0.127421271800994873E+01   -0.648812055587768555E-01    0.499246120452880859E-01   -0.205257987976074197E+00    0.101855202494220975E+01    0.679633234382208684E+00   -0.862821785998448609E+00   -0.166890187537660495E+01    0.182765941752336425E+01   -0.907018793262644607E+01   -0.636021964313700678E+02   -0.545320084987436218E+02   -0.609515351937697769E+01    1
    0.130506688356399536E+01   -0.595701456069946289E+00    0.437384963035583496E+00   -0.102665519714355447E+00    0.896584332652992089E+00   -0.316334599835954022E-01    0.279400989389842147E+00   -0.142096238953740794E+01    0.544391850534111876E+00   -0.959304611778809146E+01   -0.640595615162057470E+02   -0.544665153984176627E+02   -0.610515351937697481E+01    1
    0.142829114198684692E+01   -0.610953390598297119E+00    0.883591651916503906E+00    0.892673492431640403E-01    0.685971962160465409E+00    0.745795119272543161E+00   -0.234678545967312857E+01   -0.203237356010845360E+01    0.185991552487735157E+01   -0.976442384138913155E+01   -0.642051645746344946E+02   -0.544407407332453559E+02   -0.611515351937697282E+01    1
   -0.134592687708009939E+01   -0.539538332726044123E+00   -0.115488014609849143E-01    0.367893100243715576E+00    0.156832343963628773E+01   -0.394019582021201076E+00   -0.129875115089930637E+01   -0.177670777345269926E+01    0.109740279169159316E+01   -0.931198277291308507E+01   -0.637118991289200807E+02   -0.543999163560069974E+02   -0.612515351937697528E+01    1
    0.876092076301574707E+00   -0.331529974937438965E-01    0.271396994590759277E+00   -0.249406433105468728E+00   -0.316694899935328067E+00    0.263906220618537746E-01   -0.165221565708975482E+01   -0.729597826244798853E+00    0.129609969037460382E+01   -0.839528236940667583E+01   -0.627842531998591653E+02   -0.543889708304524930E+02   -0.613515351937697417E+01    1
    0.140782407288359845E+01   -0.311139334948803636E+00    0.412614422365412681E+00    0.543932606387614426E+00   -0.109218831032080743E+01   -0.608605388991918517E+00   -0.175296748693995119E+01   -0.742139131094745608E+00    0.369440923353750117E+00   -0.946345769187285946E+01   -0.638298159962941440E+02   -0.543663583044212828E+02   -0.614515351937697485E+01    1
   -0.121915912628173828E+01   -0.307932436466217041E+00   -0.533015251159667969E+00   -0.480484294891357466E+00    0.628111923489313995E+00   -0.325546570230699162E+00   -0.312058212634497067E+01   -0.119754313980934057E+01    0.145431421032640196E+01   -0.102211105073584569E+02   -0.645872956678293804E+02   -0.543661851604709199E+02   -0.615515351937697819E+01    1
    0.147808887402409272E+01   -0.626294842920454009E-01    0.540077509944016709E+00   -0.525155001260324772E+00   -0.614668933735629253E-02    0.441729038891481296E-01   -0.598455733157834180E+00   -0.629816853175952929E+00    0.102464986348081788E+01   -0.843261236917969725E+01   -0.627968090777733607E+02   -0.543641967085936599E+02   -0.616515351937697620E+01    1
   -0.146923978170815972E+01   -0.309388621525568119E+00    0.735030752481209193E+00    0.253072501331003119E-01    0.119669304120861852E+00   -0.132048115554766810E+01   -0.105321580228860490E+01   -0.704582845261256807E+00    0.143065076999505458E+01   -0.886480583157026381E+01   -0.632045379828216625E+02   -0.543397321512513969E+02   -0.617515351937697776E+01    1
   -0.123161101341247559E+01   -0.686853647232055664E+00   -0.781533718109130859E+00   -0.407366275787353516E+00    0.497841610956584191E-01    0.661259290524185417E+00    0.350776404764021610E-01   -0.102870671321966256E+01    0.255028428057471501E+01   -0.985937078919920040E+01   -0.641973420228092664E+02   -0.543379712336100695E+02   -0.618515351937698288E+01    1
    0.111080968379974365E+01    0.353620469570159912E+00    0.517181992530822754E+00    0.435790157318115323E+00   -0.494510227656519419E-01    0.132483879821734263E+01   -0.384939824005982700E+01   -0.184487351396796839E+01    0.148934323504249755E+01   -0.129682739099338011E+02   -0.672405890439452776E+02   -0.542723151340114782E+02   -0.619515351937698000E+01    1
    0.143054491281509399E+01    0.452063083648681641E-01    0.641399264335632324E+00    0.507175350189209118E+00   -0.139700386664458165E+01   -0.933114220355264479E+00   -0.112853769686466854E+01   -0.139701302173193653E+01    0.226525483724003607E+01   -0.971384309422021808E+01   -0.639476398845760770E+02   -0.542337967903558607E+02   -0.620515351937697535E+01    1
   -0.140446058673394258E+01    0.188003182809876268E+00   -0.658323814043541011E+00    0.623135493137190188E+00    0.925113707352238634E+00   -0.162070032876840742E+01   -0.560639587130253636E+00   -0.300707802444435401E+01    0.220620593546527966E+00   -0.114147131598060447E+02   -0.656439293678094913E+02   -0.542292162080034501E+02   -0.621515351937697247E+01    1
   -0.941547335062265178E+00   -0.343699866357075612E+00    0.772589067498918869E-01   -0.494946609403018600E-01    0.367209626714384285E+00   -0.475931386484944541E+00    0.146383852992358010E+00    0.406735370924025119E+00    0.146784718793355773E+01   -0.104986291469565725E+02   -0.647252882801550129E+02   -0.542266591331984458E+02   -0.622515351937697314E+01    1
   -0.138935397007277017E+01    0.542493779430850420E+00   -0.127451238072528894E+00   -0.180283930586680907E+00   -0.115999306757998966E+01   -0.210694126420776173E+00   -0.138330926513276586E+01   -0.388024024538253798E+00    0.119487952277381759E+01   -0.917480712777239305E+01   -0.633437879242659676E+02   -0.541689807964935710E+02   -0.623515351937697559E+01    1
   -0.124846213172250620E+01    0.367537551430181075E+00   -0.612691182392114730E+00    0.460286458038106749E+00   -0.848644447056585705E+00   -0.646693095189903033E+00   -0.209089072887650218E+01   -0.200137071678113898E+01    0.229365054885761310E+01   -0.961727731146721609E+01   -0.637793471500701514E+02   -0.541620698386029318E+02   -0.624515351937698071E+01    1
   -0.127006339380503563E+01    0.237543868945711001E+00   -0.383530100290835452E+00    0.279609224946980151E+00   -0.132380641142276545E+01   -0.168595881243959411E+01   -0.203999254312407174E+01   -0.163104083910525333E+01   -0.181770298775061345E-01   -0.112470211433685243E+02   -0.653738210984661094E+02   -0.541267999550975816E+02   -0.625515351937697694E+01    1
   -0.101645207405090332E+01   -0.937317430973052979E+00   -0.468896746635437012E+00   -0.155733489990234397E+00    0.208048158514543502E+01   -0.348943926849187291E-01    0.115658265689262629E+00   -0.123001631004285628E+01    0.198824068815270061E+01   -0.111559092582491672E+02   -0.652814853908845123E+02   -0.541255761326353522E+02   -0.626515351937697407E+01    1
   -0.149314820766448975E+01   -0.641644120216369629E+00    0.124005794525146484E+00    0.365976619720459029E+00    0.450236983723470985E+00   -0.114894579031556532E+01   -0.256037230504943869E+00   -0.898124558021891062E+00    0.155029198051693151E+01   -0.905334733592509977E+01   -0.631610381749593017E+02   -0.541076908390341984E+02   -0.627515351937697385E+01    1
    0.140572947263717651E+01   -0.502712130546569824E+00    0.649174213409423828E+00    0.345301437377929732E+00    0.105441564400166499E+01   -0.532133348948491403E+00   -0.157989563548767342E+01    0.433505575108483754E-01    0.177897191135684829E+01   -0.984922074297072747E+01   -0.639445796268604170E+02   -0.540953588838896877E+02   -0.628515351937697986E+01    1
    0.148395252227783203E+01   -0.163097798824310303E+00    0.425898790359497070E+00    0.672805500030517534E+00   -0.691448538179884054E-01    0.893887117794065489E+00   -0.183493169789585386E+01   -0.146363897975220425E+01    0.305042281914893687E+00   -0.926072628507609075E+01   -0.633461900890598457E+02   -0.540854638039837567E+02   -0.629515351937697432E+01    1
    0.139703696966171265E+01   -0.662282109260559082E-01    0.590007424354553223E+00    0.499881649017334118E+00    0.242616793900651828E-01   -0.124602545229095085E+01   -0.102679027496605846E+00   -0.541423825899300937E+00    0.150263543193091231E+01   -0.942207970746860823E+01   -0.634886135628202624E+02   -0.540665338553516506E+02   -0.630515351937697766E+01    1
   -0.135496304373315191E+01    0.145596051360719070E-01    0.400221349938897353E+00   -0.272214832234287107E+00   -0.848485554286071419E-01    0.403318909321797092E+00   -0.344097315583098862E+01   -0.177650954832984098E+01    0.293763255743783702E+01   -0.123174230363490871E+02   -0.663826156133801106E+02   -0.540651925770310271E+02   -0.631515351937697567E+01    1
   -0.110843582339354985E+01   -0.991438209556689820E-01   -0.105407848560466255E+00    0.119615566008993590E+00    0.134198921378470004E+01    0.630347815628056196E+00   -0.172164781721562554E+01   -0.188712493768321110E+01    0.187841847539743889E+01   -0.968066785353421899E+01   -0.637210416504209007E+02   -0.540403737968866835E+02   -0.632515351937697190E+01    1
    0.132078552246093750E+01   -0.806840658187866211E-01   -0.414467811584472656E+00    0.333814620971679688E+00    0.631107880793706499E+00   -0.449434715470715618E+00   -0.522300594515172412E+00   -0.191366243715833662E+01    0.378996760718678161E+01   -0.116848751163074205E+02   -0.656805377496256853E+02   -0.539956626333182612E+02   -0.633515351937697790E+01    1
    0.137789863200774265E+01   -0.329154664873003711E-01    0.273740045153495037E+00   -0.241712560780911967E+00    0.586511086468135545E+00    0.426585709082019149E+00   -0.766853393346309309E+00   -0.900378725101518285E+00    0.335373708909514789E+01   -0.106739556108544171E+02   -0.646349757383718639E+02   -0.539610201275174504E+02   -0.634515351937697858E+01    1
    0.130254256725311279E+01    0.119444435834884644E+01    0.677525401115417480E+00    0.240318775177001953E+00   -0.382549798692934928E+00    0.160461749824548860E+01   -0.233269397689014113E+01   -0.172315300816421768E+01    0.155354907008927534E+01   -0.104651164344684044E+02   -0.643525951089731763E+02   -0.538874786745047771E+02   -0.635515351937697659E+01    1
   -0.139887356758117676E+01    0.903506755828857422E+00   -0.659675598144531250E+00    0.171859264373779297E+00   -0.326785677092402693E+00   -0.162416982307263424E+01   -0.282316227797991592E+00   -0.165654217934957160E+01    0.190971759726721779E+01   -0.963409334111400284E+01   -0.635070442398415267E+02   -0.538729508987275238E+02   -0.636515351937697371E+01    1
    0.105681391942629643E+01    0.182866260334126673E+00   -0.394504763115588464E+00    0.113288921214069638E+00   -0.160689741565988697E+01   -0.955940780912669652E+00   -0.173196356644325511E+01   -0.120989158818815667E+01    0.178318351337907210E+01   -0.989090181034822002E+01   -0.636693759507215162E+02   -0.537784741403732980E+02   -0.637515351937697350E+01    1
   -0.902194797992706299E+00   -0.130482852458953857E+00   -0.167174816131591797E+00    0.270179939270019487E+00   -0.300016013928825487E+00   -0.464969456050994212E+00   -0.200316349790114145E+01   -0.970511162105367475E+00    0.702658413664494441E+00   -0.868717063723119765E+01   -0.624504674355408937E+02   -0.537632967983096961E+02   -0.638515351937697861E+01    1
   -0.332350552082061768E+00    0.181468427181243896E+00   -0.468420982360839844E-01   -0.324999809265136275E-01   -0.410360272951493243E-01   -0.173429207592221246E+01   -0.828190859173218774E+00   -0.227721828997914599E+01    0.430444605293587523E+00   -0.993907079259800952E+01   -0.636708252602191251E+02   -0.537317544676211156E+02   -0.639515351937698195E+01    1
    0.142966943979263306E+01   -0.223812460899353027E+00   -0.917695760726928711E-01    0.270557117462158159E+00    0.894468823722718298E+00   -0.158036172908282424E+01   -0.125000513212967213E+01   -0.183089067836931463E+01   -0.160625293839302463E+00   -0.104549152355280821E+02   -0.641813566230143948E+02   -0.537264413874863180E+02   -0.640515351937697730E+01    1
   -0.134924089908599854E+01   -0.390217423439025879E+00    0.628057718276977539E-01    0.203861236572265625E+00   -0.868190559543791096E+00   -0.134427574048800125E+01   -0.552979405034647931E+00   -0.215136577828047848E+01    0.662631397118502941E+00   -0.963085375513597342E+01   -0.633257206099828736E+02   -0.536948668548469001E+02   -0.641515351937697620E+01    1
   -0.132507419586181641E+01    0.180291295051574707E+00   -0.415751934051513672E-01   -0.108984661102294877E+00    0.514477307457354982E+00    0.422018121058727103E+00   -0.199522672794159894E+01   -0.943091159043660809E+00    0.804488324914700792E+00   -0.886888493208830475E+01   -0.625300445617917831E+02   -0.536611596297034765E+02   -0.642515351937697776E+01    1
   -0.965022146701812744E+00   -0.156548917293548584E+00   -0.139991044998168945E-01    0.851198196411132590E-01    0.895466062833065735E+00    0.439150589626251586E+00    0.744279712938578308E+00   -0.344613639178419362E+01    0.353335631614640988E+01   -0.149434667493470954E+02   -0.685914332179164319E+02   -0.536479664685693294E+02   -0.643515351937697222E+01    1
   -0.870640664840218070E+00    0.119819656726008805E+00   -0.158721082223378773E+00    0.106530917355570742E+00   -0.120780111368503640E+00   -0.159038419113016971E+01   -0.134521896313458433E+01   -0.588495243697479964E+00    0.106519729782917261E+01   -0.932809189126878913E+01   -0.628792333844899858E+02   -0.535511414932211949E+02   -0.644515351937697556E+01    1
   -0.147436682377568928E+01    0.525267389998167022E+00    0.817871174880080432E-02   -0.280721369407535226E+00    0.275194256151962691E+00   -0.864007813362377419E+00   -0.176542898881393717E+01   -0.145289058336970811E+01    0.202012682877352745E+01   -0.872745985248174172E+01   -0.622619854338794454E+02   -0.535345255813977019E+02   -0.645515351937697535E+01    1
   -0.892280280590057373E+00    0.188303768634796143E+00   -0.135202527046203613E+00    0.395953178405761275E-01   -0.101002697025478483E+00   -0.106659163319250183E+01   -0.113404759999298199E+01   -0.126840707950691467E+01    0.103108193094385792E+00   -0.903530192890102590E+01   -0.625575918645892273E+02   -0.535222899356881996E+02   -0.646515351937697513E+01    1
    0.896660143936474086E+00    0.104702384261147863E+00   -0.206377111824168180E+00    0.947182614211730112E-01   -0.580972184442316575E+00    0.126021213157059719E+01   -0.105091776798758452E+01   -0.104151919501077828E+01    0.286228859464472629E+00   -0.970529328456941975E+01   -0.632064223314428872E+02   -0.535011290468734657E+02   -0.647515351937697048E+01    1
   -0.867382613420873527E+00   -0.190483815519415289E+00    0.247487393789875831E-01    0.424303041271804515E+00    0.407067650013459570E+00   -0.926633809626759009E-02   -0.130079263355923991E+01   -0.209757467982058188E+01    0.107185038950433431E+01   -0.833602472538736095E+01   -0.617619703237413873E+02   -0.534259455983540263E+02   -0.648515351937697559E+01    1
    0.144640338420867920E+01   -0.255424439907073975E+00    0.471376419067382812E+00   -0.426044750213623091E+00   -0.141178920346760606E+01   -0.409030917641075520E+00   -0.142118063890279678E+01   -0.317014417349810174E+00    0.105882911543290015E+01   -0.962803637058850725E+01   -0.630178738328695118E+02   -0.533898374622810081E+02   -0.649515351937697538E+01    1
   -0.104701505789429894E+01   -0.233487118461248144E+00   -0.205867731175845337E+00    0.424699421169292490E+00    0.112688149433438412E+01   -0.777907521463703233E+00   -0.118628638767518146E+01   -0.311696112143977189E+01    0.537495927812872143E-01   -0.109868954519058324E+02   -0.643396316507094781E+02   -0.533527361988036404E+02   -0.650515351937697694E+01    1
   -0.124047147822409665E+01   -0.510756542328497876E+00   -0.444687436834870775E-01    0.503759266435999775E+00   -0.954103091852402940E+00    0.569297054368007593E+00    0.560838356374233848E+00   -0.621447776164814059E+00    0.160865659773776337E+01   -0.104454876198261584E+02   -0.636929835133842346E+02   -0.532474958935580744E+02   -0.651515351937697318E+01    1
   -0.144714996910564930E+01   -0.695467516018523302E+00    0.377189104992202706E+00    0.275296486615020042E+00   -0.619147139593678730E-01   -0.643931070889038892E+00   -0.857909793654698438E+00   -0.216803899940373412E+01    0.153809015437332186E+01   -0.843169437701270752E+01   -0.616774281355825309E+02   -0.532457337585698269E+02   -0.652515351937697652E+01    1
   -0.138968001932958707E+01   -0.450829728787798700E+00   -0.181078670447455292E+00    0.595238314100571042E+00   -0.100304421790383458E+01    0.146080078769728117E+00   -0.896630871067145341E+00   -0.283598446138739746E+00    0.792970519804612417E+00   -0.926308192847746348E+01   -0.624912113137843406E+02   -0.532281293853068789E+02   -0.653515351937697631E+01    1
   -0.131235462427139282E+01   -0.546616673469543457E+00    0.861761569976806641E-01    0.401271533966064409E+00    0.546862771976748263E+00    0.710142218497367694E-01   -0.164124843602053239E+01   -0.578717604740859315E+00    0.351385240002514365E+01   -0.111389910863740091E+02   -0.642985394350843649E+02   -0.531595483487103593E+02   -0.654515351937697609E+01    1
   -0.108255335765523597E+01   -0.273626650901901414E-01   -0.355080780922051309E+00    0.483509152679432619E+00    0.437776600904271618E-01    0.799936950523942869E+00   -0.472708492126230118E+00   -0.133471504790691142E+01    0.115584132198478096E+01   -0.864768864477270505E+01   -0.617867006115070936E+02   -0.531390119667343868E+02   -0.655515351937696966E+01    1
   -0.892544862855667143E+00    0.137525274946982190E+00    0.293344787075977775E+00   -0.277995506848654039E+00    0.496070463485693836E+00    0.104633811476901428E+01   -0.156113209453565083E+01   -0.158399731257418352E+01    0.950375893656883131E+00   -0.900010318927827413E+01   -0.621120681493068361E+02   -0.531119649600285584E+02   -0.656515351937697567E+01    1
    0.136972635984420776E+01   -0.369290471076965332E+00    0.419828295707702637E+00   -0.294916915893554732E+00    0.244126830824598073E+00   -0.105564090735015215E+00   -0.830508985598041871E-01   -0.823294392642992534E+00    0.124996494315951190E+01   -0.867825972198892437E+01   -0.617360006859348118E+02   -0.530577409639458892E+02   -0.657515351937698256E+01    1
   -0.123198357998891650E+01    0.408392850352924608E+00    0.156476342477319230E+00   -0.308427007916329488E+00   -0.978213961582241609E-01    0.138720650511118038E+01   -0.248504446761898867E+00   -0.309307578908033065E+01    0.348780892313357072E+01   -0.134724446486838438E+02   -0.664753007308296873E+02   -0.530028560821458399E+02   -0.658515351937698501E+01    1
    0.106719987846904285E+01    0.193197594161937269E+00   -0.336504757342507510E+00    0.428424269408391734E-01   -0.108288537933162843E+01   -0.240802985993127550E+01   -0.648319240054888501E+00   -0.251959639491701637E+01    0.119352132540257139E+01   -0.117624056324790303E+02   -0.647336224997827259E+02   -0.529712168673036956E+02   -0.659515351937696881E+01    1
    0.149971139430999756E+01    0.455355226993560791E+00    0.686385631561279297E-01   -0.482034873962402355E+00   -0.127756794023866860E+01    0.122156997086790398E+01   -0.168631921545170349E+01   -0.166740894152212604E+01    0.353184594756044135E+01   -0.125269282656368119E+02   -0.654707286983145025E+02   -0.529438004326776834E+02   -0.660515351937696948E+01    1
   -0.137570968932655235E+01   -0.943012647156560302E-01   -0.798012533462530982E-01    0.160938119134745761E+00   -0.290287690967261369E+00    0.119714436797835333E+01   -0.997867450499825059E+00   -0.856616694778722376E+00    0.202869956946188035E+00   -0.966181625477486605E+01   -0.625934826509133870E+02   -0.529316663961385245E+02   -0.661515351937697371E+01    1
    0.148556399345397949E+01   -0.416475355625152588E+00   -0.156513094902038574E+00    0.221738243103027255E+00   -0.153480513380031880E+01   -0.146900844000242614E+01   -0.116972053935910458E+01   -0.188398860754773523E+01    0.309338619576124074E+01   -0.117548990844583283E+02   -0.646506799081429619E+02   -0.528957808236846319E+02   -0.662515351937697705E+01    1
   -0.510008275508880615E+00   -0.176337361335754395E-01    0.252851247787475586E-01   -0.408455848693847212E-01    0.420115292678246988E+00    0.817557505350805513E+00   -0.132495363034081470E+01   -0.298570570294145909E+01    0.283129442836866474E+01   -0.110564875151083690E+02   -0.639476938172354608E+02   -0.528912063021270953E+02   -0.663515351937697861E+01    1
   -0.122936880933221726E+01   -0.135526504260311764E+00    0.104303111068246857E-01    0.640228469790405930E-01    0.117946044908535441E+01   -0.100235192484205926E+00   -0.239318192203654467E+00   -0.125390661052051655E+00    0.401475556080868268E+00   -0.102114261004915896E+02   -0.630904338230028827E+02   -0.528790077225112967E+02   -0.664515351937698107E+01    1
   -0.129557784745782989E+01    0.208354502263639940E+00   -0.890245112322556320E-01   -0.154760165703135000E-01    0.799019894792536434E+00   -0.293075660999874699E-01   -0.165881185764987982E+01   -0.140236931690537858E+01    0.217094005882358942E+01   -0.884647634278156225E+01   -0.617153527434411444E+02   -0.528688764006595804E+02   -0.665515351937697286E+01    1
    0.108037865442424064E+01   -0.477411465896439902E+00    0.552653489027052469E+00   -0.351938498542774925E+00    0.102954728754525604E+01   -0.156437354027389119E+01    0.383961667229187009E+00   -0.131637429554643859E+01    0.910004760290803683E+00   -0.106236741003326092E+02   -0.632950682676453766E+02   -0.526713941673127692E+02   -0.666515351937697353E+01    1
   -0.813197005968463449E+00   -0.842798626406124907E-01    0.278593964844905839E+00   -0.810855531342703495E-01   -0.362405630388593636E+00    0.860710596833769159E+00   -0.419289322004487763E+00   -0.147823465551596200E+01    0.177634660042260695E-01   -0.958282008773953997E+01   -0.622451635682837576E+02   -0.526623434805442159E+02   -0.667515351937697510E+01    1
    0.142321664512572399E+01   -0.424630479565771601E+00   -0.118045439412936992E+00    0.300067653733127937E+00   -0.124927325443309201E+01   -0.332943459146690601E+00   -0.234525500456470581E+01   -0.270771301449030943E+00    0.115368310009330366E+01   -0.101477200854240959E+02   -0.627959420965537873E+02   -0.526482220111296897E+02   -0.668515351937697488E+01    1
   -0.133860504627227783E+01    0.576984822750091553E+00   -0.514335751533508301E+00    0.271662807464599698E+00    0.388474173280428658E-01   -0.125824751561026460E+01   -0.164429741544950025E+01   -0.961246650869043151E+00   -0.224294519886143240E+00   -0.988155917069953382E+01   -0.624942285094009264E+02   -0.526126693387013944E+02   -0.669515351937697734E+01    1
   -0.465678155422210693E+00    0.264948606491088867E+00   -0.235573530197143555E+00    0.106411266326904341E+00   -0.115873235759977433E+01   -0.425676535940055500E-01    0.547751410637147496E+00   -0.340379542448658867E+01   -0.616268874739487327E-01   -0.129073475166165039E+02   -0.654783280316213734E+02   -0.525709805150048695E+02   -0.670515351937697446E+01    1
   -0.145606899261474609E+01    0.179655611515045166E+00    0.378612279891967773E-01   -0.143796539306640603E+00    0.759122141577108778E+00    0.347305751439535071E+00    0.135120466876855994E+01   -0.311264834261919532E+00    0.346640032650725516E+01   -0.144215401340423739E+02   -0.668704769499042015E+02   -0.524489368158618205E+02   -0.671515351937697247E+01    1
    0.142224848270416260E+01   -0.567422032356262207E+00    0.694937944412231445E+00   -0.486505508422851562E+00   -0.446337784118213676E+00    0.490209374107735185E+00   -0.739454886346493145E+00   -0.188463209686915434E+00    0.191883978735518235E+01   -0.928990688162904910E+01   -0.616852018217166034E+02   -0.523952949400875525E+02   -0.672515351937697314E+01    1
   -0.147782474756240845E+01   -0.803390443325042725E+00    0.473254561424255371E+00    0.439109706878662243E+00   -0.307905118498865704E+00    0.139418029131093191E+00    0.660226994342565598E+00   -0.441774240274526164E+00    0.134967818980044307E+01   -0.100782598891987707E+02   -0.624727827231712283E+02   -0.523945228339724594E+02   -0.673515351937697382E+01    1
    0.146575441077597013E+01   -0.716771520926806960E+00    0.193194128390531183E+00    0.130643703891895391E+00    0.993748324705165942E+00    0.294983683230611915E+00   -0.157622526285763320E+01   -0.722484324052174998E+00    0.109517967557280849E+01   -0.891105580947158593E+01   -0.612856804419651127E+02   -0.523746246324935285E+02   -0.674515351937697183E+01    1
   -0.135744398832321167E+01   -0.410351693630218506E+00    0.125193119049072266E+00    0.113769531249999778E-01   -0.843688893586431732E+00    0.503660371589376710E-01   -0.187066693539577478E+01   -0.256852773279774738E+01    0.161906268180814572E+01   -0.937800812394350558E+01   -0.616397627834602275E+02   -0.522617546595167184E+02   -0.675515351937697428E+01    1
    0.144044285450975362E+01   -0.299550564596624103E+00    0.404210669278340928E+00   -0.378965063486248255E+00   -0.626005186499014599E+00   -0.138582617989527535E+01   -0.712316667367076439E+00   -0.130767666612086941E+01    0.190017941601922780E+01   -0.916112602609465831E+01   -0.613921164688335566E+02   -0.522309904427389000E+02   -0.676515351937697584E+01    1
    0.149454295635223389E+01    0.466216027736663818E+00   -0.317254781723022461E+00    0.661916732788081497E-02    0.217345765469190155E+00    0.172211724485009654E+01   -0.117710100061003464E+00   -0.279712282746345409E+01    0.237073048940942499E+01   -0.118759275800570769E+02   -0.640762911753131306E+02   -0.522003635952560572E+02   -0.677515351937697829E+01    1
    0.867644089765783555E+00    0.339685510879390584E+00   -0.342962192868463411E+00   -0.109603016462573755E+00    0.131060557815771972E+00    0.894529886033979538E-01   -0.188661274613764340E+01   -0.221358185806707297E+01    0.152774374286877923E+01   -0.867104636288623354E+01   -0.608641983459237110E+02   -0.521931519830374739E+02   -0.678515351937697098E+01    1
    0.108627259135919463E+01    0.508203277138291831E+00   -0.184333394404011308E+00   -0.361540481876971964E+00   -0.184217638270524731E+01   -0.224841922811151562E+01   -0.338425130647692418E+00   -0.147650787386055526E+00    0.182210172766872569E+00   -0.134505054418113463E+02   -0.656212456319609316E+02   -0.521707401901495871E+02   -0.679515351937697432E+01    1
   -0.717770218849182129E+00    0.140946328639984131E+00   -0.235338807106018066E+00    0.237228775024413974E+00   -0.396464508190774723E+00    0.114185449444904052E-01   -0.194028497243493780E+01    0.124579709128056493E+00    0.210021207724025771E+01   -0.989990849559138653E+01   -0.620223056538143851E+02   -0.521223971582229950E+02   -0.680515351937697410E+01    1
    0.119370433074289828E+01    0.328505722698888114E+00   -0.133641226212262709E+00   -0.540748953336125382E-01    0.140486857048927050E-02    0.620091328306671130E+00   -0.234096259992497835E+01   -0.158178798709627699E+01    0.261746070473577674E+01   -0.996529553450603345E+01   -0.620682672088978080E+02   -0.521029716743917746E+02   -0.681515351937697567E+01    1
   -0.137900376319885254E+01   -0.783320367336273193E+00    0.459383606910705566E+00    0.453665065765380904E+00   -0.115519426168475547E+00   -0.209639008211297495E+00   -0.116515977841004292E+01   -0.420496458774550774E+00    0.333170953894409649E+01   -0.105738430743338068E+02   -0.626757074224372701E+02   -0.521018643481034616E+02   -0.682515351937697723E+01    1
   -0.853984594345092773E+00   -0.863648056983947754E-01   -0.577242374420166016E-01    0.422979545593261674E+00   -0.268075793723028255E+00    0.223405705831965007E+00   -0.934640667331904984E+00   -0.127385490474466678E+01    0.109421163666525012E+01   -0.810976872373737478E+01   -0.602045251130752348E+02   -0.520947563893378600E+02   -0.683515351937697613E+01    1
    0.742613634857779648E+00   -0.432944158613334462E+00    0.207322189450506400E+00   -0.369394473719740768E-01    0.298084430879725915E+00    0.793317815838463503E+00   -0.660709081431605005E+00   -0.322778917731056936E+00    0.120168593276162050E+01   -0.915160586537484555E+01   -0.610529333606594022E+02   -0.519013274952845549E+02   -0.684515351937697059E+01    1
   -0.131840481829254319E+01   -0.435379987216679476E+00    0.240788800234636113E+00    0.507248930364274431E+00   -0.151564657253970836E+01   -0.132696066424273340E+01   -0.225197675868571423E+01   -0.130854875248246572E+01    0.474484756288120701E+00   -0.107282213048179074E+02   -0.625833578587183084E+02   -0.518551365539004010E+02   -0.685515351937697126E+01    1
    0.109131735563278198E+01    0.370652675628662109E+00   -0.193690538406372070E+00    0.317869186401364967E-02   -0.116163341807578036E+00   -0.870119406062030976E+00   -0.544749002834805429E+00   -0.451848932772236367E+00   -0.633501750802451857E+00   -0.106056320738382830E+02   -0.624291206070156903E+02   -0.518234885331774038E+02   -0.686515351937697371E+01    1
   -0.902662396430969238E+00    0.545532703399658203E-01   -0.250808954238891602E+00    0.351346111297607511E+00    0.229543363408311052E+00   -0.837155529508208929E+00   -0.920134704491601729E+00   -0.467397780534497542E+01    0.362346791717982564E+00   -0.139976452370352735E+02   -0.658159648217956175E+02   -0.518183195847603386E+02   -0.687515351937697083E+01    1
   -0.935838997364044189E+00    0.406382739543914795E+00   -0.194896578788757324E+00    0.222074508666991743E-01    0.140323536564096685E+01    0.885511947898294238E+00   -0.843563772367587950E+00   -0.170695949622199805E+01    0.138438924871820768E+01   -0.959930557822960395E+01   -0.613604671448339900E+02   -0.517611615666043861E+02   -0.688515351937697062E+01    1
    0.135029000043869019E+01    0.291738152503967285E+00    0.102018117904663086E-01   -0.331596088409423839E+00   -0.249227586858751238E+00   -0.644174776419959016E+00   -0.114475493780787452E+01   -0.107677251659310969E+01    0.495249691390427182E+00   -0.844058529237072186E+01   -0.601986799732686748E+02   -0.517580946808979547E+02   -0.689515351937697307E+01    1
   -0.748902440071105957E+00   -0.262668013572692871E+00   -0.573363304138183594E-01    0.353248786926269487E+00   -0.143728123441633215E-01   -0.368957803201510559E+00   -0.360936708246981430E+00   -0.134742878588326676E+01    0.278726596793489989E+01   -0.941286018639624444E+01   -0.611550468669575835E+02   -0.517421866805613391E+02   -0.690515351937697019E+01    1
    0.100273579359054565E+01    0.406057298183441162E+00   -0.228543281555175781E+00   -0.176049518585205123E+00   -0.658440650787497361E+00    0.238843664141086320E+00   -0.201280825650087536E+01   -0.270493602896863194E+01    0.174990594032237845E+01   -0.964273742928067534E+01   -0.613617689189704407E+02   -0.517190314896897689E+02   -0.691515351937697176E+01    1
    0.123589345563880260E+01    0.773404461637030582E-01   -0.264771725448379680E+00    0.140381943224910044E+00   -0.285166107281611403E+00    0.664239151834635777E+00   -0.420527830772241540E-01   -0.971329705317884873E+00    0.226151139757007513E+01   -0.950916241071438151E+01   -0.611798103957353447E+02   -0.516706479850209632E+02   -0.692515351937697421E+01    1
    0.107128092076598413E+01    0.548665652107671598E-01    0.167240658996221869E+00   -0.325600581288345348E+00    0.106424563796281291E-02    0.457675789467657579E+00   -0.103036347385227578E+01    0.647544205065742062E+00   -0.703050708932548840E-01   -0.111394047408224797E+02   -0.627886504499521081E+02   -0.516492457091296302E+02   -0.693515351937697400E+01    1
   -0.134225856937028643E+01   -0.481860072246668603E+00   -0.108483812749509134E-01    0.534861372888607800E+00    0.261484564449574464E+00    0.616820225826586466E+00   -0.765279875739679261E+00   -0.163154284847337294E+01    0.142569593936400474E+01   -0.840751605251083944E+01   -0.600359139190402402E+02   -0.516283978665294043E+02   -0.694515351937697556E+01    1
   -0.143567579984664917E+01   -0.421577095985412598E+00   -0.130840539932250977E+00    0.624938583374023526E+00   -0.102113857583276513E+01    0.240690909694535549E+01   -0.131836376281967182E+01   -0.163289372576286951E+01    0.245698723337795855E+01   -0.125851865393661644E+02   -0.642007694581463539E+02   -0.516155829187801842E+02   -0.695515351937697623E+01    1
    0.111559706926345825E+01   -0.527250945568084717E+00    0.107925295829772949E+00    0.946181297302246538E-01    0.593028445390473280E+00   -0.286572232937487015E-01   -0.139459452772712189E+01   -0.163310610417624957E+01    0.142492383656531296E+01   -0.822384420044654085E+01   -0.597593209042348477E+02   -0.515354767037883050E+02   -0.696515351937697869E+01    1
    0.146404690970218887E+01    0.464217541249563048E-01    0.412693671991924749E+00   -0.718158192478351332E+00   -0.118676987750518492E+01    0.436533779694627866E+00   -0.229667649785710637E+01   -0.306260746100520009E+01    0.199060943422068726E+01   -0.112074643317452853E+02   -0.626647053980621536E+02   -0.514572410663168682E+02   -0.697515351937697670E+01    1
    0.125512219865082830E+01   -0.921285328406589166E-01   -0.488634211953815067E+00    0.339480735530497846E+00   -0.698894966391208072E+00    0.144741407250307930E+01   -0.178428380169520984E+01   -0.310239496258191139E+00    0.137030439424165729E+01   -0.103460863617013246E+02   -0.617881545080662278E+02   -0.514420681463649032E+02   -0.698515351937697471E+01    1
   -0.988204103892026509E+00    0.213456032809302254E+00    0.376237583036461043E+00   -0.350395970602862150E+00    0.816566468134851675E+00   -0.881597790136083859E+00   -0.658280118674383408E+00   -0.275284398598955704E+01    0.185110133480748340E+00   -0.101405522361929386E+02   -0.615684227121944687E+02   -0.514278704760015302E+02   -0.699515351937697627E+01    1
   -0.135333198015349931E+01   -0.200194933184937751E+00    0.151541223489161325E+00   -0.901708877481880444E-01    0.197329848608319480E+01   -0.121460215184356457E+01   -0.179264442578983085E+01   -0.135964990974912325E+01    0.110511638534831058E+01   -0.106822946406634607E+02   -0.621067794468927730E+02   -0.514244848062293158E+02   -0.700515351937697339E+01    1
   -0.147660485891776783E+01   -0.586504248761246849E+00   -0.505881410562859513E-01    0.709981109551683032E+00    0.214459762720480285E+00    0.417160981829738431E+00   -0.332853014858415008E+01    0.529923158694600716E-01    0.110953158540382923E+01   -0.116780254458083945E+02   -0.630916727723795390E+02   -0.514136473265711444E+02   -0.701515351937697229E+01    1
   -0.145148124142662582E+01   -0.691921863816386429E+00    0.454264610387553391E+00    0.357639427202739890E+00   -0.246437134725283613E+00   -0.234488319439492443E+01   -0.115300377909875329E+01   -0.591006747773690222E+00    0.173195450175740029E+01   -0.107594779341931943E+02   -0.621362373245998043E+02   -0.513767593904066118E+02   -0.702515351937697385E+01    1
   -0.102927911281585693E+01    0.171441435813903809E+00    0.354413270950317383E+00   -0.299489593505859353E+00   -0.372482686492503490E+00   -0.826680457529391788E+00   -0.957598537630701463E+00   -0.157402741040755245E+01    0.211030307287614960E+01   -0.861749702803586004E+01   -0.599419970119760848E+02   -0.513244999839402212E+02   -0.703515351937696920E+01    1
    0.136458739615754077E+01   -0.314027957682871062E+00    0.928653851258705032E-01    0.439784231437867490E-03    0.615347377948864960E+00    0.108513927454509940E+01   -0.486734072704848364E+00   -0.693213658831837165E+00    0.153979675980849628E+01   -0.942388597437447473E+01   -0.606947488567375188E+02   -0.512708628823630477E+02   -0.704515351937696899E+01    1
   -0.143767123714372436E+01   -0.228853532340411725E+00    0.431158189655684865E-01    0.223872836625951921E+00    0.187438313195116280E+00   -0.855930876069805890E+00   -0.104608465936735007E+00   -0.304054447880162115E+00    0.882420361539289155E+00   -0.937376973481147147E+01   -0.606378441745240622E+02   -0.512640744397125943E+02   -0.705515351937697233E+01    1
    0.130827530810551140E+01   -0.140680968891968572E+00    0.272292270699415528E+00   -0.364116211007038837E+00    0.702140309628020987E+00   -0.204346279137212150E+01   -0.732412298749522739E+00   -0.550211045307378299E+00   -0.132879614510556854E+00   -0.113408050385484529E+02   -0.625305939304803573E+02   -0.511897888919319044E+02   -0.706515351937697300E+01    1
   -0.119371065433538570E+01    0.130358902542301092E+00   -0.437728227441100959E-01    0.479531244587836358E-01    0.201640313838424845E+00    0.619464907964584199E+00   -0.822830675509748977E+00   -0.575915524428864956E+00    0.574292464091288313E-01   -0.940126437785087354E+01   -0.605207515623359456E+02   -0.511194871844850738E+02   -0.707515351937697190E+01    1
   -0.135278302431106567E+01   -0.676208853721618652E+00    0.591211438179016113E+00    0.312929916381835982E+00   -0.353707650743899649E+00   -0.205228775204204739E+00   -0.215954111396627013E+01   -0.264523758181667290E+00    0.735603910483178192E+00   -0.934750129261795593E+01   -0.602798312089911974E+02   -0.509323299163732415E+02   -0.708515351937697524E+01    1
   -0.131438255980516638E+01    0.689567157456356661E-01   -0.194481089624550574E+00    0.320119923372081505E+00    0.113968890783212373E+01   -0.121508913627735637E+01   -0.196396346424307700E+00   -0.201344110407831067E+01    0.135158043405340345E+01   -0.975120075084002202E+01   -0.606580685972987439E+02   -0.509068678464587236E+02   -0.709515351937697947E+01    1
    0.117207902669906616E+01   -0.190424859523773193E+00    0.231085419654846191E+00   -0.443398666381835949E+00    0.118643280912351656E+01   -0.105254588779757796E+01   -0.128970336801899044E+01   -0.891316091459657400E+00    0.879931533357876328E+00   -0.925550834798991673E+01   -0.601309508722906259E+02   -0.508754425243007091E+02   -0.710515351937697481E+01    1
    0.119308644533157349E+01   -0.369923114776611328E-01   -0.619411468505859375E-03   -0.299824619293212913E+00    0.664062215220155849E+00   -0.702519915531638617E+00   -0.642597976317347053E+00   -0.649962327216826452E+00    0.106134120735646342E+01   -0.871875874204267198E+01   -0.595302396563832659E+02   -0.508114809143405921E+02   -0.711515351937697194E+01    1
    0.125872663406008556E+01   -0.667672579606114258E+00    0.350644302318531942E+00   -0.620409656642507690E-01    0.509238342393700805E+00    0.604018077962109601E+00   -0.134673153346170671E+01    0.244133320242099217E+00    0.782180593429302684E+00   -0.988051232929589673E+01   -0.606782321939150577E+02   -0.507977198646191610E+02   -0.712515351937697261E+01    1
    0.124734721896515888E+01    0.590616723335168903E+00   -0.275229793749383278E+00   -0.632211063350738844E+00   -0.411048596907903629E+00   -0.127341384951819236E+01   -0.109916637253149907E+01   -0.211319436344979295E+01    0.214317407034400276E+01   -0.927948616165756590E+01   -0.600695156834763537E+02   -0.507900295218187878E+02   -0.713515351937696796E+01    1
   -0.142122276022915295E+01   -0.293699639428934844E-02   -0.271709435955758583E+00    0.502752273300109520E+00   -0.503985799178963134E+00    0.181629104179705791E+01   -0.247412813422556610E+01   -0.740527215640440772E+00   -0.189064337416764428E-01   -0.120451511303747338E+02   -0.628254035318384965E+02   -0.507802524014637626E+02   -0.714515351937696508E+01    1
    0.634677206143077210E+00    0.180432679837073229E+00   -0.104938671504734016E-01   -0.357196210357917765E+00   -0.201303035515820739E+00   -0.105559318635982891E+01   -0.553034066134614255E+00   -0.175753851547710838E+01    0.209701034551130761E+01   -0.892442787106997137E+01   -0.596965225721053159E+02   -0.507720947010353427E+02   -0.715515351937696753E+01    1
    0.140582066774368286E+01   -0.251565635204315186E+00    0.656514167785644531E-01   -0.360956192016601562E-01    0.380756937009891772E+00   -0.113757431094995809E+01   -0.143475482441658619E+01   -0.229951380425859497E+01    0.164514992251383796E+01   -0.901883414289515351E+01   -0.597908934946335791E+02   -0.507720593517384273E+02   -0.716515351937696821E+01    1
    0.126936644805331200E+01   -0.587175582579491095E-01    0.358261119136459527E+00   -0.564933590138188446E+00    0.816094586581357362E+00   -0.134937915983869061E+01   -0.308600683898134776E+01   -0.203221221354056070E+01    0.117641803474384710E+01   -0.111295712897120040E+02   -0.619008285198486661E+02   -0.507712572301366620E+02   -0.717515351937696444E+01    1
   -0.123638606071472168E+01   -0.167985141277313232E+00   -0.251560211181640625E+00    0.605128097534179732E+00    0.712087731845940652E+00    0.414937886404231959E+00   -0.187836274417463733E+01   -0.338982962015279554E+00    0.136342853810788278E+01   -0.924349275861868946E+01   -0.599751656660215104E+02   -0.507316729074028174E+02   -0.718515351937696511E+01    1
   -0.137137489089379150E+01    0.474443247606559648E-01   -0.758143478753143807E-01    0.196530223553256556E+00   -0.807701346258227204E+00   -0.140298462184659911E+01    0.143762730598496113E+01   -0.166377689762725822E+01    0.140422912028384439E+01   -0.123185958431432763E+02   -0.630383853924373412E+02   -0.507197895492940631E+02   -0.719515351937696845E+01    1
   -0.139254388097893012E+01    0.742416910653938000E-01    0.577927235363678848E+00   -0.358165544484545462E+00   -0.454200995883411451E+00   -0.558373755944785444E+00    0.205611572979591983E+01   -0.147082917850752892E+01    0.843351638515059898E+00   -0.132330344312654269E+02   -0.639195412953402951E+02   -0.506865068640748717E+02   -0.720515351937697446E+01    1
    0.141451138257980347E+01    0.976383090019226074E-01    0.846287012100219727E-01   -0.316174507141113281E+00   -0.265017531872899781E+00   -0.167852273035577981E+00    0.202473486475583053E+00    0.623922234266274245E+00    0.275290260527185637E+01   -0.119962140525457457E+02   -0.626718999908346674E+02   -0.506756859382889218E+02   -0.721515351937697869E+01    1
    0.130595348265648337E+01   -0.107385857795274209E+00    0.148608389017587772E+00   -0.242340296563069657E+00   -0.184933020813105031E+00   -0.113336520437655963E+01    0.457428069159961925E-01    0.616949634036245698E-02    0.205187447970843095E+01   -0.103844608456998682E+02   -0.610290033414967041E+02   -0.506445424957968342E+02   -0.722515351937697670E+01    1
   -0.136776745319366455E+01    0.340317785739898682E+00   -0.406728267669677734E+00    0.389860725402832120E+00    0.187097103700693879E+01    0.584818663234045744E+00   -0.146858729041355196E+01   -0.130331427039095615E+01    0.682891069428706254E+00   -0.102361929589318059E+02   -0.608692088107773657E+02   -0.506330158518455562E+02   -0.723515351937696849E+01    1
   -0.943500638008117676E+00   -0.167237699031829834E+00    0.246142268180847168E+00   -0.377927780151366965E-01    0.186280812002905805E+00    0.108093832870167716E+01   -0.119333209715136923E+01   -0.123716420983669195E+01    0.317040881423395149E+01   -0.105995805787378430E+02   -0.612173555770939970E+02   -0.506177749983561540E+02   -0.724515351937696384E+01    1
   -0.141837024569404280E+01   -0.379830643384062361E+00    0.409994594527670619E+00    0.241406246684870984E-01   -0.381801204474641054E+00   -0.288090739701374277E+00    0.375014816039538568E+00   -0.103802866666796945E+01    0.118030069703422691E+01   -0.920332262077251961E+01   -0.598136730649196906E+02   -0.506103504441471728E+02   -0.725515351937697073E+01    1
   -0.145480084419250488E+01   -0.556843936443328857E+00    0.447415471076965332E+00    0.148475265502929665E+00    0.572717818198498207E+00    0.204009045845623460E+00   -0.255373288537271037E+01   -0.152669733016523423E+01    0.262817472739357072E+01   -0.101728624899125446E+02   -0.607606241210734979E+02   -0.505877616311609515E+02   -0.726515351937697051E+01    1
    0.948505268304466131E+00    0.276715606479855269E+00    0.821637264967325365E-01   -0.453905752392992023E+00   -0.276532523574815059E+00    0.810089817497328113E+00   -0.103688972536701618E+00   -0.530574719310834553E+00    0.108756889810479174E+01   -0.937981857771317884E+01   -0.599375245706190967E+02   -0.505577059929059160E+02   -0.727515351937696853E+01    1
    0.119937585683036829E+01    0.208135060310125519E+00   -0.114631308188455794E+00   -0.135825268789318887E+00   -0.174670073537868120E+01   -0.739438664007820989E+00   -0.566459261943918824E+00   -0.297258833967248393E+01    0.593293200357720929E+00   -0.112538809375951789E+02   -0.618029295936409540E+02   -0.505490486560457768E+02   -0.728515351937696742E+01    1
    0.123505389690399170E+01   -0.322180151939392090E+00    0.259327650070190430E+00   -0.222188758850097701E+00    0.317569855820920566E+00   -0.109034563041745969E+01    0.209358786604525671E+00   -0.174100685877760952E+01    0.216195942757053672E+01   -0.975112890219055650E+01   -0.602640884871734031E+02   -0.505129595849828448E+02   -0.729515351937696988E+01    1
    0.116846361949330646E+01   -0.487564848489238312E+00    0.497032981668644736E+00   -0.344833482434276750E+00   -0.970249464688777152E+00    0.217950430254973071E+01    0.123021554885895079E+01   -0.180095349612315658E+01    0.177713918986341946E+01   -0.141632956693453522E+02   -0.646054963395170887E+02   -0.504422006701717365E+02   -0.730515351937697766E+01    1
    0.123722056388083068E+01    0.182385745920812248E-01    0.938375488495484245E-01   -0.253066951598777345E+00    0.142581589172891654E+01    0.452863934668812418E+00   -0.676954222807353068E+00   -0.557852476709967959E+00    0.162696530811786055E+01   -0.968181554831635793E+01   -0.600573443369325091E+02   -0.503755287886161511E+02   -0.731515351937697655E+01    1
    0.107607808294848084E+01   -0.881211504961632031E-02    0.238250373555956241E+00   -0.441152997510907530E+00    0.106691832653154961E+01   -0.137718104612645220E+01   -0.577968260685110868E+00   -0.284090708829580763E+00    0.154106740250085772E+01   -0.100360436964240485E+02   -0.603124055654769080E+02   -0.502763618690528631E+02   -0.732515351937697723E+01    1
   -0.123681557178497314E+01   -0.179436743259429932E+00    0.725502967834472656E-01    0.170489978790283159E+00   -0.237817963500219776E-01   -0.245139346540099667E+00   -0.111683081284695596E+01    0.458222671226167222E+00    0.160312412788357528E+01   -0.973151071564817016E+01   -0.599690718434634036E+02   -0.502375611278152334E+02   -0.733515351937697524E+01    1
   -0.581067268322431163E+00    0.753551931473617209E-01   -0.220820077255990843E+00    0.296855819111376817E+00    0.500652163590302735E+00   -0.125058035443203153E+01   -0.106155922770426492E+01   -0.292156023590564473E+01   -0.472811285329725939E+00   -0.113284542979295733E+02   -0.615490662051733466E+02   -0.502206119072437716E+02   -0.734515351937696614E+01    1
    0.744062499695832713E+00   -0.121562586075731449E+00   -0.289515475263743660E+00    0.216715753116476062E+00   -0.795948069286396276E+00    0.160451993870879051E+01   -0.110395652695956392E+01   -0.955265520564125836E+00    0.167758708030874026E+01   -0.100473894810062436E+02   -0.602623186514141125E+02   -0.502149291704078706E+02   -0.735515351937696948E+01    1
   -0.146110916860464446E+01   -0.613656623693170644E+00    0.163880176969194435E+00    0.571503805745546156E+00   -0.382980761161206829E+00    0.109787549469047063E+00   -0.849911437320542751E+00   -0.128232639432894757E+01    0.233803033224262435E+01   -0.868625015239320675E+01   -0.588957861427517599E+02   -0.502095359903585532E+02   -0.736515351937697105E+01    1
    0.131828659772872925E+01   -0.254318833351135254E+00    0.141347408294677734E+00   -0.145470142364501953E+00   -0.296587488795694298E+00    0.744838296130865274E+00   -0.109465752387336557E+01   -0.301674816420813841E+01    0.123231821161084576E+01   -0.974302221737370111E+01   -0.598753378862659744E+02   -0.501323156688922751E+02   -0.737515351937696906E+01    1
   -0.134227964751007223E+01   -0.465394427464267402E-01    0.146218159029120720E+00   -0.514628360235939164E-01    0.362916460939004537E+00   -0.757272371728276994E+00   -0.102354590340951268E+01   -0.138995803050534050E+01    0.133596525891448459E+01   -0.819293357548028567E+01   -0.583158332842655227E+02   -0.501228997087852335E+02   -0.738515351937697240E+01    1
   -0.141781483027076072E+01   -0.351176237877894648E+00   -0.286666560300090634E-01    0.519834020762961480E+00   -0.781627624447764902E+00   -0.754336770299914861E+00   -0.884149499389650151E+00   -0.238315017733725654E+01    0.193453361541855906E+01   -0.916245721296356130E+01   -0.592839699487214631E+02   -0.501215127357579036E+02   -0.739515351937697218E+01    1
   -0.133143191733393662E+01   -0.181852356471512211E+00   -0.139336557956066920E+00    0.510723706051628090E+00   -0.144073214681952777E+01   -0.785154167984956075E+00   -0.329210284989471802E+01   -0.255660189197328691E+01    0.102859933269996895E+01   -0.122585108013517754E+02   -0.623458488347760422E+02   -0.500873380334242668E+02   -0.740515351937697464E+01    1
    0.139048261813183771E+01    0.403196807876242680E+00   -0.572937695338469166E+00   -0.993887937578545877E-01   -0.322807374051308216E+00    0.513265008308962933E+00   -0.174708284286566573E+01    0.368145103371944060E+00    0.202679159627564331E+01   -0.102953116447774420E+02   -0.603230342268038413E+02   -0.500277225820263993E+02   -0.741515351937697265E+01    1
    0.146444263127505803E+01    0.608330916957149803E+00   -0.325915145948128981E+00   -0.414341256238104194E+00   -0.747211895451300734E+00   -0.824314904087941613E+00   -0.776616053182124011E+00   -0.202981728084637325E+01    0.909729812468640597E+00   -0.876103378570375035E+01   -0.587856065503758316E+02   -0.500245727646720795E+02   -0.742515351937696799E+01    1
   -0.107247947313888448E+01   -0.761326971660143403E-01   -0.700465673325588734E-01    0.287323180664638356E+00   -0.165011993774328403E+01   -0.508236327440272362E+00   -0.185151207014655461E+01    0.195888981241978399E+00    0.199959616582532385E+01   -0.111799559986331083E+02   -0.611601909836957418E+02   -0.499802349850626300E+02   -0.743515351937697044E+01    1
    0.137900322981654977E+01   -0.401299868903555179E+00   -0.131399257213774545E-01    0.101457898739418795E+00   -0.544222417113360279E-01   -0.500440327501792126E+00   -0.922212485194222387E+00   -0.183030729103279555E+01   -0.122423674723677101E+00   -0.908211904571530759E+01   -0.590500153656682798E+02   -0.499678963199529704E+02   -0.744515351937697023E+01    1
   -0.140207633015564959E+01   -0.199504393903984001E+00    0.240779622735760368E+00    0.212024002078888163E+00   -0.338977922739331916E+00   -0.859338484909812905E+00   -0.106003853174001939E+01   -0.207540950225507004E+01    0.584688819525354342E+00   -0.870642941011959515E+01   -0.586726900319680666E+02   -0.499662606218484697E+02   -0.745515351937696646E+01    1
   -0.137536983068509255E+01    0.718168206669869580E+00   -0.395217674888327375E+00    0.103698741712711540E+00    0.782783317760049613E+00    0.922483989587590258E+00   -0.552472368887037879E+00   -0.321109247953131671E+01    0.139800551990560984E+01   -0.106833396032529304E+02   -0.606232808017890434E+02   -0.499399411985361112E+02   -0.746515351937696536E+01    1
   -0.136416995996747037E+01   -0.685547760801206163E-01    0.240494853323533375E+00   -0.123936753264637267E+00    0.150254117480130844E+01   -0.199947705894032879E+01   -0.175107521490986051E+01   -0.135787354612716626E+01    0.885760376798998772E+00   -0.110151002195481915E+02   -0.609546961960629119E+02   -0.499395959765147168E+02   -0.747515351937696515E+01    1
    0.139840945992144050E+01   -0.101046187553836431E+00   -0.242787064421032373E+00    0.178573702720297489E+00   -0.103111403777916166E+01   -0.257962616764189023E+00   -0.199432267085626314E+01   -0.278222608801911520E+01   -0.204832456400936058E+00   -0.109227414026607512E+02   -0.608369363740977320E+02   -0.499141949714369844E+02   -0.748515351937696671E+01    1
    0.137788208381485466E+01   -0.197278426627486070E+00    0.322858758279058078E+00   -0.441082917026849319E+00    0.639535237509107901E+00    0.969260318419173927E+00   -0.195002513282929590E+01   -0.264512454445934964E+01    0.218258353830265150E+01   -0.103760252085152409E+02   -0.602150319122194162E+02   -0.498390067037041788E+02   -0.749515351937696561E+01    1
   -0.558193374348446847E+00    0.119278803313477511E+00    0.417710183726818229E-01   -0.316237149250943039E-01    0.435661973327796659E+00    0.100406795911908375E+01    0.162449859789149054E+00   -0.798117783257339397E+00    0.472604939784562195E-01   -0.104810035501387375E+02   -0.603041713759942510E+02   -0.498231678258555135E+02   -0.750515351937696362E+01    1
    0.999022095518285802E+00    0.498166284120770575E+00   -0.416290641242373471E+00   -0.243128099457494473E+00   -0.236628460470456048E-03   -0.170460394007591276E+01   -0.132328957151344162E+01   -0.208385760408077658E+01    0.121764141964490613E+01   -0.937658112201685157E+01   -0.591653085108417045E+02   -0.497887273888248529E+02   -0.751515351937696874E+01    1
   -0.950280538320668722E+00    0.184250114570709611E+00    0.119310089561312838E+00   -0.140322770612305803E+00    0.181438806972778366E+01    0.807480396364326225E+00   -0.316292372187831461E+01   -0.100202398308397278E+01    0.268116542613711317E+01   -0.132765405900756903E+02   -0.630589631750905042E+02   -0.497824225850148139E+02   -0.752515351937696853E+01    1
   -0.927803490509005790E+00    0.155855185338120705E-01    0.104967630267342349E+00   -0.509096217867173184E-01   -0.807315546933295991E-01   -0.112346639718339247E+01   -0.424871757025471197E+01    0.921494828570530444E+00    0.743862388065963609E+00   -0.161467871638056479E+02   -0.658747927495117551E+02   -0.497280055857061001E+02   -0.753515351937696742E+01    1
    0.122087722229029350E+01   -0.162289697522530751E+00    0.375681294066372296E+00   -0.650927939264540734E+00    0.130807004671282812E+01   -0.543257451155341187E+00   -0.275797133852734078E+01   -0.244522601540552387E+01    0.108222994587436028E+01   -0.108019999817141983E+02   -0.605241622646484316E+02   -0.497221622829342351E+02   -0.754515351937696721E+01    1
   -0.115698546126569690E+01   -0.370235115896224709E+00    0.113863335501521501E+00    0.340312489667028650E+00    0.834379395372479848E+00    0.234664460405042519E+01   -0.106179635898797420E+00    0.453049753662071453E-01    0.195493662959620473E+01   -0.132764278323955782E+02   -0.629554312844495101E+02   -0.496790034520539336E+02   -0.755515351937696877E+01    1
   -0.114992166584329070E+01   -0.838920653398640415E-01    0.424434162434727202E+00   -0.482114269465351297E-01   -0.111503623878093094E+01    0.142005306910277851E+00   -0.327891676478316185E+01   -0.126515377287091724E+01    0.131825840387250559E+01   -0.109905339108016875E+02   -0.605953715253519007E+02   -0.496048376145502132E+02   -0.756515351937697211E+01    1
    0.128469211112781023E+01    0.992624046401131555E-01   -0.144636470686151597E+00   -0.228395088176799876E+00    0.100657806643880576E+01   -0.333929165532253991E+00   -0.174753521996422001E+01   -0.116050143730831223E+01    0.651095080557979822E+00   -0.889221993144838407E+01   -0.584264126366506531E+02   -0.495341927052022655E+02   -0.757515351937696835E+01    1
   -0.143405778013376239E+01    0.123161892306367093E-01    0.735974871778966033E-02    0.153775949633341846E+00    0.738042818639996767E+00   -0.569099336840963588E+00   -0.208977828827187295E+01   -0.178618959033997271E+01   -0.338193178794199190E+00   -0.101440423011851593E+02   -0.596729438425774177E+02   -0.495289015413922584E+02   -0.758515351937696991E+01    1
   -0.122035095316252917E+01   -0.484717086640816808E+00    0.164650233576565608E+00    0.445686564715393807E+00   -0.968906730219032397E+00   -0.593477741102788059E+00   -0.164455542334394500E+01   -0.186756834351513135E+01    0.206269958243979090E+01   -0.908192312459447848E+01   -0.586066839729775637E+02   -0.495247608483830888E+02   -0.759515351937697325E+01    1
   -0.141148924827575684E+01   -0.149609327316284180E+00    0.156718969345092773E+00    0.833967208862305132E-01   -0.127546326451124514E+01   -0.164604651248396294E+01   -0.141159861120172514E+01   -0.110761494709436192E+01   -0.680293992026008487E+00   -0.118202107879301295E+02   -0.613401731773369150E+02   -0.495199623894067855E+02   -0.760515351937697126E+01    1
    0.115207779407501221E+01   -0.482280850410461426E-01   -0.537409782409667969E+00    0.281961345672607333E+00   -0.209233549675218455E+00    0.151857120521640354E+01   -0.384044768401281322E+00   -0.281434011698138420E+00    0.173317370401150606E+01   -0.104140404661514108E+02   -0.598919958574454157E+02   -0.494779553912940031E+02   -0.761515351937696572E+01    1
    0.133115316910813863E+01   -0.521611970747175024E+00    0.305297970872824065E+00   -0.161105337879489774E+00   -0.110324770317788534E+01    0.157639249869021114E+01    0.327254796467286946E+00   -0.216989038213910135E+01    0.643271025850254086E+00   -0.116339102036466926E+02   -0.611118509851151117E+02   -0.494779407814684191E+02   -0.762515351937696639E+01    1
   -0.121575366079962510E+01    0.274889126841047382E+00   -0.137654378147685108E+00    0.138650836555146206E+00   -0.103272522337078954E+01   -0.438677395021613792E+00   -0.260735161297020568E+01   -0.163862634825477471E+01    0.155287423555250848E+01   -0.971336969974551678E+01   -0.591726825432701844E+02   -0.494593128435246641E+02   -0.763515351937696973E+01    1
    0.835859291179061437E+00   -0.197311463201395920E+00    0.283677855060617823E-01   -0.688713165745702405E-02    0.653430414014337657E+00   -0.466888526410684734E+00   -0.181925758004012983E+01   -0.297366841385951375E+01    0.532721655398518346E+00   -0.997485427595144536E+01   -0.594117781584358937E+02   -0.494369238824844501E+02   -0.764515351937696952E+01    1
    0.103198804673524114E+01   -0.193671414318760338E+00   -0.799317157966764613E-01    0.860503449394061093E-01    0.824703033268860963E+00   -0.454668652643022086E+00   -0.131379340458465754E+01   -0.189412674570007766E+01   -0.312998901605396673E+00   -0.972265128234589326E+01   -0.591528611955134238E+02   -0.494302099131675305E+02   -0.765515351937697019E+01    1
   -0.129521512985229492E+01    0.950814485549926758E-01    0.586169600486755371E+00   -0.367253875732421908E+00    0.388620811792179666E+00   -0.228229559833152906E+00   -0.150501094592641471E+01   -0.168187275337800202E+01    0.127303854629758484E+01   -0.815059207780763195E+01   -0.575736753560200469E+02   -0.494230832782124168E+02   -0.766515351937697087E+01    1
   -0.133662915229797363E+01    0.660400986671447754E-01    0.537229180335998535E+00   -0.261224842071533181E+00   -0.112861092559683129E+01   -0.242391624307515485E+01    0.367356689943108217E+00   -0.288785152296100023E+01    0.126636658373513478E+01   -0.133125796839904655E+02   -0.627301063184965244E+02   -0.494175266345060606E+02   -0.767515351937697066E+01    1
    0.115362495015579247E+01    0.337691908936168517E+00   -0.920282607687205045E-01   -0.348051265078189731E+00    0.564276351298076406E+00    0.797845116755980244E-01   -0.490657991321086007E+00   -0.129980774003001898E+01    0.810816786173518489E+00   -0.844743899531740539E+01   -0.578627556532663334E+02   -0.494153166579489280E+02   -0.768515351937697044E+01    1
    0.136697524990495989E+01   -0.427423853286895694E+00    0.684823952738373931E+00   -0.664069995276734160E+00    0.919443006315532330E+00   -0.109353370059011468E+01   -0.208317338025949539E+01   -0.122794368104337082E+01    0.196560298524559607E+01   -0.952672256396779460E+01   -0.589243854163681462E+02   -0.493976628524003516E+02   -0.769515351937697201E+01    1
   -0.136807340379562792E+01    0.236795849586007412E+00   -0.660398995432236458E-01    0.829786866466506456E-01    0.111640786166049111E+01   -0.548181007877701076E-01   -0.433054215290326283E+01   -0.136771729709494139E+01    0.181231953689462011E+01   -0.139220081559567834E+02   -0.633105847797141763E+02   -0.493885766237573947E+02   -0.770515351937697446E+01    1
   -0.128909075260162354E+01    0.612101018428802490E+00   -0.284726381301879883E+00    0.100388526916503906E+00   -0.268330722975633762E+00   -0.418346340671860106E+00   -0.546661835693384779E+00   -0.604063789231759074E+00   -0.857700180119989053E-01   -0.940268871371406867E+01   -0.587696272811482885E+02   -0.493669385674342180E+02   -0.771515351937697069E+01    1
    0.107489272836870509E+01    0.333320621851984633E-01    0.103313279205933028E+00   -0.310601379268262090E+00    0.611332203114898221E+00    0.737932942441830164E+00   -0.240777607688528406E+01   -0.112756576576543921E+01    0.232997885199211163E+00   -0.997423507113804142E+01   -0.593333644410649725E+02   -0.493591293699269329E+02   -0.772515351937696959E+01    1
   -0.139379112591777510E+01    0.352080285555497641E+00   -0.223245704793575639E+00    0.212328236598436693E+00   -0.649073559235375797E+00   -0.700826119067414766E+00   -0.170741922017782577E+01   -0.272591792639786945E+00    0.299896718546165175E+01   -0.106122004674423529E+02   -0.599504110702254422E+02   -0.493382106027830858E+02   -0.773515351937697382E+01    1
   -0.114144098958898721E+01   -0.189964481142991914E+00   -0.174644783233716572E+00    0.582604091407109115E+00   -0.126268524908255131E+00    0.128575229138618852E+01   -0.211756779610936974E+01   -0.365520248063262443E+01    0.157529611705172123E+01   -0.121484154844086820E+02   -0.614594122167543659E+02   -0.493109967323456857E+02   -0.774515351937697538E+01    1
    0.120146512901123348E+01    0.894113106557306025E-01   -0.160224698600305637E+00    0.142358987624952027E-01    0.752150971607079555E-02   -0.147128444217628385E+01   -0.122681931542388134E+01   -0.919139547351051078E+00    0.547425040703046983E+00   -0.916471370328412505E+01   -0.584753809951225918E+02   -0.493106672918384632E+02   -0.775515351937697517E+01    1
   -0.112276574816029573E+01   -0.436183738074040761E-01    0.234829571806931314E+00   -0.824121310954113451E-01   -0.606317630814601216E+00   -0.152159844762650209E+01   -0.326241376626510426E-01   -0.131681030204731542E+01    0.215972246694832393E+01   -0.100208695421833376E+02   -0.593289480084502259E+02   -0.493080784662668918E+02   -0.776515351937697407E+01    1
   -0.137760904141410867E+01   -0.453001454745177501E+00    0.349985081926971420E+00    0.528325033426334523E-01   -0.876963250590279131E+00   -0.434409543910305673E+00   -0.206517670278913101E+01   -0.111188875688071676E+01   -0.926848952423142469E+00   -0.112697652131385340E+02   -0.605392126010028164E+02   -0.492694473878642825E+02   -0.777515351937697297E+01    1
    0.145096303796461346E+01   -0.873733080596639233E-01   -0.124237820639282237E+00    0.412896931270200218E-01    0.479614835268193929E+00   -0.311018549808750266E+00   -0.212316111833501964E+01   -0.187569979982868063E+01    0.131472157021903535E+01   -0.870825417199312035E+01   -0.579469666733488182E+02   -0.492387125013556997E+02   -0.778515351937696565E+01    1
    0.802748143672943115E+00    0.188787102699279785E+00   -0.223777055740356445E+00   -0.207783699035644087E-01   -0.413436174960679637E-01    0.403931902877730009E+00   -0.271993629829694106E+00    0.542657684662799511E+00    0.170067318699125303E+01   -0.104499854388150180E+02   -0.596881785683939441E+02   -0.492381931295789244E+02   -0.779515351937696011E+01    1
   -0.139948135614395142E+01    0.159072697162628174E+00    0.168907284736633301E+00   -0.916173934936523882E-01   -0.158753086203660132E+00    0.105633428244118532E+00   -0.112861763922978731E+01   -0.747768621848763360E+00    0.391948900414149648E+01   -0.117412306788523004E+02   -0.609369770747699135E+02   -0.491957463959176096E+02   -0.780515351937696522E+01    1
   -0.926180458157745523E+00   -0.380611116393591464E+00    0.149513976537110072E+00    0.445546559667203246E+00   -0.655922558968313751E+00    0.835865908367168231E+00   -0.103785619082714198E+01   -0.646953340489062612E+00   -0.212065411111666435E+01   -0.147006080598839119E+02   -0.638729782573186569E+02   -0.491723701974347449E+02   -0.781515351937697123E+01    1
   -0.965840937308707459E+00    0.368731376410702971E+00   -0.348863695860097689E+00    0.322861391950263421E+00    0.483011777890851590E+00    0.461886087508673937E+00   -0.283172793694461689E+01   -0.401285403899009907E+00    0.244250169966903741E+01   -0.109472310429264841E+02   -0.601128549359326243E+02   -0.491656238930061420E+02   -0.782515351937697279E+01    1
    0.130694124950969037E+01    0.281037518128888664E+00   -0.944031891108119137E-01   -0.313314954534175183E+00   -0.653305666672849839E+00    0.356672628464593855E+00   -0.749492291890871964E-01   -0.213873082460281694E+01    0.272386784298419116E+01   -0.101890971585485808E+02   -0.593427192146839673E+02   -0.491536220561353900E+02   -0.783515351937697524E+01    1
   -0.134497600793838501E+01    0.103994071483612061E+00    0.509618759155273438E+00   -0.277277183532714910E+00   -0.116981002727584382E+01    0.923368369827812785E+00   -0.108361237135909483E+01   -0.267343826708497545E+01   -0.220066385073778070E+00   -0.111690705103180825E+02   -0.602671625981190147E+02   -0.490980920878009286E+02   -0.784515351937695993E+01    1
   -0.131518567276386156E+01   -0.249304698550182557E+00    0.697504383467300038E-01    0.302606081043132136E+00    0.537193015637740245E+00    0.330372492463766376E+00   -0.392330752724888043E+01   -0.758951964518246314E+00    0.977119023065142978E+00   -0.124308715559856147E+02   -0.615004938756337509E+02   -0.490696223196481398E+02   -0.785515351937696593E+01    1
   -0.148826908370872069E+01   -0.394385926209297910E+00    0.438248175752093960E+00    0.392231757906976730E-01   -0.137142911692649250E+01    0.395718025390579542E-01   -0.203354603693355784E+01    0.467937496442800693E+00    0.526146724929503984E+00   -0.113541902247880220E+02   -0.603887009813081406E+02   -0.490345107565201204E+02   -0.786515351937697016E+01    1
    0.112739919025890956E+01    0.780227913380608928E-01    0.299107584546560723E-01   -0.285706335517790566E+00   -0.122717296723180880E+01   -0.795966297611130358E+00   -0.344186934515846366E+00   -0.259828844864500752E+01    0.963625806610935109E+00   -0.995943466586400206E+01   -0.589163576236077375E+02   -0.489569229577437355E+02   -0.787515351937697172E+01    1
   -0.141674264237808933E+01    0.421443479945409649E+00   -0.722241199194447736E-01    0.251306073199314417E-01    0.130132095911221768E+00   -0.274938233497891815E+01   -0.186857430939539859E+01   -0.624619242379367279E+00   -0.132255415486838479E+01   -0.151937066633288893E+02   -0.641283697736362228E+02   -0.489346631103073264E+02   -0.788515351937697417E+01    1
   -0.137241940429400988E+01   -0.107774380657637003E-01   -0.337975379740436677E+00    0.697292890688952172E+00    0.126248535029503728E+01   -0.329701593201434606E+00    0.837407049868945652E-01   -0.199540000653882998E+01    0.528296511198505181E+00   -0.992687181960662102E+01   -0.588044030736266734E+02   -0.488775312540200559E+02   -0.789515351937696952E+01    1
    0.102730309105384876E+01    0.102301974458666622E+00   -0.223693962109646538E+00    0.598022036961708414E-01   -0.201708136827392082E+00    0.549138648773351279E-01   -0.822331981984234295E+00   -0.190604305878082414E+01    0.198791628182448243E+01   -0.843620025891206993E+01   -0.573028541222156207E+02   -0.488666538633035543E+02   -0.790515351937697019E+01    1
    0.141836243933770767E+01   -0.323097522997495945E+00    0.582984172448401949E-01   -0.137348484288039030E+00    0.900002318370525245E+00    0.415048113342209091E+00    0.203127866672048407E+00   -0.236980026355581685E+01    0.140300044909622579E+01   -0.988419757258867371E+01   -0.587251633218237927E+02   -0.488409657492351172E+02   -0.791515351937696643E+01    1
    0.145041155344213513E+01    0.600664444895960603E+00   -0.112964849342917950E+00   -0.684745359784446950E+00   -0.818759660984369475E+00   -0.128063128130406712E+00   -0.105075245798502670E+01   -0.928105726012518062E+00    0.281148181669436781E+01   -0.959790469260914492E+01   -0.584333164152493651E+02   -0.488354117226402238E+02   -0.792515351937696444E+01    1
   -0.938311384299429507E+00    0.583915822597107503E-01    0.960397286105101333E-01    0.240632100568642926E-01    0.123702441365935556E+01    0.862142854485909993E+00    0.103624442138993822E+01   -0.213006856228162178E+01    0.216438030968106432E+01   -0.122417427052873897E+02   -0.610613379316815070E+02   -0.488195952263941209E+02   -0.793515351937696778E+01    1
   -0.140679377610061374E+01   -0.410598275080535702E+00    0.290671755529389175E+00    0.183161037857531461E+00   -0.847912741875234133E+00   -0.690313153321540085E+00   -0.151178427122317749E+01   -0.932910308828240886E+00    0.225032388245494985E+01   -0.911685484464132045E+01   -0.579363982157396862E+02   -0.488195433710983693E+02   -0.794515351937696490E+01    1
    0.132536836363297272E+01    0.193306387785607159E+00    0.970054633226598018E-01   -0.519046403627594577E+00    0.273312431448857751E+00   -0.162276277122828050E+00    0.100832471393573564E+01   -0.142384435211283744E+01    0.135068686401496074E+01   -0.102400286193217980E+02   -0.590446734620095981E+02   -0.488046448426878001E+02   -0.795515351937696735E+01    1
    0.131540411568821991E+01   -0.199175244547833419E-01   -0.541778053765584633E+00    0.211645866029736895E+00   -0.142583656720148610E+01   -0.113832739357690116E+01   -0.147976675004997538E+01   -0.104666537441630680E+01   -0.438121095002088401E+00   -0.110088523633010560E+02   -0.598080119965659662E+02   -0.487991596332649138E+02   -0.796515351937696447E+01    1
    0.127939081192016602E+01   -0.614473164081573486E+00    0.688428282737731934E+00   -0.488960933685302745E+00   -0.224528065078857253E+00   -0.614694821900911847E+00   -0.117831262154709271E+01   -0.114359172210356519E+01    0.756887160472388354E+00   -0.823704429568915231E+01   -0.570062613334574024E+02   -0.487692170377682501E+02   -0.797515351937695893E+01    1
   -0.127730151823244031E+01   -0.366133983105829008E+00   -0.751331272819650842E-01    0.655214296254673645E+00   -0.144545166587022322E+00   -0.190015560349365287E-01   -0.206791068658390031E+01    0.391514717824748004E+00   -0.374584793509029401E+00   -0.113770679816445899E+02   -0.601164827644063422E+02   -0.487394147827617559E+02   -0.798515351937696582E+01    1
    0.890757738779804242E+00    0.193466736276923346E+00   -0.191948232052739476E+00   -0.660522703157997437E-01    0.428916406989401366E+00   -0.112957408404668058E+01    0.810321892701040492E+00   -0.721210254024526876E+00    0.169455200628931402E+01   -0.106597194716308792E+02   -0.593931037394507513E+02   -0.487333842678198721E+02   -0.799515351937696650E+01    1
    0.109071868658065796E+01   -0.346378505229949951E+00    0.510354876518249512E+00   -0.502233982086181641E+00   -0.391208343111202339E+00    0.713251560557637831E-01   -0.950073363934506920E+00   -0.366839538166573220E+01    0.143500034149724365E+01   -0.106745241525930741E+02   -0.594003594969186324E+02   -0.487258353443255601E+02   -0.800515351937696096E+01    1
    0.137534304776272753E+01    0.554794897703089873E+00   -0.203344561795002265E+00   -0.539166908684504786E+00   -0.238625321813174196E+01   -0.341575100425188738E+00   -0.848234131957496862E+00    0.515217475661984281E+00    0.763619227237768650E+00   -0.127991783919445403E+02   -0.615148340418186166E+02   -0.487156556498740798E+02   -0.801515351937696785E+01    1
    0.903007899879759712E+00   -0.438056994900939856E+00    0.361480570459974615E+00   -0.209582348834754129E+00    0.103570625248380566E+01    0.814271424638945973E+00   -0.816172268326908812E+00   -0.210115523466242848E+01    0.163482730246073538E+01   -0.934727399089992872E+01   -0.579985439376322205E+02   -0.486512699467322918E+02   -0.802515351937697652E+01    1
    0.123652796931005859E+01    0.613789275686970726E+00   -0.266393155816520566E+00   -0.543779283767716892E+00   -0.187890690794006332E+01    0.140267011676087405E+00   -0.884358712374932798E+00   -0.170219994791182216E+01   -0.331765557774587938E+00   -0.111189914266728849E+02   -0.597560340905254890E+02   -0.486370426638526041E+02   -0.803515351937696920E+01    1
   -0.120388264636417053E+01   -0.229701695566006503E+00    0.133649158010196389E+00    0.351252536314233588E+00    0.112589383340832683E+01    0.715364610606457063E+00   -0.202231891071846803E+01   -0.137211659619538295E+01    0.959871420335503212E+00   -0.945329624054156881E+01   -0.580696984778113432E+02   -0.486164022372697744E+02   -0.804515351937696543E+01    1
    0.144092720746994019E+01   -0.140454769134521484E+00   -0.887038707733154297E-01   -0.843029022216796875E-01   -0.141005216479129558E+01   -0.105118674515892963E+01   -0.191669053929331290E+01   -0.314599560594047034E+01    0.232109382233943506E+01   -0.117435373126754428E+02   -0.603424406598186422E+02   -0.485989033471431995E+02   -0.805515351937697233E+01    1
   -0.145236524133654776E+01   -0.483335678831726678E+00    0.330991775816109168E+00    0.268990267446612474E+00    0.588329048094919926E+00   -0.724705100436722205E+00   -0.137853245062956353E+01   -0.178414098030657442E+01    0.147483822176468515E+01   -0.840942595532895609E+01   -0.569969346894998168E+02   -0.485875087341708607E+02   -0.806515351937697034E+01    1
   -0.127408778024831681E+01   -0.662245393502125523E-02    0.369512834459755579E+00   -0.122435224257654851E+00    0.134463771454420566E+00    0.373671285227601457E+00   -0.902103039530856909E+00   -0.183398650349431591E+01    0.162015447581666217E+01   -0.829866944264057516E+01   -0.568815283474572979E+02   -0.485828589048167245E+02   -0.807515351937696657E+01    1
    0.133470983551790301E+01    0.233073685287199073E+00   -0.790951644287004596E-01   -0.317312197344881530E+00   -0.795681761541118249E+00   -0.676030712694455360E+00   -0.193760013957785282E+01   -0.128044898216671754E+01    0.245916747606998110E+00   -0.926213631043003183E+01   -0.578373352695685412E+02   -0.485751989591385112E+02   -0.808515351937696636E+01    1
    0.126874119043350220E+01   -0.123214244842529297E+00    0.441064953804016113E+00   -0.683314037322998113E+00    0.114338021551134261E+01   -0.435263763375814905E+00   -0.247567760073366117E+01   -0.420050126953128711E+00    0.219002624700010529E+01   -0.104763888235019706E+02   -0.590338211776714203E+02   -0.485574323541694497E+02   -0.809515351937696259E+01    1
    0.131633270325442586E+01   -0.306486549592258850E+00    0.126201354703015411E+00   -0.153224130544623582E+00   -0.944375619827724222E+00   -0.787147422773841754E+00   -0.431883520740256932E+00   -0.243594657738526621E+01    0.210987241215775612E+01   -0.971300714268782528E+01   -0.582644028481778520E+02   -0.485513957054900303E+02   -0.810515351937696593E+01    1
    0.109295827499679721E+01   -0.130915468642688548E+00   -0.858319149100407186E-01    0.544643602075700617E-02   -0.227499952030711938E+00    0.265946885759831331E+00   -0.139606866797407725E+01   -0.307842065001295850E-01    0.148150505802163956E+01   -0.907542267386028634E+01   -0.576079804292491247E+02   -0.485325577553888365E+02   -0.811515351937696572E+01    1
    0.134754153680236222E+01    0.456864746663498966E+00   -0.286944564535049906E+00   -0.741786780623689967E-01    0.232004113732159567E+01   -0.119687453372648633E+01   -0.154942876352720282E+01   -0.307115465521974329E+00    0.102927294223832200E+01   -0.118781413690736333E+02   -0.604082794282818440E+02   -0.485301380592082126E+02   -0.812515351937696728E+01    1
    0.134403404530878046E+01    0.633014580937128812E+00   -0.333534393996252509E+00   -0.498799387672296923E+00    0.428771596881460937E+00   -0.517053524639550233E+00   -0.144232694177503595E+01   -0.220379319360404224E+01    0.229778569026279911E+01   -0.901877205432630369E+01   -0.575304051424590313E+02   -0.485116330881327258E+02   -0.813515351937696707E+01    1
   -0.117043347808178977E+01    0.316318539321617687E+00   -0.502675145561152337E+00    0.603888575778251280E+00   -0.422752841039937266E+00   -0.881492244224091337E+00   -0.198893568811058663E+01   -0.657898632026672203E+00    0.107731196070631108E+01   -0.896500783304910875E+01   -0.574738795471910322E+02   -0.485088717141419252E+02   -0.814515351937696508E+01    1
   -0.139672963566230490E+01   -0.516657603126445153E+00    0.279271041527873187E+00    0.399554151727630424E+00   -0.541960556282674588E+00    0.164096441195965781E+01   -0.229967018471711526E+01   -0.855107927592371198E+00   -0.405813456917485160E+00   -0.120106124578800149E+02   -0.604952979080281423E+02   -0.484846854501481275E+02   -0.815515351937696664E+01    1
    0.127979260006135398E+01    0.280731463825042216E+00   -0.229345962915944668E+00   -0.921771768790404789E-01   -0.859495656465014690E+00   -0.228456104579208785E+00   -0.271900681704323688E+01   -0.144225409232035418E+01    0.101980160901689509E+01   -0.965088807474683819E+01   -0.581246972333398020E+02   -0.484738091585929638E+02   -0.816515351937696643E+01    1
   -0.145296948840054041E+01   -0.532353883855720689E-01    0.185639819601248979E+00    0.986908369845224120E-01   -0.153179765458162365E+00   -0.182567166265812375E+01   -0.464973887579844591E+00   -0.560119440946209579E+00    0.275870910760545485E+01   -0.109910965984530264E+02   -0.594436599033506070E+02   -0.484525633048975806E+02   -0.817515351937696622E+01    1
   -0.143971754514312500E+01    0.330039306005401434E+00   -0.287098192667683216E+00    0.336223806283833859E+00    0.112216496419137002E+01    0.231194571146033978E+00   -0.102648826952304240E+01   -0.474994100214871651E+00    0.817542530047603799E+00   -0.919614748510003110E+01   -0.576344159779007015E+02   -0.484382684928006739E+02   -0.818515351937696600E+01    1
    0.108982893337989761E+01    0.786678259337840746E-01    0.784284759708435697E-01   -0.484520731766618584E+00    0.150421120141686515E+01    0.291215621302854388E-01   -0.144548659883980668E+01   -0.898714126743698216E+00    0.156766769000910267E+01   -0.933339710629332053E+01   -0.577688640917793848E+02   -0.484354669854860660E+02   -0.819515351937696224E+01    1
    0.123316272825585704E+01    0.373457263153942121E+00   -0.320751783615713215E+00   -0.152504494536281010E+00   -0.187971883930231343E+00   -0.152021761960554613E+01   -0.147185121286724985E+01   -0.207354651278251367E+01   -0.763659831508220810E+00   -0.112225963953621406E+02   -0.596543230883216751E+02   -0.484317266929595363E+02   -0.820515351937696558E+01    1
   -0.107491038258953853E+01   -0.128911200803982773E-02    0.678335981604087923E-01    0.922422209759006240E-01   -0.129278153888094494E+01    0.332809771873599503E-01   -0.140564370595143351E+01   -0.232469270410661011E+01    0.219820026722686634E+01   -0.972466502741104577E+01   -0.581550218593129955E+02   -0.484303568319019462E+02   -0.821515351937696714E+01    1
   -0.125018641565538013E+01    0.322557242734042626E+00   -0.104553080157718359E+00    0.152534056652434247E+00    0.856265218409362205E+00    0.841820207155024036E+00   -0.486267827158144206E+00   -0.107445008014906307E+01    0.891380218639597155E+00   -0.916013513133841251E+01   -0.575894834864344318E+02   -0.484293483550960175E+02   -0.822515351937696693E+01    1
    0.128852033615112305E+01    0.724784731864929199E-01   -0.572303533554077148E-01   -0.198095417022705056E+00   -0.193119843043291439E+01    0.221567593047780065E+01   -0.226968604762191717E+01   -0.205276886954266047E+01    0.694852708594453583E+00   -0.137428577943999599E+02   -0.621395879279715331E+02   -0.483967301335715732E+02   -0.823515351937696671E+01    1
    0.136720338028605592E+01    0.424602040763648603E+00   -0.287179205203879184E+00   -0.658539970218608994E-01    0.833817272886108185E+00   -0.633647513279810837E-01   -0.269409870942922680E+01   -0.451227799350135683E+00    0.134556615902397447E+01   -0.100125940184421722E+02   -0.583591392517103529E+02   -0.483465452332681807E+02   -0.824515351937696295E+01    1
    0.105349590597724285E+01    0.481432139890624722E+00   -0.301839867631953140E+00   -0.410647141680463679E+00   -0.621829074117385971E+00   -0.117314403421573843E+01    0.979248797260652504E+00   -0.731473380017177988E-01    0.948406926764846725E+00   -0.117465202498156795E+02   -0.600843333460045415E+02   -0.483378130961888601E+02   -0.825515351937696096E+01    1
    0.127631906561218589E+01   -0.348373811725382510E+00    0.130539113137360330E+00   -0.122020553419007194E+00    0.237045026568694084E+00   -0.813549377722893041E+00   -0.290711060131341181E-01   -0.175899393545819294E+01    0.296664146290936515E+01   -0.102811623668765968E+02   -0.586072272472133733E+02   -0.483260648803367800E+02   -0.826515351937696252E+01    1
    0.148819880520687553E+01    0.135071055749000024E+00    0.133663864525130904E-01   -0.535785422575244752E+00   -0.616534921849734019E+00   -0.884414765192786945E+00   -0.833285958368605639E+00   -0.174109188089801137E+01   -0.219914071018365354E+00   -0.959288041879780273E+01   -0.578921957707112753E+02   -0.482993153519134708E+02   -0.827515351937696408E+01    1
    0.119538212664591281E+01   -0.196760558805597618E-01   -0.170077074281289597E-01   -0.248402593434875807E+00   -0.242707391959129382E+00   -0.442037685171499051E+00    0.133955459569961244E+00   -0.102841824124084269E+01    0.169317822706602805E+01   -0.895086233162493095E+01   -0.572400298461753110E+02   -0.482891675145503783E+02   -0.828515351937696565E+01    1
    0.145618243100239475E+01    0.131570176354769419E+00   -0.185922624259253544E+00   -0.107025164483288138E+00   -0.100071567293866792E+01   -0.516760956248845105E+00   -0.122913175998633029E+01   -0.259047011327425025E+01    0.351319109818973629E+01   -0.117607024032157401E+02   -0.600485171190687481E+02   -0.482878147158530098E+02   -0.829515351937696543E+01    1
   -0.139722150769579478E+01   -0.547547961916632353E-01   -0.824545306084973895E-01    0.530560499832164689E+00   -0.542143958829228723E+00    0.179596311776322237E+00   -0.581856992320126443E+00   -0.678734917738665899E+00    0.114819684946496858E+00   -0.922418419030127801E+01   -0.575110706768948958E+02   -0.482868864865936160E+02   -0.830515351937696344E+01    1
   -0.130175426580138920E+01    0.215471483301447053E+00    0.912835954332980037E-02    0.658129282430686136E-01   -0.666652356104577848E+00   -0.165197977825073339E+00   -0.153634979961111617E+01   -0.100476936186510102E+01    0.107554361849111069E+01   -0.836207801877146828E+01   -0.566286049251958232E+02   -0.482665269064243532E+02   -0.831515351937696146E+01    1
   -0.133210980892181396E+01    0.369467675685882568E+00   -0.418097615242004395E+00    0.505807018280029386E+00   -0.209728212927302593E+00   -0.108219592547925458E+01   -0.150096321139812949E+01   -0.173079355424647474E+01    0.203461132666575395E+01   -0.881179215197340859E+01   -0.570778354078996983E+02   -0.482660432559262915E+02   -0.832515351937696302E+01    1
    0.976955221178952726E+00   -0.649891824848662925E-01    0.177852037448156253E-02   -0.112041666596269129E+00    0.109123139846474260E+01   -0.198793769797362074E+01   -0.248879926213589897E+01   -0.965851142608471491E+00    0.101744031464591012E+01   -0.112559424504546897E+02   -0.595182533884558680E+02   -0.482623109380011783E+02   -0.833515351937696813E+01    1
    0.125103092101332036E+01    0.292208119286040180E+00   -0.131533506345059559E-01   -0.462263080948450256E+00    0.101383934038608459E+01    0.554870924985380043E+00   -0.548470465929540074E+00   -0.151262204029876557E+01    0.216803233694804476E+01   -0.931176356830044760E+01   -0.575677930379484550E+02   -0.482560294696480057E+02   -0.834515351937696437E+01    1
    0.117941223995322009E+01    0.550438274876355660E+00   -0.430609941260162610E+00   -0.342026823855318463E+00   -0.183530870135996338E+01   -0.110882641091961887E+01   -0.791921785236126885E+00   -0.886139260884419855E+00    0.509764576667066871E+00   -0.105346232859706816E+02   -0.587834158823345589E+02   -0.482487925963638773E+02   -0.835515351937696593E+01    1
   -0.784405199438930167E+00    0.166444530561469239E-01    0.881806213429872088E-01   -0.536180422414622715E-02    0.142075581774975035E+01   -0.448337815427066688E+00   -0.191136141676111015E+01   -0.192365968930403142E+01    0.115329986915071481E+01   -0.946684392725176060E+01   -0.577100592321782386E+02   -0.482432153049264798E+02   -0.836515351937696927E+01    1
    0.710542827141273037E+00    0.129620382543753854E+00   -0.133361895356900129E+00   -0.176069099614547531E-01   -0.251317708485885305E+00   -0.112666092851554822E+01   -0.240625741174994801E+01    0.119212038404157283E+00    0.111965690421698150E+01   -0.104306071596261543E+02   -0.586690339475252500E+02   -0.482384267878990940E+02   -0.837515351937696906E+01    1
   -0.977696070467611311E+00   -0.447295917569354495E+00    0.147869202870654970E+00    0.450448587735738704E+00   -0.746690647214336423E+00   -0.737686364581122689E+00   -0.277102584168574140E+01   -0.990180493442949228E-01    0.143049254318498265E+01   -0.106214718114236089E+02   -0.588414159669035399E+02   -0.482199441554799293E+02   -0.838515351937696174E+01    1
   -0.140537082724184348E+01   -0.279697211789701417E+00    0.284133852629028461E+00    0.197174716893281143E+00    0.908895178650936941E+00   -0.426270123269887280E+00   -0.104636616327866228E+01   -0.277675310879317294E+01    0.268602229531438752E+01   -0.103641881542180379E+02   -0.585822959272363590E+02   -0.482181077730183176E+02   -0.839515351937695975E+01    1
    0.142852839828294931E+01    0.130943518370680634E+00    0.887275843752366455E-01   -0.630583603762185585E+00   -0.118895514536347946E+01   -0.102371678721851822E+01   -0.110200151791673284E+01   -0.237618579383365613E+01    0.341164071271236935E+01   -0.118020874775166824E+02   -0.600171811755248115E+02   -0.482150936980081255E+02   -0.840515351937696487E+01    1
    0.100894465787591292E+01    0.339485130421162573E+00   -0.192490198180037986E+00   -0.349840181133906303E+00   -0.100675095162955586E+01   -0.116651741930922981E+01   -0.190156379145605547E+01   -0.467222428013656099E+00    0.915518411114817576E+00   -0.975190352452004916E+01   -0.579608012371816415E+02   -0.482088977126615958E+02   -0.841515351937696821E+01    1
    0.127087480060266689E+01    0.351475787260973505E+00   -0.279312847977459366E+00   -0.106447333282963186E+00   -0.163955341271616817E+01   -0.114264277878760367E+01   -0.223363794827832862E+01    0.388927192453820680E+00    0.718161134503816578E+00   -0.121332082927121601E+02   -0.603399446969977831E+02   -0.482067364042856212E+02   -0.842515351937696266E+01    1
    0.109278474837025552E+01    0.112302477399226941E+00   -0.200705669970743461E+00    0.140306234585884093E-01    0.512415993517834067E+00    0.100227649862858925E+01   -0.174138379834744206E+01   -0.134644737537769288E+01    0.585384422112156466E+00   -0.921756338058853864E+01   -0.574217378457648095E+02   -0.482041744651762727E+02   -0.843515351937695534E+01    1
   -0.130933958377062898E+01   -0.557442847189937640E+00    0.207812961669953555E+00    0.544306580206465940E+00   -0.771933854388180407E+00   -0.205488732115099437E-01   -0.182249164727977564E+01   -0.141112880006971864E+01    0.205377035311926193E+01   -0.883061137095479864E+01   -0.570312040991472102E+02   -0.482005927281924116E+02   -0.844515351937695691E+01    1
    0.121255281968296602E+01    0.245245127829940124E+00    0.192705032598070591E-01   -0.457132891343858261E+00    0.143416893091966813E+01   -0.134245081315043535E+01   -0.200924215027157516E+01   -0.228230735835154519E+01    0.141222546977473962E+01   -0.104664838962097946E+02   -0.586574909062778218E+02   -0.481910070100680272E+02   -0.845515351937696202E+01    1
    0.139384056218278030E+01    0.447069449810008956E+00   -0.292899041408686056E+00   -0.296362374612526680E+00    0.504112857555583105E+00   -0.528295868247141698E+00   -0.123318158870347339E+01   -0.883681136527911804E+00    0.129813598240502892E+01   -0.828099800859926205E+01   -0.564705844304920319E+02   -0.481895864218927699E+02   -0.846515351937696536E+01    1
   -0.146442812456396543E+01   -0.352177678044957476E+00    0.490581571008288364E-01    0.658964479482635035E+00   -0.652234536577225299E+00   -0.170859443548920353E+01   -0.362729596871531390E+00   -0.212473754383040614E+01    0.108965419946684983E+01   -0.989508194237499872E+01   -0.580842085319995789E+02   -0.481891265896245784E+02   -0.847515351937696160E+01    1
    0.129875124392489738E+01   -0.180252150275988843E+00    0.824855268410900067E-01   -0.233844821821771798E+00   -0.224036427105261282E+01   -0.750216226764450766E+00   -0.388117308147002182E+00   -0.168641824509563776E+01    0.247796903311268579E+01   -0.116650527080796138E+02   -0.598427999831756949E+02   -0.481777472750960811E+02   -0.848515351937696316E+01    1
    0.124041083599948099E+01   -0.774229129820711570E-01   -0.152545519455001832E-01   -0.140082332120822661E+00   -0.111834464842445414E+01    0.106631921501616489E+01   -0.147063358040327308E+01   -0.168358991022728333E+01    0.108671766647034951E+01   -0.948057921476634746E+01   -0.576549687662585484E+02   -0.481743895514921974E+02   -0.849515351937696295E+01    1
   -0.127959292634609234E+01    0.820699380232323694E-01    0.959593256996229549E-01    0.161599616311377536E-01    0.968177954717930334E+00    0.133403934405691871E+01   -0.172690733936747143E+01   -0.700756404384037523E+00    0.187397538735353941E+01   -0.101878228852700641E+02   -0.583410665748827881E+02   -0.481532436896127223E+02   -0.850515351937696629E+01    1
    0.118446147967119941E+01    0.194676842738182421E+00    0.862644288717251406E-01   -0.512860894995915029E+00   -0.156372878685715477E+00    0.954342286355540637E+00   -0.270811111973102925E+01   -0.124512637248358260E+01    0.243435672483656385E+00   -0.104215013307692921E+02   -0.585589453027647693E+02   -0.481374439719954808E+02   -0.851515351937696785E+01    1
   -0.142417096498552187E+01   -0.508559426111521939E+00    0.382655610637741672E+00    0.381473277310307335E+00   -0.137695957131313662E+01   -0.139553814630403394E+01   -0.369149924791827067E+00   -0.348455838833046982E+01   -0.309288526572117695E+00   -0.133370755868047883E+02   -0.614667090523273458E+02   -0.481296334655225593E+02   -0.852515351937696408E+01    1
   -0.131681215576156885E+01   -0.251846830475107142E+00    0.479327900778373062E+00    0.220751123268432270E-01   -0.102563662440957160E+01   -0.100177609491424846E+01   -0.140489372861679818E+01   -0.113366941196204607E+01    0.210981144307538671E+01   -0.925204969588106252E+01   -0.573770889260286125E+02   -0.481250392301475500E+02   -0.853515351937696032E+01    1
   -0.142190721814429644E+01   -0.458936876374191893E-01   -0.690861340342874275E-02    0.303418662538820438E+00   -0.492543090148274132E+00    0.172504552932650823E+00   -0.142433702554740171E+01   -0.235620474254687906E+01    0.784873426658805551E+00   -0.876517058021308415E+01   -0.568862543723803924E+02   -0.481210837921673047E+02   -0.854515351937695655E+01    1
    0.137318604221356733E+01    0.277613696782607278E+00    0.145820724330620877E-01   -0.516509508624489522E+00    0.427865930111011039E+00    0.399207566441646178E+00   -0.118120831546661953E+01   -0.707067754932495518E+00    0.171714373904137596E+01   -0.855599928986585390E+01   -0.566686584429542179E+02   -0.481126591530883658E+02   -0.855515351937696344E+01    1
   -0.119036382436752319E+01    0.445899724960327148E+00   -0.277969121932983398E+00    0.191813373565673850E+00   -0.364928916212647891E-01   -0.641720232143825342E+00   -0.196838217531762871E+01   -0.265666595063635214E+01    0.268151147838693760E+01   -0.102291268542109641E+02   -0.583398912246370429E+02   -0.481107643704260752E+02   -0.856515351937696323E+01    1
   -0.126132989361121650E+01   -0.502159532431819877E+00    0.137380029401595882E+00    0.544294456619127009E+00    0.997444825160300752E+00    0.108854143279017990E+01   -0.145544900771824337E+01    0.220757164753422330E+00    0.109605758001407816E+00   -0.112905534311576634E+02   -0.593816274901406658E+02   -0.480910740589830041E+02   -0.857515351937696124E+01    1
   -0.132296775772115849E+01   -0.225200643233673503E+00    0.264816411382258643E+00    0.783484324396099829E-02    0.107185413166803301E+01    0.802344730219601843E+00   -0.180262874596678535E+01   -0.243299436117354162E+01    0.162017393875544280E+01   -0.985434334251971222E+01   -0.579446315448350120E+02   -0.480902882023152998E+02   -0.858515351937696103E+01    1
    0.143630117734307383E+01   -0.110597206982911977E-01    0.185506602111546126E+00   -0.520100283522785922E+00   -0.535462601288827500E+00   -0.139966151158091634E+01   -0.155901228267452985E+01    0.940656107729864743E-01    0.192462148322306370E+01   -0.102677090740863388E+02   -0.583538393832144706E+02   -0.480861303091281300E+02   -0.859515351937696259E+01    1
   -0.143321507212817489E+01   -0.280868319952126910E+00    0.278743676230978510E+00    0.748762183938831427E-01    0.140917600239163221E+00    0.206943648792048462E+00   -0.760972977597020650E+00   -0.105552516764760185E+01    0.156710601117652026E+01   -0.820411112876435311E+01   -0.562675318209989754E+02   -0.480634206922346223E+02   -0.860515351937696771E+01    1
    0.945122037646324742E+00    0.437261787697381665E+00   -0.154484951901801781E+00   -0.439088704010858311E+00   -0.591981704000090758E+00   -0.649463090584276870E+00   -0.366247600312590071E+00   -0.145638407312276286E+01    0.262946151349410684E+01   -0.944906200503372951E+01   -0.575110965389493600E+02   -0.480620345339156287E+02   -0.861515351937696039E+01    1
   -0.144944387050345336E+01    0.213217908896313757E+00   -0.677386903367005466E-02    0.949870682383904263E-01    0.173516386029291425E+01   -0.213938694770490656E+01   -0.274292639761711143E+01   -0.203367556923808479E+01    0.334591587459840412E+01   -0.150800860928079317E+02   -0.631147683686105552E+02   -0.480346822758026235E+02   -0.862515351937695662E+01    1
   -0.140060659155309186E+01   -0.519934007519946784E+00    0.243242518120177831E+00    0.483722399699642702E+00   -0.169916032085779989E+01   -0.108771261573906486E+01   -0.197682977846284280E+01   -0.136261587100420911E+01    0.160773531050494989E+01   -0.102443583999509631E+02   -0.582770721042193784E+02   -0.480327137042684171E+02   -0.863515351937696352E+01    1
    0.147572565078735352E+01    0.426794886589050293E-01    0.220624446868896484E+00   -0.628860187530517645E+00    0.314534823894518922E-01   -0.449363003195912769E+00   -0.144172045385289471E+01   -0.152447791981671799E+01    0.200502503651364350E+01   -0.832849060780324635E+01   -0.563496953796505409E+02   -0.480212047718472945E+02   -0.864515351937696508E+01    1
    0.128781004169980928E+01    0.272573519018794785E+00    0.597129510239629013E-01   -0.575185789787851842E+00    0.680087696433702149E+00   -0.175702327109092893E+00   -0.557019121064285860E+00   -0.184008387069638957E+01    0.319084650707623041E+01   -0.102924263800475781E+02   -0.583083560841857107E+02   -0.480159297041381308E+02   -0.865515351937695954E+01    1
   -0.107207326975180139E+01   -0.459503754870955294E+00    0.230626836008841707E+00    0.393592304062708953E+00   -0.229707800691585362E+00   -0.120851261247139519E+01   -0.160161200947982230E+01   -0.103020811901274101E+01    0.291342678167441083E-01   -0.946010029072325409E+01   -0.574703757096313907E+02   -0.480102754189081367E+02   -0.866515351937696288E+01    1
    0.119241982698440552E+01   -0.189353406429290771E+00    0.147926807403564453E+00   -0.314388179779052757E+00   -0.122299410305345191E+01   -0.546614290816478388E+00   -0.992892925468140453E+00   -0.271475280273875796E+01    0.478182410300860505E+00   -0.995673248956560819E+01   -0.579631718877587474E+02   -0.480064393981931374E+02   -0.867515351937696266E+01    1
    0.123477784724130224E+01    0.173039156988896714E+00    0.529061690040428800E-01   -0.459422124264678045E+00    0.326376262058829525E+00    0.123098782545412233E+00   -0.741708719255029569E+00   -0.176298256586846946E+01    0.561016006589625471E+00   -0.843758688994565631E+01   -0.564432463705545899E+02   -0.480056594806089336E+02   -0.868515351937696423E+01    1
   -0.144808884481637112E+01    0.849314456285883423E-01    0.700500884690966608E-01    0.164248252463249145E+00   -0.610115959810855202E+00   -0.774597288406084772E+00   -0.228785999880642521E+01   -0.175996680883713452E+01    0.612529311084699879E+00   -0.929020266006495099E+01   -0.572926667541110746E+02   -0.480024640940461254E+02   -0.869515351937696934E+01    1
    0.132577565497491090E+01   -0.832872297960736141E-01    0.398435950630835256E+00   -0.717200915295816754E+00   -0.836574454300489379E+00   -0.798073457580130707E+00   -0.181824238867307009E+01   -0.163267141803657978E+01    0.112028178492096253E+01   -0.878460398107742968E+01   -0.567770143242758110E+02   -0.479924103431983795E+02   -0.870515351937696735E+01    1
    0.902513304158823804E+00   -0.167226440466698545E+00    0.803353198089189480E-01   -0.176856965333852534E+00    0.767548182662949330E+00   -0.168005440735328193E+01   -0.402429991842154555E+00   -0.121136154982309563E+01    0.645026485254902804E+00   -0.983228651570201961E+01   -0.578183086809589497E+02   -0.479860221652569265E+02   -0.871515351937696181E+01    1
    0.105123395055855973E+01    0.510397578212187675E+00   -0.458657505872056559E+00   -0.282410921726142683E+00   -0.732777937287210079E-02    0.226640479196476063E+00   -0.141044197581209096E+01   -0.172649781068116681E+01    0.103107735701655678E+01   -0.816531679276149802E+01   -0.561461888727374117E+02   -0.479808720799759101E+02   -0.872515351937695982E+01    1
    0.119916925478108061E+01   -0.858979555992953614E-01    0.101496017648440073E+00   -0.371361304090072730E+00    0.816111743773717535E+00   -0.214196337509520107E+00   -0.207224229898542944E+01   -0.234257560010405541E+01    0.443373790654959743E+00   -0.953777645478886704E+01   -0.575024274865076066E+02   -0.479646510317187378E+02   -0.873515351937696316E+01    1
   -0.836445808410644531E+00    0.159739673137664795E+00   -0.116434931755065918E+00    0.179309463500976540E+00    0.396599789872880137E+00   -0.214794201043901012E+01   -0.725631969831965540E+00   -0.172621037492149298E+01    0.149652112264789161E+01   -0.101233632688681929E+02   -0.580838308299252333E+02   -0.479604675610570439E+02   -0.874515351937695762E+01    1
    0.840381056333601606E+00   -0.243033492020866104E+00    0.318974147836145860E+00   -0.350922726042291189E+00   -0.236336978198664838E+01    0.369433542574597651E+00   -0.891081608343710974E+00   -0.589919161405987325E+00    0.153039767352538769E+00   -0.118652814678705685E+02   -0.598250007634758845E+02   -0.479597192956053178E+02   -0.875515351937695741E+01    1
    0.119999246784637581E+01    0.408000525791444524E+00   -0.172691316363235869E+00   -0.408946951875790277E+00   -0.769603012760171623E+00    0.446252075990969443E+00   -0.883102083886342148E+00   -0.170297565629539349E+01    0.881130146573241513E+00   -0.859447742216899080E+01   -0.565459824126996935E+02   -0.479515049905307009E+02   -0.876515351937696252E+01    1
    0.139889842891320804E+01    0.708068007979991698E-01    0.665787316950734454E-01   -0.404442846292289993E+00    0.756244416974141132E+00    0.114592921682970028E+00   -0.191532055497759734E+01   -0.867611200141027439E+00   -0.342313580664494799E+00   -0.100394755146522758E+02   -0.579811158508396360E+02   -0.479416403361873620E+02   -0.877515351937696231E+01    1
    0.116794672927696919E+01    0.280980684342420517E+00   -0.844573852906275180E-01   -0.355231007396209719E+00    0.110107377307826937E+01    0.113971380545763223E+00   -0.184753410520329431E+01   -0.310632333579746955E+01   -0.137298687949396259E+00   -0.113239652209928856E+02   -0.592509826114407190E+02   -0.479270173904478298E+02   -0.878515351937696209E+01    1
    0.949061779215651491E+00   -0.293117201429392349E+00    0.346076126957848285E+00   -0.347442752348676276E+00    0.249159116243617973E+00   -0.843091197560852379E+00   -0.244735223894053888E+01   -0.520902900587998374E+00   -0.128653895848287880E+01   -0.127364429863133939E+02   -0.606608380718907583E+02   -0.479243950855773662E+02   -0.879515351937696188E+01    1
   -0.123357774062458558E+01    0.173784840765751625E+00    0.445526152641284590E-01    0.391911954505594906E-01    0.129214115167656018E+01   -0.163120832438607921E+00   -0.158716196943828414E+01   -0.181523163951965216E+01    0.135698003915308640E+01   -0.899611003534960041E+01   -0.569171805034502327E+02   -0.479210704681006305E+02   -0.880515351937695812E+01    1
    0.144165661107372234E+01    0.346560479697799018E+00   -0.724992334939124072E-01   -0.493686474881514847E+00   -0.338469794644424837E-01   -0.118347605210828932E+00   -0.144479190401739266E+01   -0.142452095022349567E+01    0.107729500923255750E+01   -0.803139717816233301E+01   -0.559496989882717202E+02   -0.479183018101093907E+02   -0.881515351937695790E+01    1
   -0.140452035622590610E+01   -0.567930038276724392E+00    0.149951709280754297E+00    0.734149604172250170E+00    0.864829445049508649E-02   -0.231795610342260205E+00   -0.457566668213757799E+00   -0.262222107308502927E+01    0.211174945169091188E+01   -0.928045679114587863E+01   -0.571983766947918895E+02   -0.479179199036460091E+02   -0.882515351937695769E+01    1
   -0.148060236138127155E+01   -0.448656921976574363E+00    0.896054937889068093E-01    0.703323520932315871E+00   -0.683154895017423769E+00   -0.414249036358569300E+00   -0.171197000490906226E+01   -0.908686441722466043E+00    0.656127281132512730E+00   -0.870011681089030553E+01   -0.566138790110729602E+02   -0.479137622001826529E+02   -0.883515351937695925E+01    1
    0.954555840387366406E+00   -0.874826591410822196E-01    0.170194382071769290E+00   -0.384943019591045321E+00    0.442549432844998591E+00    0.257892849475638342E+00   -0.572295972864367064E+00   -0.194497443521527202E+01    0.261680396369342816E+01   -0.935849076847702932E+01   -0.572674411839026902E+02   -0.479089504154256574E+02   -0.884515351937695904E+01    1
   -0.134359413385391235E+01    0.712677240371704102E-01    0.581490993499755859E-01    0.126543521881103516E+00   -0.748094174490461228E+00   -0.762368821948484765E+00   -0.255969791452912432E+01   -0.174839337065577638E+00    0.971531571113928516E+00   -0.102418537766160700E+02   -0.581322506903533878E+02   -0.478903969137373196E+02   -0.885515351937696238E+01    1
   -0.130223725133683499E+01    0.522203671395654823E+00   -0.677836697996657245E+00    0.581272078571329454E+00    0.829595049759745962E+00    0.419787131887687848E+00   -0.144830356397847004E+01   -0.808388343313026780E+00    0.225209392551164456E+01   -0.919581161302377659E+01   -0.570826032923013074E+02   -0.478867916792775290E+02   -0.886515351937696394E+01    1
   -0.965650947223413270E+00   -0.128740458974126559E+00    0.162329195066579057E+00    0.846237402200351596E-01    0.113058650260086324E+01   -0.464756933512262493E+00   -0.198921968222975698E+00   -0.897378198950491424E+00    0.113231542392782125E+01   -0.918178640872486440E+01   -0.570654603892915588E+02   -0.478836739805666980E+02   -0.887515351937696018E+01    1
    0.117255999567161551E+01   -0.347452454129486110E+00    0.123402382593611026E+00   -0.114998583545850019E+00   -0.774231701086591784E-01    0.194390987376323210E+01   -0.167720073051327723E+01   -0.274844484811069378E+01    0.358493369079724511E+00   -0.117030266815185175E+02   -0.595792452043653071E+02   -0.478762185228467914E+02   -0.888515351937696174E+01    1
    0.790292323616514913E+00    0.356160344112590233E+00   -0.315066857305066783E+00   -0.233192819621244163E+00    0.526477567651681966E+00   -0.288887443669295862E+01   -0.203259610159989279E+01   -0.260642121114642578E+00    0.696100600713407625E+00   -0.129904468156985882E+02   -0.608660547294044818E+02   -0.478756079137058919E+02   -0.889515351937696330E+01    1
    0.964217462529997960E+00    0.228365453116495143E+00   -0.150349370977568730E+00   -0.237875153141659967E+00   -0.702136177598049471E+00   -0.108188188788631123E+01   -0.389578480868521870E+00   -0.197922441216974221E+01    0.149656931156300765E+01   -0.906403310477522162E+01   -0.569392861750900749E+02   -0.478752530703148551E+02   -0.890515351937696309E+01    1
   -0.131604676531813070E+01   -0.384316945921280517E+00    0.171676462211745040E-02    0.676636315155893175E+00   -0.142362601160925806E+01    0.454765111843471515E+00    0.375849414241429480E+00   -0.232954004947828253E+01    0.185927970432771894E+01   -0.108873616989502100E+02   -0.587617242344203419E+02   -0.478743625354701337E+02   -0.891515351937696288E+01    1
    0.722610345369194995E+00   -0.184702719819880290E+00    0.319762975013327733E+00   -0.363294777696124394E+00    0.122194539923043521E+01    0.232903180132098042E+00   -0.217609795155908614E+01   -0.130882933584985039E+01    0.159863111833260541E+01   -0.941464974834930146E+01   -0.572838282766052203E+02   -0.478691785282559152E+02   -0.892515351937696089E+01    1
    0.137647649958512197E+01   -0.221971704541048531E+00    0.338034367834642691E+00   -0.517674147904751969E+00   -0.530085096360153329E+00   -0.845403204008334797E+00   -0.162005628931069601E+01   -0.244319756742470418E+00    0.151516938893905739E+01   -0.913938106860336319E+01   -0.569949322811946146E+02   -0.478555512125912514E+02   -0.893515351937696423E+01    1
    0.147744505344871113E+01    0.364601827359485320E+00   -0.195711312696909667E+00   -0.353259679981563601E+00    0.302100790958093057E+00   -0.500196650724546998E+00   -0.706726805639163791E+00   -0.104907642852367644E+00    0.246677924731898202E+01   -0.968696272747743237E+01   -0.575404891978283359E+02   -0.478535264703509000E+02   -0.894515351937696579E+01    1
    0.127882755593261477E+01    0.322491964662411146E+00   -0.241913091558208282E+00   -0.250730992119627571E+00   -0.680776694952101025E+00   -0.165963564112757922E+01   -0.227521665825633823E+00   -0.154785435013195638E+01    0.157571065246770581E+01   -0.972901349323864650E+01   -0.575822365145229469E+02   -0.478532230212843004E+02   -0.895515351937696202E+01    1
   -0.130883949743759698E+01    0.545269607278967339E+00   -0.607783342672492233E+00    0.498644288672045466E+00   -0.456409966849378179E+00    0.322079612006973603E+00    0.127931119496907053E+00   -0.199031334875712673E+01    0.111327522551505376E+01   -0.914041207377631082E+01   -0.569863705223632593E+02   -0.478459584485869485E+02   -0.896515351937696181E+01    1
    0.118948798187115923E+01    0.634238076985302879E-01    0.191775388807914116E+00   -0.621766450357882583E+00   -0.117806735275621577E+01   -0.943648153644289778E+00   -0.155838861636538928E+00   -0.101142112080765401E+01    0.206292934047610288E+01   -0.978662775374075267E+01   -0.576118702343377365E+02   -0.478252424805969838E+02   -0.897515351937695982E+01    1
   -0.948083114693326845E+00   -0.364767595693633373E+00    0.254569609991277979E+00    0.296384428925485999E+00    0.245346998792683735E-01   -0.786743175141282336E+00   -0.138923621421668009E+01   -0.208270220219560542E+01    0.132002615419764902E+01   -0.841549747614261179E+01   -0.562292359213971480E+02   -0.478137384452545362E+02   -0.898515351937695428E+01    1
    0.142031661828591194E+01   -0.644858574768340409E+00    0.597422130934050610E+00   -0.422382063334343916E+00   -0.777182028713241380E+00    0.277631674454141886E+00   -0.229358031193328316E+01   -0.182766682626947841E+01    0.395008618903603059E+00   -0.953441800288796593E+01   -0.573381474325795111E+02   -0.478037294296915434E+02   -0.899515351937695407E+01    1
   -0.103460915056814096E+01    0.167438078221341602E+00   -0.298204776391678972E+00    0.481602958451269991E+00    0.330410600378172603E+00   -0.876814256172337991E+00   -0.191824201939994032E+01   -0.709513833343180522E+00    0.140712744153347580E+01   -0.882310422342481004E+01   -0.566243625207374919E+02   -0.478012582973126783E+02   -0.900515351937695741E+01    1
   -0.916225369186118410E+00   -0.194874088571222570E+00   -0.165082630152549870E-01    0.438869947840908603E+00   -0.101462995261385913E+01   -0.109359344935114677E+01   -0.259338790041283351E+00   -0.403889656330420621E+00    0.690938840540411769E+00   -0.990365215673672772E+01   -0.576968565452591591E+02   -0.477932043885224331E+02   -0.901515351937696252E+01    1
    0.137200833646830267E+01    0.151577759793151134E-01   -0.447244106631485838E-01   -0.216617656311825946E+00    0.250655639243859696E+00   -0.273443135421302885E+00   -0.611687128031235039E+00   -0.109753069076191423E+01    0.875431067423733333E+00   -0.823473739549225492E+01   -0.560222325760947300E+02   -0.477874951806024768E+02   -0.902515351937696408E+01    1
   -0.143910391384238112E+01   -0.457473935983334634E-01   -0.359380510539124565E-01    0.397353512300584244E+00   -0.238918452050597807E+01    0.534976981083445935E+00   -0.272974490188175878E+01   -0.364061662633844207E+01    0.112894436075407634E+01   -0.149076187868866210E+02   -0.626951034514841510E+02   -0.477874846645975282E+02   -0.903515351937696032E+01    1
   -0.122871494293212891E+01   -0.541640281677246094E+00    0.252483844757080078E+00    0.557141017913818315E+00   -0.534694779356641448E+00    0.385110406410831330E+00   -0.301136439491870078E+01    0.591363706827223723E+00   -0.943170986550967205E+00   -0.144763795449522927E+02   -0.622595836734416324E+02   -0.477832041284893378E+02   -0.904515351937695833E+01    1
   -0.129660666404953062E+01   -0.276851766484318418E+00    0.256703174770135156E+00    0.757561034008276124E-01    0.916563278429975981E+00    0.211694293209689022E+01   -0.866124666932819087E+00   -0.116233419099785351E+01    0.381068521290899520E+00   -0.114625532625133744E+02   -0.592354232450295868E+02   -0.477728699825162124E+02   -0.905515351937695989E+01    1
    0.148384468987634621E+01    0.330783039992301964E+00   -0.282665532595644531E+00   -0.213396698479198954E+00   -0.494089498473613276E+00   -0.150640285097892956E+01   -0.149949309610860815E+01   -0.105131092256783631E+01    0.860028765913512183E+00   -0.917208952543061784E+01   -0.569410285882622986E+02   -0.477689390628316772E+02   -0.906515351937695790E+01    1
   -0.690853263226906655E+00    0.232416068064124959E+00   -0.324958142001106509E+00    0.333075788526823624E+00    0.804393172890058850E+00    0.199164578688169114E+00   -0.606285264700543447E-01   -0.679716329833581767E+00    0.206611337326876532E+00   -0.971705220484886389E+01   -0.574826274654380853E+02   -0.477655752605892232E+02   -0.907515351937695591E+01    1
    0.142103970050811768E+01    0.902413129806518555E-01    0.218753933906555176E+00   -0.673493003845214933E+00    0.120419916091918822E+01   -0.177937777793090390E+01   -0.112771362489752369E+01   -0.153480284194415617E+01    0.104029767862016365E+01   -0.999239501358712623E+01   -0.577559742781812488E+02   -0.477635792645941208E+02   -0.908515351937695925E+01    1
    0.130257972917250475E+01   -0.366345193553718751E-01   -0.803554535529394931E-01   -0.932084417002331245E-01    0.171416955052677622E+01    0.677430240942840101E+00   -0.870007597421817769E+00   -0.246949364854231135E+01    0.218585515907193439E+01   -0.108224600256185255E+02   -0.585814551802345704E+02   -0.477589951546160449E+02   -0.909515351937696437E+01    1
    0.148621739293480859E+01    0.153027870049408321E+00    0.830548352127602474E-01   -0.656124643363163229E+00   -0.279315990870827591E+00   -0.122195569730251918E+01   -0.207454496041350467E+01   -0.261724899400292088E+01    0.101741314279138373E+01   -0.977833908452084621E+01   -0.575324499846717643E+02   -0.477541109001509199E+02   -0.910515351937696060E+01    1
    0.120350895825673510E+01   -0.326493611283123153E+00    0.218473080974685985E+00   -0.244223566201464126E+00   -0.454109572277729967E+00   -0.204142219296613803E+01   -0.190047546556456814E+01   -0.494484316834586934E-01    0.184899671527205123E+01   -0.111766660172493264E+02   -0.589270690725720385E+02   -0.477504030553227139E+02   -0.911515351937695506E+01    1
   -0.116044986276031037E+01   -0.235084508597936059E+00   -0.661596103674996217E-01    0.568606349660132571E+00   -0.552236434521091724E-01    0.145354893449280098E+01    0.508604150994642845E+00   -0.195759331699832728E+01    0.382704080622034093E+00   -0.111495848720116211E+02   -0.588911847965826780E+02   -0.477415999245710552E+02   -0.912515351937696195E+01    1
    0.141111076403967584E+01    0.595611595463379828E+00   -0.206173565578503970E+00   -0.623328958865620675E+00    0.387670516795424192E-01   -0.161381257414745960E+01   -0.137630022545522457E+01   -0.719588366415564451E+00    0.143240335777704808E+01   -0.925955423633050323E+01   -0.569997681788091271E+02   -0.477402139424786256E+02   -0.913515351937696529E+01    1
   -0.134660068763419227E+01    0.106922858512981112E+00   -0.373069314398678409E+00    0.689245586383312681E+00   -0.131371241034116792E+01   -0.224689629984595685E+00   -0.103872639796350064E+01   -0.160262136579717662E+01    0.358174622357410266E+00   -0.925390052547412267E+01   -0.569889325931364823E+02   -0.477350320676623596E+02   -0.914515351937696153E+01    1
    0.146573917006540011E+01    0.661761665857155457E+00   -0.411518065401431210E+00   -0.493868537542494601E+00    0.124387204209938318E+01   -0.254439658050955586E+01   -0.189746208600922706E+01   -0.520622749473886870E+00    0.259220421607437856E+01   -0.130942486724311244E+02   -0.608218625178897838E+02   -0.477276138454586558E+02   -0.915515351937696131E+01    1
    0.954672312922879573E+00   -0.356707268368663399E-01    0.671493921695183182E-01   -0.299432034323674046E+00    0.181871680155154536E+00   -0.161849164616455710E+01   -0.948408245191103338E+00   -0.193814676421766308E+01    0.813536881006484913E+00   -0.926696596901266112E+01   -0.569943136525028038E+02   -0.477273476834901444E+02   -0.916515351937695577E+01    1
    0.130557366364253147E+01    0.368380309889074553E+00    0.126252253079628396E-01   -0.620311724626830596E+00    0.148569234122419402E+01   -0.294586316306321705E-01   -0.610715472697620276E+00   -0.224934101281519361E+01    0.211131441071870540E+01   -0.991760567647378721E+01   -0.576448516868635039E+02   -0.477272460103897203E+02   -0.917515351937695733E+01    1
    0.135291075059671151E+01    0.472865630111632518E+00   -0.199618175749467275E+00   -0.491734141752953213E+00   -0.365159905733207779E+00   -0.114267709456043975E+00    0.302416464061252777E+00    0.180439951475364069E-01    0.111867423317221459E+01   -0.100301764661220769E+02   -0.577569876121199002E+02   -0.477268111459978215E+02   -0.918515351937696067E+01    1
   -0.145187928466913196E+01   -0.532852826517395961E-01    0.229593098772427062E-01    0.317667327879443295E+00   -0.228602166661175943E+00    0.629365216684619200E-01   -0.441254935343522225E+00   -0.194395318657029748E+01    0.510106808111459253E+00   -0.866986520879496325E+01   -0.563810392210354649E+02   -0.477111740122404981E+02   -0.919515351937696046E+01    1
   -0.149132284604032916E+01   -0.301471877647565334E+00    0.283689440373109392E+00    0.800893692026987125E-01    0.176718396229489372E+00    0.192619678125424798E+01   -0.268103211372931582E+01   -0.196775034489405698E+01    0.172094892702148194E+01   -0.116925575485837872E+02   -0.593998775299020281E+02   -0.477073199813182427E+02   -0.920515351937696202E+01    1
   -0.115458149085448847E+01   -0.264372276931710726E+00    0.236889775079379028E+00    0.162059804765748994E+00   -0.169520559794591463E+00   -0.269948834271758642E+01   -0.180869401723498391E+01   -0.797428833053572816E+00    0.163952201603592607E+01   -0.116332926345275105E+02   -0.593335717993570597E+02   -0.477002791648295528E+02   -0.921515351937696536E+01    1
    0.128985054366966567E+01   -0.138196113813239485E+00    0.114878209963466205E+00   -0.337069881230700252E+00    0.192626867431044957E-01   -0.515716560674945868E+00   -0.391652549595846500E+00   -0.105656458365388062E+01    0.719963536445220820E+00   -0.847478285545536636E+01   -0.561717510901558796E+02   -0.476969682347005133E+02   -0.922515351937696337E+01    1
   -0.140616435185659205E+01   -0.291901291235378002E+00    0.199894407997583290E+00    0.271251227371170023E+00   -0.469371144644128435E+00   -0.229468199942175433E+00   -0.146891348480835382E+01    0.432772333714410706E+00    0.204509946258099262E+01   -0.101051586747473578E+02   -0.577995762039992087E+02   -0.476944175292518509E+02   -0.923515351937695961E+01    1
   -0.106225106520269819E+01   -0.178671182479441804E+00   -0.344010397419564073E-01    0.432118128431742354E+00   -0.116474207487158310E+01    0.246256116405447811E+00   -0.252612877871001729E+01   -0.148668974421184430E+01    0.281488234608218590E+01   -0.109323340252199444E+02   -0.586240563235780598E+02   -0.476917222983581155E+02   -0.924515351937695584E+01    1
    0.145034022761655468E+01    0.162360831100926584E+00    0.810728673586111892E-01   -0.562515099220103121E+00   -0.478258071840400589E+00   -0.199549094791450443E+01   -0.190224493837490605E+01   -0.122861024165217714E+01    0.107263461269099047E+01   -0.100614916831593550E+02   -0.577482167025506641E+02   -0.476867250193913108E+02   -0.925515351937695918E+01    1
    0.118322693046318461E+01   -0.829539285067717458E-01    0.476017353846815983E-01   -0.232985150951337761E+00   -0.746561643862833080E+00    0.108708198001181700E+01   -0.157685554151953489E+01   -0.218323334319165951E+00    0.175294530003270688E+01   -0.995776601541171047E+01   -0.576433715337076364E+02   -0.476856055182959295E+02   -0.926515351937696607E+01    1
   -0.146329998712931797E+01   -0.102027965223509209E+00   -0.201412135750693277E+00    0.737279023992647886E+00   -0.137855766730922369E+01   -0.110083750944909298E+01   -0.954000373816370262E+00    0.562197718105608146E+00    0.176283327751889596E+00   -0.118481591080605373E+02   -0.595309483693576382E+02   -0.476827892612971027E+02   -0.927515351937695876E+01    1
    0.107711485193146750E+01    0.246297885896235469E+00    0.744304208180648352E-01   -0.574120636299056519E+00    0.754741553635085438E-01   -0.959552870232300847E+00   -0.183986559276263284E+00   -0.134608034013012912E+01    0.114161907567336152E+01   -0.869824547228078337E+01   -0.563793828021551349E+02   -0.476811373298743533E+02   -0.928515351937695499E+01    1
   -0.956880359005415793E+00   -0.284228957967289642E+00    0.102055447959476187E+00    0.366292227226251654E+00   -0.862556912708214440E+00    0.484963510583611479E+00   -0.113092076518682894E+01   -0.219437818059645906E+01    0.128218231759660761E+01   -0.886839167891677960E+01   -0.565480896810745719E+02   -0.476796980021577923E+02   -0.929515351937696188E+01    1
    0.126875245969675676E+01    0.626860123975387928E-01   -0.147031719458955101E+00   -0.951879426300920040E-01    0.187289353253845547E+00    0.200412966718772623E+01   -0.173598151322607896E+01    0.105673989496040122E+01    0.183482312835394845E+00   -0.141459819930167967E+02   -0.618253054074094734E+02   -0.476793234143926767E+02   -0.930515351937696522E+01    1
    0.865760542940741118E+00    0.349944303082032615E+00   -0.180560171492607169E+00   -0.311282275969959887E+00   -0.166407728819422118E+00   -0.275433695776541754E+01   -0.127954912992095138E+01   -0.255860493326849792E+01    0.161369065027315650E+01   -0.120317981474300737E+02   -0.597090876346704675E+02   -0.476772894872403938E+02   -0.931515351937695790E+01    1
    0.126785525689582901E+01    0.141859244152311659E+00   -0.696813030549982004E-01   -0.291622827158147579E+00   -0.499853374174108467E-01    0.375239048966022948E+00   -0.456790973950091717E+00   -0.218565858314036632E+01    0.324537907364401912E+00   -0.907886276735938580E+01   -0.567545305596720198E+02   -0.476756677923126304E+02   -0.932515351937696657E+01    1
    0.754590522721865220E+00   -0.412695927006294649E+00    0.352515147134211171E+00   -0.210216276166271365E+00    0.224386643061507129E+00   -0.254503479542336153E+00   -0.187883490981562296E+01   -0.212336407728457743E+01    0.715878652530364201E+00   -0.869422043782110343E+01   -0.563649746570501406E+02   -0.476707542192290390E+02   -0.933515351937696458E+01    1
   -0.137422220456570265E+01    0.288260757431531456E+00   -0.369979807207969080E+00    0.516106292647910969E+00   -0.703816235680960745E+00    0.256810260947304470E+00   -0.191232070320665803E+00   -0.361558254587635020E-01    0.136613089106163010E+01   -0.964869386064698631E+01   -0.573163824246799507E+02   -0.476676885640329644E+02   -0.934515351937696082E+01    1
    0.866863334142200070E+00    0.157455333037102907E+00   -0.341054041650896700E-01   -0.301325247343995350E+00   -0.323554188129264730E+00   -0.805536531073585138E+00   -0.195757505024402922E+00   -0.230622616773075606E+01    0.256087669087037506E+00   -0.954417144891120550E+01   -0.572116807705851969E+02   -0.476675093216739896E+02   -0.935515351937695883E+01    1
    0.964298864651277121E+00    0.158537040780731164E+00   -0.817521823921785185E-02   -0.328006156652432990E+00    0.114973673399731524E+01    0.109956767391054200E+01    0.912134285021011459E+00   -0.209096641915152759E+01    0.564503788780259530E-01   -0.124526348908009279E+02   -0.601171983671649244E+02   -0.476645634763639947E+02   -0.936515351937696394E+01    1
    0.127039653425519194E+01    0.123942199700622258E+00    0.126402739107488227E+00   -0.563785680456477034E+00   -0.231046951363396147E+00   -0.325133116490405827E+00   -0.356197149925492118E+00    0.554115978230811379E+00    0.251358248445399113E+01   -0.109549601247701229E+02   -0.586163816607534116E+02   -0.476614215359832869E+02   -0.937515351937696728E+01    1
   -0.797139026135409989E+00   -0.333525681042579070E-01   -0.734910100524269749E-01    0.334428343269950634E+00   -0.215701209809822103E+00   -0.827597589565129965E+00   -0.767823977313355277E+00    0.444340440552650762E+00    0.221233777677866783E+01   -0.103859275757435814E+02   -0.580452568926668135E+02   -0.476593293169232339E+02   -0.938515351937696352E+01    1
    0.929467332336520791E+00    0.139482984568369606E+00   -0.104085431606515399E-01   -0.350479875438920452E+00   -0.323077964009144125E+00   -0.273765242780996232E+01   -0.113321675539850708E+01   -0.301142490628762971E+00   -0.264386763941501846E+00   -0.130432356481948464E+02   -0.607010342823304825E+02   -0.476577986341356379E+02   -0.939515351937695797E+01    1
    0.137170102362385338E+01   -0.730320850375495989E+00    0.583371167908353305E+00   -0.328618635265840286E+00    0.400150743904532646E+00   -0.785570646872884026E+00   -0.112255180550278033E+01   -0.139162356676138188E+01    0.328686952763064477E+00   -0.865600525106642138E+01   -0.563061220669183342E+02   -0.476501168158519093E+02   -0.940515351937695776E+01    1
    0.144998263822447182E+01   -0.284983007587720216E+00    0.333124137767509376E+00   -0.501328775087983569E+00    0.303690268698346699E+00   -0.595760134850706891E+00    0.815237973237117552E+00   -0.100091429124063325E+01    0.207877710367824875E+01   -0.103489324346766143E+02   -0.579985696165392994E+02   -0.476496371818626869E+02   -0.941515351937695755E+01    1
    0.117255933744006180E+01    0.157586984103917027E+00   -0.658164426873630859E-02   -0.378938634108018590E+00   -0.315570304752554875E+00   -0.207641435461596302E+01   -0.118417760035640618E+01   -0.817625658161205138E+00   -0.267870932922278149E+00   -0.111451350418042914E+02   -0.587945741700567908E+02   -0.476494391282524958E+02   -0.942515351937696089E+01    1
   -0.113497541877138985E+01   -0.227424000711140106E+00    0.485561275618340282E-01    0.424623678555508866E+00    0.417926385119926636E+00    0.301485850735616678E+00   -0.637006962109580632E+00   -0.663327499170236479E+00    0.826849412504771175E+00   -0.863401560295073445E+01   -0.562768808750412504E+02   -0.476428652720905177E+02   -0.943515351937695712E+01    1
    0.141109612812247054E+01   -0.370901354383463167E+00    0.164693605363684714E+00   -0.211378226394911883E+00    0.866839649305575222E+00   -0.216683179836536455E+00   -0.121505455265264550E+01   -0.244079371771363185E+01    0.145527677031509506E+01   -0.890157181098581773E+01   -0.565440268461931907E+02   -0.476424550352073766E+02   -0.944515351937694980E+01    1
   -0.118485875393909601E+01   -0.513772825499403396E+00    0.144052508945491375E+00    0.583605927503026534E+00    0.359884059956812052E+00   -0.128749112269701982E+01   -0.630391804194232241E+00   -0.228410888975190574E+01   -0.106621030614292045E+01   -0.118592262093407470E+02   -0.594951024928823955E+02   -0.476358762835416485E+02   -0.945515351937695137E+01    1
    0.665249273530728047E+00    0.145422387827342625E+00   -0.630246375165001149E-01   -0.183275701430337778E+00   -0.534527145134688908E-01   -0.357775649509903759E+00   -0.105770200332358377E+01   -0.136673138284777451E+00   -0.444975038207075846E+00   -0.102268880861432638E+02   -0.578626127586443673E+02   -0.476357246725011052E+02   -0.946515351937695826E+01    1
    0.123740351086154199E+01    0.125242400684275168E+00    0.118290535700646959E+00   -0.604392277623639007E+00    0.528011593754627029E+00   -0.105667675767335767E+00   -0.990387590987893196E+00   -0.221379202956427434E+01    0.250682554376567168E+01   -0.921043127305322429E+01   -0.568452388775329354E+02   -0.476348076044797111E+02   -0.947515351937695982E+01    1
    0.123908221721649170E+01   -0.424967229366302490E+00    0.624384880065917969E+00   -0.609535884857177801E+00    0.501109406444584238E+00   -0.328125565559957921E+00   -0.218829099148592832E+01   -0.323008391486723667E+01    0.587969823722005680E+00   -0.105854520062300246E+02   -0.582056160169686621E+02   -0.476201640107386339E+02   -0.948515351937695605E+01    1
    0.118164718187983109E+01    0.823709187482886129E-01    0.162483036984640616E+00   -0.550073591212399848E+00    0.887862065297895242E+00    0.546301837520104527E+00   -0.304756563740511188E+00   -0.208025569617120709E+00    0.439520134387976436E+00   -0.998277122754202040E+01   -0.576016761280793474E+02   -0.476189049005373306E+02   -0.949515351937695584E+01    1
    0.140450131419294388E+01    0.412220016408852308E+00   -0.398947440015149368E-01   -0.646153535659795941E+00   -0.668179950042713244E+00   -0.110952895008381347E+01   -0.141175251801200807E+01   -0.375051595939680738E+01    0.270365289680398746E+01   -0.124636978890206365E+02   -0.600788951799254676E+02   -0.476151972909048311E+02   -0.950515351937695741E+01    1
    0.142392678451381327E+01    0.205384777216796044E+00    0.130434439923079015E+00   -0.690832408333407200E+00    0.264398642099195058E+00    0.141942722227554441E+01    0.525029571019788310E-01   -0.152842404088119110E+01    0.210057742804906411E+01   -0.103041059103208994E+02   -0.579178475776215507E+02   -0.476137416673006513E+02   -0.951515351937695897E+01    1
   -0.110144866635325567E+01   -0.340974943114171758E+00    0.148299811787047986E+00    0.365480127944287636E+00    0.159129367422110590E+00   -0.814962530381535544E+00   -0.169941703178437598E+00   -0.811869095417705466E+00    0.103043945366266620E+01   -0.880776684769014828E+01   -0.564210567601066231E+02   -0.476132899124164766E+02   -0.952515351937695876E+01    1
    0.126904160107194208E+01    0.594456771458608202E+00   -0.337867055757229862E+00   -0.469411763821164174E+00    0.161681800118572028E+01    0.712666279665654656E+00   -0.260527813283374599E+01   -0.169507338608923419E+01    0.140247310825202498E+01   -0.108335363010541137E+02   -0.584468221531754324E+02   -0.476132858521213223E+02   -0.953515351937695854E+01    1
    0.144092341800121559E+01   -0.399148522371885583E+00    0.309183612614650771E+00   -0.350010395305334676E+00   -0.100796486964327414E+00   -0.238420849896897380E+01   -0.118306014440463492E+01   -0.223108994427207108E+01    0.177622357539462450E+01   -0.108697772460211581E+02   -0.584804729903701244E+02   -0.476106957443489662E+02   -0.954515351937695833E+01    1
    0.145099909203867927E+01    0.134875156080410452E+00    0.260837404940543749E-01   -0.522408689640580848E+00   -0.938766794286038930E-01   -0.825790113664197634E+00   -0.127178493237465751E+01   -0.198699956734230909E+01   -0.214138598327053620E+00   -0.944929455671689311E+01   -0.570594350460611750E+02   -0.476101404893442819E+02   -0.955515351937695989E+01    1
    0.135066334520634257E+01    0.574835285413259456E+00   -0.150857826172195231E+00   -0.666013997554778636E+00    0.416070283064300384E+00   -0.549649779076162304E+00   -0.553802835519263459E+00   -0.152038292667953101E+01    0.156456929116643573E+01   -0.831668410551374748E+01   -0.559267781532116999E+02   -0.476100940476979559E+02   -0.956515351937696323E+01    1
    0.147358079136247255E+01   -0.413189387550509490E+00    0.330362909419051221E+00   -0.376042616706516619E+00   -0.716481664993580125E+00   -0.320612986271271383E+00   -0.128636172797882842E+01   -0.243852789555489835E+01    0.209135731594983554E+01   -0.912264562520228495E+01   -0.567287590417341789E+02   -0.476061134165318975E+02   -0.957515351937696302E+01    1
    0.143596854034992383E+01    0.351638921093234913E+00   -0.125943971041988290E+00   -0.504683010841328272E+00    0.302802391968270967E-01   -0.964647078945972680E+00   -0.395955987238494123E+00   -0.745582789744503316E+00    0.114274319518813194E+01   -0.873555053768102496E+01   -0.563404786106535482E+02   -0.476049280729725268E+02   -0.958515351937695215E+01    1
   -0.112101674079895020E+01    0.254143774509429932E+00   -0.418922543525695801E+00    0.541658306121826305E+00    0.905575932509918857E+00   -0.476559974561041044E-01    0.299989466237775781E+00   -0.127294367621175297E+01    0.800836775521247768E+00   -0.948289853963431106E+01   -0.570745670627989483E+02   -0.475916685231646355E+02   -0.959515351937695371E+01    1
   -0.144901719478536362E+01   -0.444119637762283137E+00    0.303803242893751824E+00    0.371389056936052508E+00   -0.888231068032609983E+00   -0.755719622549122505E+00   -0.157219977199588334E+01   -0.973331504493444299E+00    0.503851472846008841E+00   -0.899978512558107013E+01   -0.565897686851605926E+02   -0.475899835595795224E+02   -0.960515351937695527E+01    1
    0.113710432498485048E+01    0.376596479387434346E-01   -0.680765021694980099E-01   -0.204668525040315075E+00    0.319875441078920630E+00   -0.684140488912134970E+00   -0.206937689070286979E+01   -0.681950713823198384E+00    0.997639079508872095E+00   -0.888266448040113943E+01   -0.564720575001769376E+02   -0.475893930197757982E+02   -0.961515351937695861E+01    1
   -0.121446165932026706E+01    0.145178516261945445E+00   -0.274699216420613013E-01    0.179420577499835310E+00    0.197126214350760165E+01   -0.165202100779765715E+01    0.414495781047890199E+00   -0.147525911543766597E+01    0.305648342603831225E+01   -0.137496260841490656E+02   -0.613366169020714409E+02   -0.475869908179223771E+02   -0.962515351937695662E+01    1
   -0.131146879489970414E+01   -0.978689013941460573E-01    0.112284275531088662E+00    0.214653430069462914E+00    0.183362891322076393E+00    0.791534468327199647E+00   -0.138315372240526790E+01   -0.204856946368977333E+01    0.896512655286869853E+00   -0.876326365591003587E+01   -0.563474983971036067E+02   -0.475842347411935691E+02   -0.963515351937695286E+01    1
    0.140141386624371522E+01   -0.152369269388769712E+00    0.339613629967692177E+00   -0.645495648649654252E+00   -0.157776234556195050E+00    0.667602915688121357E+00   -0.228461658015135072E+01   -0.449175113791397962E+00    0.324495056751061384E+01   -0.114245332354524844E+02   -0.590054750209112697E+02   -0.475809417854587835E+02   -0.964515351937695797E+01    1
   -0.146243153198325504E+01   -0.168818829573511575E-01    0.878123024818675546E-01    0.182658869738357210E+00    0.730172961103789930E+00   -0.156275648033670167E+00   -0.138935257387288380E+01   -0.690225289803265696E+00    0.356893731287755367E+00   -0.892134962066014481E+01   -0.565011546671023126E+02   -0.475798050464421678E+02   -0.965515351937696309E+01    1
    0.105229084890759017E+01   -0.223521319672914665E-01    0.202779013303805655E+00   -0.477265189057619554E+00    0.421294013520991939E+00   -0.953344662190147574E+00   -0.147444806683665752E+01   -0.571599482519786761E+00    0.800653973109320072E+00   -0.885498305400767016E+01   -0.564347737444495507E+02   -0.475797906904418824E+02   -0.966515351937695755E+01    1
   -0.777868983564233174E+00   -0.129474619449043704E+00    0.381970998451035548E-01    0.245592495345080319E+00   -0.707957220494108697E+00   -0.689772379865871699E+00   -0.131983754940961240E+01   -0.221160154357335159E+01   -0.214449724304585976E+00   -0.978461363604696999E+01   -0.573643362843231230E+02   -0.475797226482761531E+02   -0.967515351937695556E+01    1
    0.119235896307066547E+01    0.435651335693891806E+00   -0.115592444100622860E+00   -0.567474834395021777E+00    0.483604241247803657E+00    0.208879917137210269E+00   -0.196144775708262165E+00    0.617687712930319321E+00    0.116943587564378526E+01   -0.105952941306130093E+02   -0.581701478765108249E+02   -0.475748537458978191E+02   -0.968515351937696067E+01    1
   -0.107800270985025581E+01    0.477273482582400987E-01   -0.241808983307381542E+00    0.532539446443442088E+00   -0.113484511103820296E+01    0.233394263951822778E+00   -0.186963939977317728E+01   -0.135183084895174943E+01   -0.106992971193562858E+01   -0.116999707658447747E+02   -0.592725708987296542E+02   -0.475726001328848795E+02   -0.969515351937696224E+01    1
    0.124478964130080128E+01    0.493591331653803866E+00   -0.399389364686072224E+00   -0.248098575182610026E+00    0.307590720353800862E-02   -0.139298291956379217E+01   -0.171120306257648713E+01   -0.126860412582345816E+00    0.884290834127341663E+00   -0.974650390490120166E+01   -0.573173999368531710E+02   -0.475708960319519676E+02   -0.970515351937696025E+01    1
    0.134996050507999588E+01    0.637998654466003234E+00   -0.456395610277988473E+00   -0.438884729390205841E+00   -0.100710642951753471E+00    0.775201352192880222E+00   -0.309982349180359051E+01   -0.185695633257068948E+01    0.269666818009568487E+01   -0.115282358829248093E+02   -0.590951675332967312E+02   -0.475669316503719202E+02   -0.971515351937696003E+01    1
    0.988644101618012083E+00    0.438172452952216185E+00   -0.365509407579733603E+00   -0.271609639481831366E+00   -0.188985635580934286E+01   -0.937660448395263302E+00   -0.244446238383602577E+01   -0.553550778409999111E+00    0.799395366308317756E+00   -0.113796197738689457E+02   -0.589461497885295884E+02   -0.475665300146606427E+02   -0.972515351937696160E+01    1
   -0.138904845714569092E+01   -0.418217182159423828E+00    0.326827406883239746E+00    0.140799045562744141E+00   -0.558441096781052693E+00   -0.206997260874004441E+00   -0.395879001826756394E+01   -0.144336521295940656E+01    0.217778215334533343E+01   -0.125865902421472615E+02   -0.601427739930892571E+02   -0.475561837509419973E+02   -0.973515351937696316E+01    1
    0.133355681149737926E+01    0.203840554232351812E+00   -0.310273321825930148E-01   -0.436971961720953761E+00   -0.929191887113347548E+00   -0.119022230040741306E+01   -0.149614106151261672E+01   -0.203379641092169550E+00    0.109041482161615044E+01   -0.969550217252710844E+01   -0.572509547498558149E+02   -0.475554525773287082E+02   -0.974515351937696295E+01    1
   -0.129100847378715811E+01   -0.172783800075064775E+00    0.146613356041171983E-01    0.418342798064745613E+00   -0.855116468873120539E+00    0.189379526088146122E+01   -0.182028232376183019E+01   -0.169436459534949790E+01    0.140330314629750341E+01   -0.107793902986317782E+02   -0.583310431883597857E+02   -0.475516528897280111E+02   -0.975515351937696273E+01    1
   -0.132524216018108243E+01   -0.404726818857782389E+00    0.168087189565721662E+00    0.461721342756534758E+00    0.361392641790416747E+00    0.148731568422476812E+01    0.146356083877208443E+00   -0.825564504867770665E+00    0.276727970861543326E+01   -0.114914733629881649E+02   -0.590412693804735298E+02   -0.475497960174853631E+02   -0.976515351937695542E+01    1
   -0.147420907791220035E+01   -0.180884366500689620E+00   -0.187716081128087575E-01    0.526348224432069189E+00   -0.923324426747740290E+00   -0.705631246603388163E-01   -0.150016231698486968E+01   -0.195050126203682339E+01    0.108432742484978939E+01   -0.863385415613551466E+01   -0.561809167307653965E+02   -0.475470625746298836E+02   -0.977515351937695698E+01    1
   -0.133849918842315674E+01   -0.308670938014984131E+00    0.565330982208251953E-01    0.507594203948974698E+00   -0.124531428721752491E+01   -0.486460011724147934E+00   -0.208858677675266335E+01   -0.212417821307667509E+01    0.208064861296065828E+01   -0.985413112263620050E+01   -0.574003161369007842E+02   -0.475461850142645872E+02   -0.978515351937696209E+01    1
   -0.149404690365003034E+01   -0.211216055905239397E+00    0.910488309597863310E-01    0.369344555090868720E+00   -0.564858941971806416E+00    0.174354441405398575E+01   -0.181621152540515118E+01    0.448214228241567980E+00    0.566088416936736616E+00   -0.121585603917077094E+02   -0.597031411864194084E+02   -0.475445807947116990E+02   -0.979515351937696011E+01    1
    0.129644378145730155E+01    0.336660897287409000E+00   -0.432651764569684794E-01   -0.571293241053944301E+00   -0.278531198395057800E+00    0.127983971436833655E+00   -0.873099679200777024E+00   -0.769684259934138026E+00    0.995784938936616904E-02   -0.905242810316940272E+01   -0.565967277804882443E+02   -0.475442996773188398E+02   -0.980515351937695812E+01    1
   -0.136665752617842151E+01   -0.155771531710527045E+00    0.140000583772547316E+00    0.255806332467487962E+00   -0.586094398300929242E+00   -0.684978298032774546E+00   -0.257877606973465845E+01   -0.674330090786270375E+00    0.172232977257976949E+01   -0.969642634862160335E+01   -0.572389284567274927E+02   -0.475425021081058858E+02   -0.981515351937695613E+01    1
    0.114004546932578332E+01    0.262250619814733632E+00    0.778762121383760331E-01   -0.631995828362954981E+00   -0.764311564047375214E+00   -0.935297006227528982E+00   -0.151812881622276996E+01   -0.157577303746734287E+01   -0.344838560448579079E+00   -0.992674874981518229E+01   -0.574685929751463220E+02   -0.475418442253311397E+02   -0.982515351937695769E+01    1
   -0.132263067154527425E+01   -0.450629204349129786E+00    0.717367646896907019E-01    0.621869760164858176E+00    0.803953858986687919E+00    0.444437794961913879E+00   -0.320524086959039556E+00   -0.198413697711089299E+01    0.777439794425163422E+00   -0.907755846927704368E+01   -0.566162426183004186E+02   -0.475386841490233749E+02   -0.983515351937696103E+01    1
   -0.943178614240857249E+00   -0.387621136190779092E+00    0.154457621778975707E+00    0.398088024060345269E+00    0.472142583163304153E+00   -0.461044147176607966E+00   -0.791928225737590363E-01   -0.616511057872912716E+00    0.103443419383211443E+00   -0.961434932495102501E+01   -0.571503013925030814E+02   -0.475359520675520599E+02   -0.984515351937696082E+01    1
    0.113296637544486112E+01   -0.519623431860534168E-01    0.138158786538957745E+00   -0.403395908571987594E+00   -0.720001993953474084E+00    0.237771226594532037E+00   -0.930184773868631742E+00   -0.171909982601619049E+00    0.422419297695455498E+01   -0.134442055696310803E+02   -0.609769364420689399E+02   -0.475327308724378597E+02   -0.985515351937696060E+01    1
   -0.107056181235659986E+01   -0.466750756206376183E+00    0.146941085178269315E+00    0.506856562028642932E+00    0.570373839553894868E+00    0.149885598176410895E+01   -0.134315831678918562E+01   -0.137789615471660909E+01    0.250169096342801822E+01   -0.103204177321141799E+02   -0.578469298436729886E+02   -0.475265121115588087E+02   -0.986515351937695506E+01    1
    0.137113177694631361E+01    0.540126185262042480E+00   -0.439307508357088983E+00   -0.299548686790382379E+00   -0.660961560845407803E-01   -0.579626349230011328E+00   -0.103511692667211697E+01   -0.684905039589693843E+00    0.287183737759391988E+01   -0.958228675016496823E+01   -0.571055097785061676E+02   -0.475232230283411994E+02   -0.987515351937695307E+01    1
   -0.127341474646270747E+01   -0.308566176264673864E+00    0.501103414520809309E-02    0.580714464003002417E+00    0.114169289570895671E+01    0.978123536625616907E+00    0.777817284252933172E+00   -0.195373194809349116E+01    0.144919175277550516E+01   -0.112332626391415218E+02   -0.587552937097580852E+02   -0.475220310706165634E+02   -0.988515351937695641E+01    1
   -0.113400755899335359E+01    0.278349689346687690E+00   -0.217239156624544627E+00    0.268205643481415512E+00    0.665158883062986206E+00   -0.100391480357643559E+01   -0.162895139719125814E+01   -0.989863321134407670E+00    0.619160923930621943E+00   -0.893985632686313814E+01   -0.564610234186368203E+02   -0.475211670917736839E+02   -0.989515351937695975E+01    1
    0.139279034592243223E+01   -0.465923569602291643E+00    0.201203953600354257E+00   -0.166165912403005267E+00    0.130378841288006697E+01   -0.609507257956919957E-01   -0.286951158566466802E+01   -0.246530541048628038E+01    0.136137484328287450E+01   -0.109372660013478953E+02   -0.584523761655246687E+02   -0.475151101641767752E+02   -0.990515351937695954E+01    1
    0.103582935674808985E+01    0.325879519273872376E+00   -0.276963884622140499E+00   -0.159477395312159986E+00    0.871106535279295713E+00    0.329432270087863854E+00   -0.145596495707763984E+01   -0.165826077037195319E+01    0.111544184916851941E+01   -0.857013323502616586E+01   -0.560851540831314139E+02   -0.475150208481052445E+02   -0.991515351937695577E+01    1
    0.803521903304476925E+00   -0.654674689583587543E-01   -0.168680937404624975E-01   -0.996391419133818568E-01    0.545556130085742552E+00    0.238341203568097681E+00   -0.221828632621395627E+01   -0.228230196621439063E+01    0.212804416621679593E+01   -0.957173013786097648E+01   -0.570860785267182607E+02   -0.475143483888572860E+02   -0.992515351937695911E+01    1
    0.110456662530308325E+01   -0.280481940533386265E+00    0.313359097994386548E+00   -0.383767756288678541E+00   -0.445658889321975948E+00   -0.701058326609427240E+00   -0.957004444354651929E+00   -0.362427430271736739E+00    0.159111104503494993E+01   -0.878728391044001178E+01   -0.562992989316434560E+02   -0.475120150212034460E+02   -0.993515351937696067E+01    1
    0.912790030243297412E+00    0.234201394815723107E+00   -0.163839993368632642E+00   -0.197746487581663466E+00   -0.123188561665870111E+01   -0.667464932952270829E+00   -0.293869011042147577E+01   -0.119169540419648001E+01    0.170877029195594354E+01   -0.106230479004249663E+02   -0.581283694181185879E+02   -0.475053215176936234E+02   -0.994515351937695513E+01    1
   -0.140348252083332570E+01   -0.112292973248295569E+00   -0.207617885380410039E+00    0.742525254143901581E+00    0.763003077382791162E+00    0.683878461410358796E+00   -0.730446705700842136E+00   -0.616141993076553263E+00   -0.499765031116794267E+00   -0.105523988544991063E+02   -0.580545127492409279E+02   -0.475021138947418251E+02   -0.995515351937695492E+01    1
   -0.124826437534105006E+01   -0.504018101491190418E-01   -0.487834729103525655E-01    0.382185652724145397E+00    0.830659283561772099E+00   -0.161980515846266826E+01   -0.922371683248000007E-01   -0.293835234340690477E+01    0.174620951454585360E+01   -0.111595142551954947E+02   -0.586593277642766466E+02   -0.474998135090811502E+02   -0.996515351937695826E+01    1
    0.149128332076559156E+01    0.209197076200221321E+00   -0.880000200593588078E-01   -0.351539066192056104E+00    0.150029736156398030E+01   -0.100147777129109272E+01   -0.163677194622209732E+01   -0.265535052458631071E+01    0.860866606823265323E+00   -0.104314525103035329E+02   -0.579283793262344915E+02   -0.474969268159309550E+02   -0.997515351937695982E+01    1
    0.134896521203920461E+01    0.216138410986548291E+00    0.158807918208887067E+00   -0.726734202119070027E+00    0.734118711528708445E+00   -0.202430361520100577E+00   -0.779445165015886010E+00   -0.167047564651738867E+00    0.198042315347379394E+01   -0.928894333031161246E+01   -0.567826969749154316E+02   -0.474937536446038209E+02   -0.998515351937696138E+01    1
    0.111361079975908384E+01    0.526580438783695648E+00   -0.423367744342335484E+00   -0.343330138188265410E+00   -0.485090061905566472E+00    0.817573932619097832E+00   -0.178417000144349891E+01   -0.201584897475299840E+01    0.832392078324346807E+00   -0.908455183396845456E+01   -0.565746024075073564E+02   -0.474900505735389018E+02   -0.999515351937695584E+01    1
    0.136914076934966555E+01   -0.439274287491962401E+00    0.439582419966009663E+00   -0.447776918676893398E+00   -0.450105568439767012E+00   -0.240823719652212276E+01   -0.130546757658180446E+01   -0.102981426722521974E+01    0.227348201900781532E+01   -0.111306589372837959E+02   -0.586200993553831964E+02   -0.474894404180993988E+02   -0.100051535193769503E+02    1
   -0.111675916231778416E+01    0.192408135434712024E+00   -0.296038440407613956E+00    0.459969782930921500E+00   -0.509352431796514793E+00   -0.687886292279245026E+00   -0.124474597584935487E+01   -0.171385316711052837E+01    0.178349435325003491E+01   -0.840728348714504392E+01   -0.558958680771362566E+02   -0.474885845899912127E+02   -0.100151535193769536E+02    1
    0.146943889134835937E+01    0.132739735665057701E+00    0.634507499256253826E-01   -0.504161840652704862E+00    0.300500104834782178E+00    0.175001216132727677E+01   -0.202339236926150079E+01    0.302464051889046459E+00    0.957762790982315204E+00   -0.117693529785807662E+02   -0.592564330707886739E+02   -0.474870800922079113E+02   -0.100251535193769570E+02    1
   -0.141517543181893490E+01    0.467394307923837404E+00   -0.621599078322628396E+00    0.638279207076990707E+00    0.634560924773950319E+00   -0.266052449534299684E+00   -0.704435406047423163E+00   -0.268499356652569077E+01    0.231410792962947198E+01   -0.962431406132753331E+01   -0.571110502401033813E+02   -0.474867361787758497E+02   -0.100351535193769603E+02    1
    0.143204363476923735E+01    0.238013169848815931E+00   -0.983921676190906425E-01   -0.407824913294128844E+00   -0.243788799301682957E+00    0.132694378639484967E+01   -0.170151532598424615E+01   -0.195072589323558532E+01    0.187014094831397437E+01   -0.963388890244057627E+01   -0.571163187551957350E+02   -0.474824298527551605E+02   -0.100451535193769637E+02    1
    0.144815428308048411E+01   -0.204155874134424042E+00    0.458092270527516776E+00   -0.732915542727746394E+00    0.374855298447300811E+00   -0.705590859013227045E-01   -0.111970536853618774E+01   -0.303533816892581854E+01   -0.831038609456981936E+00   -0.115732140959524692E+02   -0.590545968821068641E+02   -0.474813827861543913E+02   -0.100551535193769475E+02    1
   -0.149496117019256980E+01    0.432490181863601775E+00   -0.627204907464927408E+00    0.688367619003509512E+00    0.159134569752382049E+01    0.553977522557715929E+00    0.866220880335504484E+00   -0.911977862432422626E+00    0.990008183822510768E+00   -0.115982430432939605E+02   -0.590704490572915049E+02   -0.474722060139975426E+02   -0.100651535193769543E+02    1
    0.900645952667148642E+00    0.559321569455522027E-01    0.171621395327935300E+00   -0.495852786834844461E+00    0.211320138540713742E+00   -0.247381902275947085E+00   -0.118810175856538058E+01   -0.160090713092699843E+01    0.165597766176119898E+01   -0.807997853391638543E+01   -0.555457963616021431E+02   -0.474658178276857541E+02   -0.100751535193769577E+02    1
    0.142860140559470672E+01   -0.472969694579486566E+00    0.456690409114012486E+00   -0.445623976284987844E+00   -0.411525859782386760E+00   -0.868846561417058183E+00   -0.175858477916904099E+01   -0.221611659940094796E+01    0.153938445750668529E+01   -0.886110054405097891E+01   -0.563267103894412884E+02   -0.474656098453903112E+02   -0.100851535193769539E+02    1
   -0.107674185956186941E+01   -0.655198737495461536E-01    0.655683325861353694E-01    0.210504459569213820E+00    0.166134753831215676E+01   -0.954126479770138758E+00   -0.267254763442678955E+00   -0.845392067348029741E+00    0.216436522483377303E+01   -0.105442397822341238E+02   -0.580090517869444611E+02   -0.474648120047103390E+02   -0.100951535193769484E+02    1
    0.681301602907232073E+00    0.257231801407724614E+00   -0.204136432780559929E+00   -0.162979805717230031E+00   -0.144217472950458614E-01    0.268227491085327174E-01   -0.975383665578419601E+00   -0.132867179237450728E+01    0.146162169800732067E+01   -0.800705625463277570E+01   -0.554714174774251347E+02   -0.474643612227923626E+02   -0.101051535193769499E+02    1
    0.140975167476286423E+01   -0.125156607397227226E+00    0.307802577131805588E+00   -0.598254528216323522E+00    0.431077707213489703E+00   -0.151713412848835105E+01   -0.153186537411897894E+01   -0.516784095869979865E+00   -0.201315265445600522E+00   -0.104899647857351521E+02   -0.579525301003980857E+02   -0.474625653146629318E+02   -0.101151535193769551E+02    1
   -0.146132699724168758E+01    0.128499437283463136E+00   -0.896098316521753979E-01    0.304711947388043525E+00    0.114955342442158326E+01    0.765819607507864930E+00   -0.835801134368238996E+00   -0.109638426728565719E+01    0.195856299955380586E+01   -0.938642979976268066E+01   -0.568487776830993496E+02   -0.474623478833366690E+02   -0.101251535193769566E+02    1
   -0.124864280113764692E+01   -0.246087935054553064E-01   -0.175619922996973488E-01    0.303145629663903238E+00   -0.686089855378213542E-01    0.108764185479799380E+01   -0.183124927350149824E+01   -0.119175638104366044E+01    0.240572387473662275E+01   -0.969322596844257589E+01   -0.571551697982104443E+02   -0.474619438297678684E+02   -0.101351535193769582E+02    1
    0.135116960490865790E+01    0.210234069695260484E+00   -0.658011953956016971E-01   -0.438230093600265713E+00   -0.323493039719551234E+00   -0.139277284196055007E+01   -0.256151781469611706E+01   -0.804730157449284889E-01    0.219446912593639576E+00   -0.112053203656181619E+02   -0.586669453957049569E+02   -0.474616250300867932E+02   -0.101451535193769562E+02    1
    0.140935504398748979E+01    0.191192628104135842E+00    0.100423957516523332E+00   -0.668774403799877626E+00   -0.926574355988805110E+00   -0.114779226373116217E+01   -0.183860503255004892E+01   -0.618508955993775089E+00    0.187595836106652336E+01   -0.960491710944950228E+01   -0.570664027477245241E+02   -0.474614856382750219E+02   -0.101551535193769507E+02    1
    0.754384910307430268E+00    0.177609046971552997E+00    0.173709245038438098E-01   -0.360965046613265395E+00    0.256447200513321150E-02   -0.217298093037584295E+01   -0.142072424564616973E+01   -0.493847197232071267E+00   -0.109238696387592205E+00   -0.113373428377959495E+02   -0.587985832258451566E+02   -0.474612403880492053E+02   -0.101651535193769487E+02    1
   -0.118663536527336122E+01   -0.219144785610430715E+00   -0.528690806959472015E-01    0.547100405495952513E+00    0.840697440718258804E+00   -0.317328448589932977E+00   -0.165788933574049002E+00   -0.257149959237835901E+01   -0.748875407349487210E+00   -0.114831353822780962E+02   -0.589434612242334879E+02   -0.474603258419553953E+02   -0.101751535193769485E+02    1
   -0.140733977000678290E+01   -0.382625673153463630E+00    0.839147040922183507E-01    0.571166113299993006E+00    0.192603308445313814E+00   -0.105220188769408141E+00   -0.662825040820962164E+00   -0.138627244151507512E+01    0.260502575564487637E+00   -0.858071422549098628E+01   -0.560368440582256540E+02   -0.474561298327346677E+02   -0.101851535193769500E+02    1
    0.122526973391029070E+01   -0.390977701570427882E+00    0.433512876309314343E+00   -0.440929531914364237E+00   -0.776249310989669539E+00    0.598236026140739341E+00   -0.260510977370472574E+01   -0.198170454341493496E+01    0.124240455149106332E+01   -0.984969546745413815E+01   -0.573040243390491426E+02   -0.474543288715950027E+02   -0.101951535193769534E+02    1
    0.649517996279230569E+00    0.235590168130739297E+00   -0.933376952339535215E-01   -0.255910665108804558E+00   -0.172050598349642314E+00   -0.271215541696392337E+00   -0.114338628185464564E+01   -0.574144494574966302E+00    0.848572838518748762E+00   -0.839780169222716211E+01   -0.558507174550207068E+02   -0.474529157627935447E+02   -0.102051535193769531E+02    1
    0.148294211598942471E+01   -0.363255166108422456E+00    0.138729845930503304E+00   -0.200062141134365490E+00    0.151561542186186671E+01   -0.113436135251163250E+01   -0.156540859213350791E+01   -0.531574545981357005E+00    0.269091644993181944E+01   -0.110508296723735526E+02   -0.585012537508680097E+02   -0.474504240784944571E+02   -0.102151535193769565E+02    1
   -0.673746918191237887E+00   -0.800853254380047286E-01    0.101544374945210736E+00    0.602804693808263181E-01    0.805566679765661320E+00   -0.246118635137690889E+00   -0.258318364105775800E+01   -0.822744736034337620E+00    0.120749966503922246E+01   -0.953188183740217809E+01   -0.569818821032178136E+02   -0.474500002658156319E+02   -0.102251535193769545E+02    1
    0.147826615873169054E+01    0.416599527457609531E+00   -0.198592795129177158E+00   -0.443999713106165650E+00    0.652729116608270488E+00    0.158059431875017309E+00   -0.109901226162605758E+01   -0.399404109286138009E+01    0.235946881889617543E+01   -0.122017735365002729E+02   -0.596509764209922935E+02   -0.474492028844920171E+02   -0.102351535193769507E+02    1
    0.117420739533240326E+01    0.852678497405157110E-01    0.100210054029656437E+00   -0.470779136634774553E+00    0.104037497614058339E+01    0.354947420304370154E+00   -0.559713379462891458E+00   -0.295665684380196581E+01    0.979430946923685264E+00   -0.100511450107986438E+02   -0.574978309620324879E+02   -0.474466859512338459E+02   -0.102451535193769541E+02    1
    0.125072941447751163E+01    0.249253405348121015E+00    0.136877490987363792E-01   -0.515474708146169247E+00    0.748886937536781261E+00    0.136917116532231431E+00   -0.113121802145656125E+01   -0.234931621023065418E+01    0.142205185077841656E+01   -0.875363550112506417E+01   -0.561970150181792292E+02   -0.474433795170541615E+02   -0.102551535193769521E+02    1
   -0.141094693794243775E+01   -0.195801094446449664E+00    0.190207316024142647E+00    0.181426543275545749E+00    0.107882521772467044E+01   -0.541855347468072068E+00   -0.194544654490186963E+01    0.191809445237822729E+00    0.847259322142692728E-01   -0.109062977994215924E+02   -0.583474748994253076E+02   -0.474411771000037135E+02   -0.102651535193769536E+02    1
    0.147934105030480101E+01    0.379879977595247276E+00    0.779177719335160113E-01   -0.792925724884740668E+00    0.142301302672990460E+01   -0.160695537751848860E+01   -0.927133433968947207E+00   -0.275450032207913864E+01    0.184998745094731043E+01   -0.110958697920321434E+02   -0.585331340848269122E+02   -0.474372642927947723E+02   -0.102751535193769570E+02    1
   -0.125403173898872144E+01   -0.312094594445194939E+00    0.252838535095271766E+00    0.232668514774949653E+00    0.163733693931249036E+01   -0.486404031704523676E+00   -0.266776454612908998E+00   -0.113820209285108831E+01    0.120688551444914105E+01   -0.973201271406846757E+01   -0.571680901663217043E+02   -0.474360774522532367E+02   -0.102851535193769532E+02    1
    0.107355670592881003E+01   -0.519889497689374203E-02    0.211476050666175475E+00   -0.541437905762818694E+00    0.849434386168468336E-02   -0.505533073270498789E+00   -0.123752556023532612E+01   -0.235831882366596801E+01    0.389451881300715286E+01   -0.119367710643506939E+02   -0.593712736323695580E+02   -0.474345025680188641E+02   -0.102951535193769512E+02    1
    0.129934968011298979E+01   -0.123772600724990411E+00    0.347718769611378153E+00   -0.657384138561945441E+00    0.488295749186136163E+00   -0.189122609542096143E+01   -0.189414947973887116E+01   -0.239596935616305018E+01    0.728749691119219500E+00   -0.104886168175676548E+02   -0.579174056110045399E+02   -0.474287887934368868E+02   -0.103051535193769492E+02    1
    0.115248724447832318E+01    0.425091658550011520E+00   -0.128604214797202299E+00   -0.510448897933381440E+00    0.238369981582309265E-01    0.924515232053408909E+00   -0.157568829631713903E+01   -0.268468953187152692E+01   -0.281299602444277985E+00   -0.107017362079623375E+02   -0.581293283754840502E+02   -0.474275921675217162E+02   -0.103151535193769526E+02    1
   -0.125757490493756885E+01   -0.364205193167483010E+00   -0.349330566843859547E-01    0.678944489844621080E+00    0.409170529234188507E+00    0.220659291915126787E-01   -0.173688581216651960E+01   -0.158741184923542278E+01    0.855780302121047720E+00   -0.835782917131124847E+01   -0.557846829305779011E+02   -0.474268537592666561E+02   -0.103251535193769541E+02    1
    0.133161101521746250E+01    0.370003106929520875E+00   -0.133311194773046093E+00   -0.451199490390539582E+00    0.161333092543145540E+00    0.125289691362695577E+00   -0.207658452905775448E+01   -0.171584787170445452E+01    0.968167786680851572E+00   -0.857735662995795067E+01   -0.560009690562337568E+02   -0.474236124262758096E+02   -0.103351535193769539E+02    1
    0.124755310069072589E+01   -0.196069395878260000E-01    0.993286945854494618E-01   -0.361964456621918673E+00    0.195199643417595325E+01   -0.112065960812515131E+00   -0.155312460855498080E+01   -0.843736193827453462E+00    0.202504884013137598E+01   -0.104012502847792589E+02   -0.578210937510127323E+02   -0.474198434662334734E+02   -0.103451535193769555E+02    1
   -0.136738368238001340E+01   -0.820982461287584897E-01   -0.210160514248327823E+00    0.690959333956732813E+00    0.126345206136875277E+00    0.212708609275296168E+00   -0.118258116231459076E+01   -0.154549943951792557E+01    0.176589809434631229E+01   -0.817965986707272918E+01   -0.555992883962340159E+02   -0.474196285291612867E+02   -0.103551535193769570E+02    1
    0.132580201085277061E+01    0.328467469875758811E+00   -0.863440352545511436E-01   -0.488495080695791672E+00   -0.170051484850546331E+00   -0.572756760144557120E+00   -0.143384926841349603E+01   -0.209318526425818163E+01    0.186735172226576673E+01   -0.852354631124543971E+01   -0.559389744921360474E+02   -0.474154281808906077E+02   -0.103651535193769533E+02    1
   -0.753015858112167091E+00   -0.182460803525543724E+00    0.110286650635396999E+00    0.176984007852756031E+00    0.411720316195669511E+00   -0.323365053455972828E+00   -0.209618983004133952E+01   -0.224429586672272308E+01    0.781234664494832254E+00   -0.901360866191788190E+01   -0.564283077158666515E+02   -0.474146990539487660E+02   -0.103751535193769513E+02    1
    0.105760508798116293E+01    0.468741295809922631E+00   -0.255400470473924779E+00   -0.428501656139566700E+00    0.108848519026992108E+01    0.376244263612761698E+00   -0.100215888101843098E+01   -0.291123396293073711E+01    0.263067157852333366E+01   -0.107902541615584084E+02   -0.582045661247003068E+02   -0.474143119631418983E+02   -0.103851535193769564E+02    1
    0.128947723023042116E+01    0.616298453126654433E+00   -0.319907294881844884E+00   -0.574520194002955398E+00    0.147113640897487130E+00   -0.716289448156430808E+00   -0.205033917107016350E+01   -0.159202523247927274E+01    0.400578147995247713E+00   -0.894399610021388725E+01   -0.563582354772464242E+02   -0.474142393770325370E+02   -0.103951535193769562E+02    1
   -0.131529754970262869E+01   -0.139306210584700718E+00   -0.309202361638116763E-01    0.470940813010474857E+00   -0.365753482398076812E+00    0.112193481498934544E+00   -0.169196947709110623E+01   -0.942692040670181086E+00    0.722805648375697496E+00   -0.848325842571408550E+01   -0.558934092436178958E+02   -0.474101508179038120E+02   -0.104051535193769507E+02    1
    0.145067131833557905E+01    0.404754364513155274E+00   -0.182949916510044774E+00   -0.521461277500522069E+00    0.495422784584889087E+00   -0.184640366990493021E+01   -0.339201317492438648E+01   -0.138482782640153346E+01   -0.984802546702210346E-01   -0.129976561372073522E+02   -0.604070181149979106E+02   -0.474093619777905602E+02   -0.104151535193769558E+02    1
   -0.129773724579029803E+01   -0.262963753111574272E+00    0.600047874648450552E-01    0.455833255570594620E+00   -0.323672948594548870E+00   -0.308290550250376272E+00   -0.161271834681087944E+01   -0.177194320145531492E+01    0.249052525929414514E+01   -0.896361214151142249E+01   -0.563685126004524761E+02   -0.474049004589410572E+02   -0.104251535193769538E+02    1
    0.123282014640557280E+01    0.376141484641794976E+00   -0.209964764874516430E+00   -0.396248675534759898E+00    0.195231751574397094E+01    0.529495369961523465E+00   -0.169557016379826542E+01   -0.122963719196718557E+01   -0.503020079133873477E-01   -0.111630685733629846E+02   -0.585679514982881244E+02   -0.474048829249251398E+02   -0.104351535193769482E+02    1
    0.126886526481754780E+01    0.204473296696551010E+00    0.571681630027631726E-01   -0.572877685267925374E+00   -0.280918812492245706E+00   -0.851201441652165158E+00   -0.132959559861205867E+01   -0.636807653426103570E+00    0.191662308841046092E+01   -0.874265450448179315E+01   -0.561474046491488394E+02   -0.474047501446670481E+02   -0.104451535193769534E+02    1
   -0.103357512456561884E+01   -0.245341472434888797E+00   -0.623135353221426769E-02    0.508833941531442013E+00   -0.164220465270545901E+00    0.478818962782270374E+00   -0.296834316548824972E+01   -0.183813398866846001E+01    0.150011546905147974E+01   -0.100384744539772157E+02   -0.574431117995412208E+02   -0.474046373455640051E+02   -0.104551535193769531E+02    1
    0.105264927671489517E+01    0.204265468947802509E+00    0.440920422394475153E-02   -0.421219239624027464E+00    0.672685406510709072E+00    0.106404857934535357E+01   -0.143657498240486325E+01   -0.370229367471779369E+01    0.237896081830626827E+01   -0.122916743964928479E+02   -0.596931309227935429E+02   -0.474014565263006986E+02   -0.104651535193769529E+02    1
   -0.103966806292382774E+01    0.280730882418855909E+00   -0.423758926960122517E+00    0.493511565460202695E+00   -0.169224789684676580E+00   -0.829975690320452486E+00   -0.189261575103159863E+01   -0.152058052345523720E+01    0.128933191269084113E+01   -0.849409477317812822E+01   -0.558953482366601975E+02   -0.474012534634820710E+02   -0.104751535193769580E+02    1
   -0.130517129300940593E+01   -0.476922976927338649E+00    0.210618961473238997E+00    0.463186597344096285E+00    0.208121159989900661E+01    0.677584495073233484E+00   -0.614247318106890594E+00   -0.348904670230467673E+00    0.520153976195843137E+00   -0.114365119825786632E+02   -0.588348007651764178E+02   -0.473982887825977528E+02   -0.104851535193769543E+02    1
    0.131175780359338612E+01    0.367738799675164874E+00    0.422791667878728017E-01   -0.706849245114720470E+00    0.468271626690466292E+00   -0.615026331468015441E-01   -0.169311450115515050E+01   -0.167523511721242357E+01    0.151166928831912650E+01   -0.831124553195040683E+01   -0.557079356918000457E+02   -0.473966901598496406E+02   -0.104951535193769523E+02    1
   -0.137331346921310815E+01   -0.116257913001061475E+00   -0.163038793562343298E+00    0.638670021113166397E+00    0.119989241607413533E+01   -0.841775129619009022E+00   -0.491986792256966288E+00   -0.589982100610768612E+00    0.456470607254005012E+00   -0.973480632548380953E+01   -0.571305343717850036E+02   -0.473957280463011941E+02   -0.105051535193769539E+02    1
   -0.112388970087168460E+01   -0.600722975099838852E-01    0.401611996432991170E-01    0.266834647387228285E+00   -0.447390625862453817E+00   -0.645435946256611714E+00   -0.328244015721224969E+01   -0.129860367766582385E+01    0.118151354389624452E+01   -0.105305753714709294E+02   -0.579227143679321230E+02   -0.473921389964611919E+02   -0.105151535193769536E+02    1
   -0.128763179199964006E+01    0.270677810000365726E+00   -0.321753556313502331E+00    0.465758512318792395E+00    0.402478889824351427E+00   -0.149553305085305510E+01   -0.119890488764099223E+01   -0.222862542001507791E+01    0.111236284301753607E+01   -0.926282653342451567E+01   -0.566537553628634498E+02   -0.473909288294389341E+02   -0.105251535193769499E+02    1
   -0.138872852564904359E+01   -0.348983839158377052E+00    0.559949085198259144E-01    0.614571199740809204E+00    0.238643340445605645E+00   -0.298467927792671561E+00   -0.298342372013280510E+01   -0.200987268701851463E+01    0.236673900270716553E+00   -0.104627609642286377E+02   -0.578535745297837849E+02   -0.473908135655551490E+02   -0.105351535193769514E+02    1
   -0.116890116351261031E+01    0.496673794161574644E+00   -0.528849046960492508E+00    0.438721745055560275E+00    0.159027545785079383E+01   -0.218031807446549819E-01   -0.618878504025133003E+00   -0.121407644102532686E+01    0.256250349749507444E+00   -0.987768116033049992E+01   -0.572613594457561277E+02   -0.473836782854256313E+02   -0.105451535193769512E+02    1
    0.111279990152131969E+01    0.242938751326504665E-01    0.103211831719076219E+00   -0.450190432114188965E+00    0.452193684276380736E+00   -0.249154628071323714E+01   -0.177016116649497213E+01   -0.272428975134630491E+01    0.202211842754309146E+01   -0.121143443561005757E+02   -0.594970110501534464E+02   -0.473826666940528725E+02   -0.105551535193769528E+02    1
    0.136777246927305063E+01   -0.183655493097609757E-01    0.315870149602443195E+00   -0.713728525306780104E+00    0.449260651623717422E-01   -0.202452193176441086E+00   -0.238241650318855136E+01   -0.141489122874077111E+01    0.290912385236993032E+01   -0.101172971775492400E+02   -0.574990668849481636E+02   -0.473817697073989237E+02   -0.105651535193769543E+02    1
    0.123159973183957616E+01    0.576715515943036383E+00   -0.224729783516635639E+00   -0.583355175345755317E+00    0.217366277794326379E+00    0.212914882794166316E+00   -0.193368115155976716E+01   -0.748414016815104333E+00    0.113820878392402869E+01   -0.861227513292260660E+01   -0.559933215789467198E+02   -0.473810464460241150E+02   -0.105751535193769524E+02    1
   -0.135586936383473544E+01   -0.261971053968468537E+00    0.758639938476126652E-01    0.448531102158628014E+00    0.260103753663543102E+00    0.140590274558007933E+00   -0.134670993871054612E+01   -0.272923194352756582E+01    0.173653959224225241E+01   -0.906958173765106679E+01   -0.564505781623389851E+02   -0.473809964246879147E+02   -0.105851535193769575E+02    1
    0.112996078850636117E+01   -0.660274396064806091E-01    0.158404538885405843E+00   -0.414102188237417401E+00    0.554941117947009843E+00    0.308398927558073466E+00   -0.645987202707374086E+00   -0.108715943614811295E+01    0.127075540278724497E+01   -0.838355545741238650E+01   -0.557644491435113636E+02   -0.473808936860989789E+02   -0.105951535193769573E+02    1
   -0.111155130419111803E+01    0.261830152168068153E+00   -0.220670561151207645E+00    0.293845297306412068E+00    0.405313692361914946E+00   -0.150120783661918722E+01   -0.127490773317390427E+01   -0.132779069154480567E+01    0.233785256466831015E+01   -0.949974267244100012E+01   -0.568751435878832794E+02   -0.473754009154422775E+02   -0.106051535193769570E+02    1
   -0.103340676171450863E+01   -0.191723055720181002E+00    0.100689494366639209E+00    0.293781382690661452E+00    0.138225645165107380E+01   -0.456134819133922009E+00   -0.198515190483362836E+01    0.141770623805541618E+00    0.204070064130860374E+01   -0.108125657525796690E+02   -0.581868108867452207E+02   -0.473742451341655482E+02   -0.106151535193769551E+02    1
    0.144779299953738860E+01    0.837261242397082661E-01    0.289783849080882394E-01   -0.399389848430010741E+00    0.960490395531223839E+00    0.701746364564996838E+00   -0.263918054673354163E+01   -0.221832637028342106E+01    0.219602999696348888E+01   -0.107471962012474638E+02   -0.581191653952032610E+02   -0.473719691939557990E+02   -0.106251535193769495E+02    1
    0.143795144330775670E+01    0.330485045428503765E+00   -0.144954675529442634E+00   -0.412760960228254203E+00   -0.311632251281253048E+00    0.405685025987168602E-01   -0.297354781786111744E+01   -0.927604055469828381E+00   -0.199404002057688157E-01   -0.106990408392789451E+02   -0.580709295175707751E+02   -0.473718886782918318E+02   -0.106351535193769458E+02    1
   -0.831977152164639189E+00   -0.294059395323667205E+00    0.231349863896616048E+00    0.195580629510005211E+00    0.496238865570148846E+00   -0.210378340904071537E+00   -0.136281220506930345E+01   -0.133457807299578235E+01    0.112447799008236893E+01   -0.812198025042955329E+01   -0.554933042022843566E+02   -0.473713239518548050E+02   -0.106451535193769526E+02    1
   -0.702301914457591936E+00   -0.616970848877396172E-02   -0.213225408103238090E-01    0.202901033132857345E+00    0.663136023703145838E+00   -0.673449184552055158E+00   -0.128022178453988977E+01   -0.915374022387140940E+00    0.248744332272167412E+01   -0.917258647178746500E+01   -0.565419364071667871E+02   -0.473693499353793186E+02   -0.106551535193769560E+02    1
   -0.660406240906959763E+00   -0.113294271662382595E+00    0.267988486243269097E-01    0.216384696953209943E+00    0.425923631269142788E-02    0.157324565179861597E-03   -0.146808014998555314E+01   -0.251289909759861985E+00    0.164070354269711083E+01   -0.875990829016990347E+01   -0.561272398719539751E+02   -0.473673315817840717E+02   -0.106651535193769540E+02    1
    0.132367749367922594E+01    0.367260752671987989E+00   -0.124591463835125538E+00   -0.478250067779843135E+00    0.195526018491136711E+00   -0.314147554935288953E+00   -0.119630674934910508E+01   -0.143685635167571490E+01    0.247124831786663890E+01   -0.871486382774171631E+01   -0.560819863713460549E+02   -0.473671225436043386E+02   -0.106751535193769556E+02    1
    0.148364876168439652E+01   -0.625476034877167852E+00    0.440453583470764354E+00   -0.308459917731003785E+00   -0.160164933248552188E+00   -0.588919273806141064E+00   -0.343928388967128740E+01   -0.158595299954981783E+01    0.407019332686445523E+01   -0.147163600871327382E+02   -0.620826472529027740E+02   -0.473662871657700322E+02   -0.106851535193769500E+02    1
    0.132036611013741467E+01    0.558617583223666170E-01    0.107391339516935247E+00   -0.474296084141426988E+00    0.147260787167283524E+01   -0.177603673383487148E+01   -0.174858475518590217E+01   -0.251753268964080235E+01    0.101293803515204694E+01   -0.111768273178313819E+02   -0.585421659143315978E+02   -0.473653385965002158E+02   -0.106951535193769480E+02    1
    0.139893682928120411E+01    0.240718883638504355E+00   -0.222841546548872227E+00   -0.204008814068517341E+00    0.400090259648777646E+00    0.129228873341503459E+01   -0.243010920660822194E+01   -0.174580352802536254E+01    0.132595889937078959E+01   -0.100548262373045567E+02   -0.574169529891218957E+02   -0.473621267518173426E+02   -0.107051535193769549E+02    1
   -0.136299402216811294E+01   -0.170739992918207406E-01   -0.167303315495911153E+00    0.552446184901923543E+00    0.117754060170227604E-02    0.299617443896522728E+00   -0.171040239899298263E+01   -0.981462454695929409E+00    0.289861464248247103E+01   -0.967036040144077802E+01   -0.570318005809338047E+02   -0.473614401794930231E+02   -0.107151535193769494E+02    1
    0.133335151015907494E+01    0.246318398774360681E+00    0.560235016782959505E-01   -0.600162189811587199E+00    0.199257572236319902E+00   -0.111837085129195657E+01   -0.216338475297902733E+01   -0.365425847277265348E+00    0.248378814863713160E+01   -0.102414938823216772E+02   -0.575973883254046086E+02   -0.473558944430829314E+02   -0.107251535193769456E+02    1
    0.129532094619945548E+01   -0.209899469553813889E+00    0.255216926976714387E+00   -0.438964794785130952E+00    0.244521053783728348E+00   -0.942209631190280561E+00   -0.103563631315751059E+01   -0.106751494850755080E+01    0.223930166689683574E+01   -0.880540197501320243E+01   -0.561589558858013902E+02   -0.473535539107881860E+02   -0.107351535193769543E+02    1
   -0.126296085527657231E+01   -0.187071401956788286E+00    0.899730411994412727E-01    0.309311341275744667E+00    0.516309113980923939E+00    0.623306427900160998E+00   -0.170068217849461667E+01   -0.151411188495217175E+01    0.103487188304256983E+01   -0.861953455257997270E+01   -0.559684410720237224E+02   -0.473489065194437515E+02   -0.107451535193769505E+02    1
    0.121798681564467026E+01    0.130943990394611909E-01    0.278693376448469810E+00   -0.668708827836438147E+00    0.365034295629129701E+00   -0.516360471930283893E+00   -0.196500412965519877E+01   -0.132539357295740956E+01    0.653245227373418169E+00   -0.863268542401976191E+01   -0.559760406188665698E+02   -0.473433551948468079E+02   -0.107551535193769414E+02    1
    0.117856946597404821E+01    0.289384760863053758E+00   -0.121362109528440842E+00   -0.381021498021214766E+00   -0.402130625676591080E+00   -0.168345182601001397E+01   -0.222262542806788588E+01   -0.137690732084934098E+01    0.114125104891059004E+01   -0.979109008369099065E+01   -0.571317943967767974E+02   -0.473407043130858085E+02   -0.107651535193769483E+02    1
    0.126027033659011689E+01    0.160556873559261515E+00   -0.394394415436014611E-01   -0.376071699812511540E+00   -0.970311492034170442E+00   -0.172733399233152340E+01   -0.295851172799871165E+01   -0.838092517100221812E+00    0.313059871543714507E+01   -0.132248932370945411E+02   -0.605649842489166943E+02   -0.473400910118221532E+02   -0.107751535193769499E+02    1
    0.129330351010416278E+01    0.515923766863282118E-01   -0.288660240981790661E-01   -0.259706721622309011E+00    0.139774833755723193E+01   -0.340114129938910936E+00   -0.209586517315642595E+01   -0.264959672333930030E+01    0.136841989546724130E+01   -0.102225948104007092E+02   -0.575618361947380706E+02   -0.473392413843373632E+02   -0.107851535193769426E+02    1
   -0.133874032782088714E+01   -0.265659212403255296E-01   -0.312735459615989697E+00    0.745121632071710893E+00    0.658393754976032142E+00    0.646116663267549129E-01   -0.276602302945434531E+01   -0.653118944827610903E+00    0.181412259344710969E+01   -0.999883798532222734E+01   -0.573379226676405125E+02   -0.473390846823182869E+02   -0.107951535193769441E+02    1
    0.111089929487720429E+01   -0.370416781536961892E-01    0.163315193094214717E+00   -0.436053734447745867E+00   -0.186942068220332658E+00   -0.700240937429725818E+00   -0.252758262982638371E+01   -0.857332579620333490E+00    0.816507347974495534E-01   -0.995651694271415266E+01   -0.572950035944890743E+02   -0.473384866517749217E+02   -0.108051535193769528E+02    1
    0.120549212061413602E+01    0.385278902743084739E+00   -0.775360652376200221E-01   -0.522925137168758658E+00    0.422717327777490937E+00   -0.701275804650549617E+00   -0.253542365201042230E+01   -0.740982114158441618E+00    0.249446115644900601E+01   -0.101650283583563628E+02   -0.575021192931540668E+02   -0.473370909347977005E+02   -0.108151535193769561E+02    1
    0.106789493480245534E+01   -0.177134872504279617E+00    0.170077080942645065E+00   -0.318531410402943582E+00    0.159737892707994433E+01    0.434980376379599021E+00   -0.115545666511593459E+01   -0.185696257120753216E+00   -0.346312527245799862E+00   -0.114506971594222886E+02   -0.587853297508334123E+02   -0.473346325914111219E+02   -0.108251535193769524E+02    1
    0.127270681736117774E+01   -0.470437246254660213E+00    0.587309694485157685E+00   -0.539048719460635595E+00    0.801783843729708678E+00   -0.203066463221830362E+00   -0.257915266586337566E+01   -0.145804885291795472E+01    0.149095634046375403E+01   -0.938315919440244883E+01   -0.567150068599177501E+02   -0.473318476655152978E+02   -0.108351535193769521E+02    1
    0.129467540923041557E+01   -0.153274050428950037E+00    0.271785499671354902E+00   -0.521578886532778174E+00   -0.570579062479055210E+00   -0.109055358447335493E+01   -0.234920056133091748E+01   -0.376961898735999057E+00    0.468033258806599628E+00   -0.101347784648202968E+02   -0.574653448877667472E+02   -0.473305664229464540E+02   -0.108451535193769519E+02    1
   -0.117992147779402989E+01   -0.478153138098020403E+00    0.387162005501106465E+00    0.250351692206053578E+00    0.201600665542059687E+01    0.620659300835768590E+00   -0.776447417407552853E+00   -0.527879101654207261E+00    0.794690218802998283E+00   -0.108504104419922971E+02   -0.581801672103625833E+02   -0.473297567683702880E+02   -0.108551535193769482E+02    1
   -0.123382385241655479E+01   -0.422289306174837398E+00    0.246066026274536664E+00    0.369305305903182113E+00    0.497174566434068765E+00   -0.116335917943956701E+01   -0.140319390533818456E+01   -0.275268983024261615E+00    0.194292052117475600E+01   -0.946054085157460101E+01   -0.567865762480864760E+02   -0.473260353965118767E+02   -0.108651535193769480E+02    1
    0.103904618643456370E+01    0.565356759787483121E-01    0.101021057438628103E+00   -0.457005714985853517E+00   -0.809339066939855911E+00   -0.485745315529583777E-01   -0.371860465678878427E+01   -0.145131410805902306E+01    0.111413899682133910E+01   -0.117064239765557314E+02   -0.590318266922906005E+02   -0.473254027157348673E+02   -0.108751535193769477E+02    1
    0.112054248387089750E+01   -0.457326083923912385E-01    0.460791992839959530E-01   -0.266422302047360282E+00    0.129675424243146153E+01   -0.138777736198676394E+01   -0.759160647904763897E+00   -0.176988230710662720E+01    0.149514893954233252E+01   -0.968200492143833280E+01   -0.570043991600463613E+02   -0.473223942386080267E+02   -0.108851535193769493E+02    1
   -0.137216475070573085E+01   -0.384271925474049869E+00    0.302125281064051565E+00    0.291060926203090542E+00    0.117026370754615527E+01   -0.547704836366165182E+00   -0.173314948224628984E+01   -0.103225257523149594E+01    0.175883786009421805E+01   -0.908864976617636522E+01   -0.564090461800296978E+02   -0.473203964138533308E+02   -0.108951535193769473E+02    1
    0.128042152993296376E+01    0.154106172047505652E-01    0.165032901965135537E+00   -0.566847503337289726E+00   -0.353110351405803158E+00   -0.675492140438791466E+00   -0.331681994124323865E+01   -0.259457207344325980E+01    0.153577783785635824E+01   -0.113305452969149449E+02   -0.586491260109263237E+02   -0.473185807140113752E+02   -0.109051535193769453E+02    1
    0.981149036915051731E+00    0.410592404293042890E+00   -0.266231934819174176E+00   -0.334406009592540632E+00    0.117470360825905118E+01   -0.403386132264813513E+00   -0.770724563529938456E+00   -0.148623334789931505E+01    0.204814575244995467E+01   -0.903783296044904816E+01   -0.563556408110755882E+02   -0.473178078506265436E+02   -0.109151535193769469E+02    1
    0.116407812169808489E+01    0.317632970037596163E+00   -0.128663221657070115E+00   -0.386817837158002664E+00    0.844761888725997778E+00   -0.555215698284427517E-01   -0.784102957076129092E+00   -0.380612289173996032E+00    0.134624315331507227E+01   -0.889034619609021881E+01   -0.562073822274314949E+02   -0.473170360313412743E+02   -0.109251535193769485E+02    1
    0.126070278797294089E+01   -0.339089232781903949E-01    0.986669726496050004E-01   -0.383759641735249624E+00    0.685835209230845066E-01   -0.870361116400317769E+00   -0.228507062493349622E+01   -0.244125014915994143E+01    0.764682761893027640E+00   -0.955760164088448505E+01   -0.568721225779728385E+02   -0.473145209370883535E+02   -0.109351535193769500E+02    1
   -0.123271897576154421E+01   -0.238970677821984001E+00    0.830890652353861725E-01    0.412554783944995007E+00    0.689089950636798676E+00   -0.157161943977484952E+01   -0.211041287319289950E+01   -0.887055155575353638E+00    0.268917600498071119E+00   -0.102846072807248987E+02   -0.575946595189548418E+02   -0.473100522382299431E+02   -0.109451535193769498E+02    1
   -0.126866836581688269E+01   -0.351537932773458683E+00   -0.389649600950093822E-01    0.681366962323387337E+00    0.409692973579467434E+00   -0.115999318203535040E+01   -0.231261048678447878E+01   -0.156859563635066479E+01    0.825142399522747150E+00   -0.935284563316498563E+01   -0.566606931494441000E+02   -0.473078475162791108E+02   -0.109551535193769460E+02    1
   -0.128825273101470117E+01   -0.493970110167578635E+00    0.169101809760255239E+00    0.554810520918947558E+00    0.183116148887052077E+01   -0.169941964200120310E+01    0.228557473029695979E+00   -0.128150881381884574E+01    0.101920050767489578E+01   -0.117166587512927904E+02   -0.590228407330961744E+02   -0.473061819818033840E+02   -0.109651535193769440E+02    1
    0.148129716653224364E+01    0.416748428108800084E+00   -0.294590765865649029E+00   -0.368684280476243076E+00    0.904783765412275898E+00    0.824670816314215793E-02   -0.238231377214447093E+01   -0.121476302071073405E+01    0.131523174589005998E+01   -0.920888602858373062E+01   -0.565146251255095819E+02   -0.473057390969258478E+02   -0.109751535193769456E+02    1
    0.146979416302740118E+01    0.489642706503971237E+00   -0.877956759063311942E-01   -0.703213069608714880E+00    0.535985218004952912E-01   -0.198803077950628904E+01   -0.167711520756370169E+01   -0.135889751326544683E+01    0.150791159156710841E+01   -0.977984763790734668E+01   -0.570853121911416821E+02   -0.473054645532343372E+02   -0.109851535193769454E+02    1
   -0.148231078893543056E+01    0.760764382376570847E-01   -0.326065604212843363E+00    0.701803361072620424E+00    0.155544278597631092E+01    0.359062101250629040E+00   -0.207843674476180018E+00   -0.447636545701470823E+00    0.637574862429346689E+00   -0.103628241669039571E+02   -0.576672463840090828E+02   -0.473044222171051274E+02   -0.109951535193769434E+02    1
   -0.106876906855731724E+01   -0.433958582367894197E+00    0.176218442646538520E+00    0.451575947307122583E+00    0.101419491985552668E+00   -0.414089893217805538E-01   -0.204590871124651130E+01   -0.129540120053547980E+01    0.174382101770902431E+01   -0.852720965696742184E+01   -0.558290811645325036E+02   -0.473018715075650817E+02   -0.110051535193769485E+02    1
    0.113919401829352029E+01    0.216862089616877363E+00    0.114411290114118547E+00   -0.634482143582825620E+00    0.526542140581796048E+00   -0.339624844335730758E+00   -0.232201559455802453E+01   -0.202414179801166938E+01    0.893878250775515193E+00   -0.910723708496495910E+01   -0.564059423801484243E+02   -0.472987052951834670E+02   -0.110151535193769536E+02    1
    0.121661235275935020E+01    0.281104907195334430E+00   -0.472002567301579079E+00   -0.654268527971577640E-01    0.845283428667471526E+00   -0.174647590799281716E+01   -0.214356844463623020E+01   -0.117662048067472824E+01    0.232173737044718109E+01   -0.106536996271350848E+02   -0.579499712266588247E+02   -0.472962715995237417E+02   -0.110251535193769499E+02    1
    0.850785376052350717E+00   -0.271794245473233165E+00    0.248343609907498486E+00   -0.248364938777214994E+00    0.976159305162127566E-01   -0.128622926798584558E+01   -0.255605678715141948E+01   -0.246566773206609469E+01    0.490093016056789788E+00   -0.104892421046487812E+02   -0.577852366789336429E+02   -0.472959945742848618E+02   -0.110351535193769461E+02    1
    0.112051047731487419E+01    0.481524771115384720E+00   -0.204565249094089463E+00   -0.500589866455330990E+00    0.730208219678161186E+00   -0.490561585803561628E+00   -0.139679138395990754E+01    0.291922091772676140E+00    0.268095666402814681E+00   -0.102301696290681203E+02   -0.575253477086648459E+02   -0.472951780795967238E+02   -0.110451535193769441E+02    1
    0.968650565760914795E+00    0.302516886263246354E+00   -0.329936583054387667E-01   -0.481158729911920102E+00    0.510382133830944440E+00   -0.464463358559896178E-01   -0.161506001908378471E+01   -0.259016615719588117E+01    0.364839800659069624E+01   -0.117761107908742400E+02   -0.590691088200650682E+02   -0.472929980291908265E+02   -0.110551535193769439E+02    1
    0.147271760566618148E+01    0.132461222086171393E+00   -0.272471572800301320E-01   -0.422794402499051647E+00    0.158467511510366421E+01    0.583207054866079488E+00   -0.778877931264787327E+00   -0.403724709943844573E+00    0.169625068451773053E-02   -0.108464728389630682E+02   -0.581393984434871243E+02   -0.472929256045240578E+02   -0.110651535193769455E+02    1
    0.125723290674842980E+01    0.112525362520439209E-01    0.169004884093905794E+00   -0.544516531374019563E+00    0.125828459579793162E+01    0.258308090750347219E+01   -0.182594896022351327E+01   -0.141318743214583264E+01    0.159448587175461420E+01   -0.128772155849714771E+02   -0.601697716101219271E+02   -0.472925560251504535E+02   -0.110751535193769488E+02    1
    0.930073706080231766E+00   -0.153192457020817852E+00    0.140954967673065923E+00   -0.271700318416096209E+00    0.207588627604877729E+01   -0.245554352169392531E+00   -0.108968777992799892E+01   -0.245563627251272010E+01    0.210714609346609905E+01   -0.110287880868710495E+02   -0.583203393609047822E+02   -0.472915512740337292E+02   -0.110851535193769504E+02    1
    0.117224907124530597E+01    0.573745298681370919E+00   -0.450230995120650790E+00   -0.400478009111441713E+00    0.162995593618347812E+01    0.118121232700445944E+01   -0.144686145499122154E+01   -0.142513483859488588E+01    0.187109067099186199E+01   -0.104518207871191304E+02   -0.577430467269924250E+02   -0.472912259398732928E+02   -0.110951535193769502E+02    1
    0.149789643483622692E+01   -0.616416363424927560E-01    0.275176950775076090E+00   -0.662169428601857790E+00    0.859358585015570497E+00    0.157225905576297065E+00   -0.104362714988496896E+01   -0.159285640903931380E+01    0.198256907451309439E+01   -0.866044248902352898E+01   -0.559486029902098494E+02   -0.472881605011863186E+02   -0.111051535193769553E+02    1
   -0.108505449572285029E+01   -0.343639998635453470E+00    0.765093057744317129E-01    0.503245748782917390E+00    0.465482826315337661E+00   -0.355491411136199476E+00   -0.255838647157474952E+01   -0.101612276712216953E+01    0.177155001309756921E+00   -0.979071636532019518E+01   -0.570780725647463782E+02   -0.472873561994261848E+02   -0.111151535193769551E+02    1
    0.108874931378033191E+01    0.402550128274656860E-01   -0.615633640193846698E-02   -0.266883770407929655E+00    0.302700365604096078E+00    0.334442770182477089E+00   -0.217486420980662842E+01   -0.219214607109620374E+01    0.116062986247129651E+01   -0.902355633847274774E+01   -0.563095488091151140E+02   -0.472859924706423698E+02   -0.111251535193769460E+02    1
    0.108632120879254090E+01    0.347461240094411927E+00   -0.867180066524024795E-01   -0.452794371539735729E+00    0.105507801710814419E+01    0.775588775783262463E+00   -0.152442754450362350E+01   -0.160351882163354276E+01    0.265630027552674619E+01   -0.100443658000576033E+02   -0.573284708607707856E+02   -0.472841050607131805E+02   -0.111351535193769493E+02    1
    0.125449445875383203E+01    0.342658467196624406E+00   -0.689891148008736632E-01   -0.512065022913708701E+00    0.157248452263388572E+01    0.215935149300321483E+00   -0.250433514622725450E-01    0.514093764219296645E+00    0.111770203338096530E+01   -0.116916324270533991E+02   -0.589740423618845782E+02   -0.472824099348311790E+02   -0.111451535193769491E+02    1
    0.110818379815188361E+01    0.288758823072915449E+00    0.338775206840669085E-01   -0.573685266156934048E+00    0.110391333158645466E+01   -0.635020722187391584E+00   -0.128591298872947823E+01   -0.113727717806000328E+01    0.235594163525206568E+01   -0.931090634529252625E+01   -0.565931226257873874E+02   -0.472822162804948576E+02   -0.111551535193769507E+02    1
    0.993952709901897435E+00    0.353533837057068201E+00   -0.170694855990468408E+00   -0.363559003009109372E+00    0.135370020070809005E+01    0.715327846921809951E-01   -0.687125758685169563E+00   -0.188553327521617575E+01    0.250295116174697796E+01   -0.987888939217519457E+01   -0.571603979335258643E+02   -0.472815085413506679E+02   -0.111651535193769469E+02    1
    0.140753165941299674E+01    0.663355060516965800E-01    0.260703672587915936E+00   -0.760758996843379554E+00    0.457624857550626984E+00    0.543094711932781138E+00   -0.236123355374843413E+01   -0.181144400606967793E+01    0.308870439695624555E+01   -0.108540877762341879E+02   -0.581284253177795378E+02   -0.472743375415453499E+02   -0.111751535193769467E+02    1
    0.106375352139611934E+01   -0.233641061454563426E+00    0.248471665303153566E+00   -0.353684717688206640E+00   -0.106988111986083823E-01   -0.211883122785025080E+01   -0.223815972033094113E+01   -0.131484508331936922E+01    0.745926649832427069E+00   -0.106067218934842060E+02   -0.578763697398056181E+02   -0.472696478463214120E+02   -0.111851535193769482E+02    1
   -0.149680592241674648E+01    0.572128417817332036E+00   -0.429931989250883162E+00    0.347692782695861125E+00    0.121553586116192491E+01   -0.299119276834289793E+00   -0.116306727180813119E+01   -0.110340208948741747E+01    0.326851691472143102E+01   -0.107514691221670748E+02   -0.580207022950726952E+02   -0.472692331729056221E+02   -0.111951535193769498E+02    1
    0.134762795022392856E+01    0.507183020031443554E+00   -0.288241417490700980E+00   -0.442290867596801585E+00    0.152378155327483000E+01   -0.120234548450866896E+01   -0.500822883944920028E+00   -0.223304421050556812E+01    0.139021558882291196E+01   -0.101818418843372704E+02   -0.574495261615029591E+02   -0.472676842771656851E+02   -0.112051535193769514E+02    1
   -0.129422649511849919E+01   -0.911063719587765775E-01   -0.237409886684935234E+00    0.706229393077959733E+00    0.158352322730593187E+01   -0.111544588089714125E+01   -0.136506710077696858E+01   -0.131095550952181839E+01    0.230548002513501160E+01   -0.102224947237013879E+02   -0.574890147032183023E+02   -0.472665199795169144E+02   -0.112151535193769529E+02    1
    0.138858873442211683E+01   -0.186016508736814856E+00    0.217078998714364424E+00   -0.410931537642713174E+00    0.207300876858994343E+01   -0.436486765880772454E+00   -0.856877840084280029E+00   -0.299932597891938713E+00    0.159674074014333223E+01   -0.108227336752691183E+02   -0.580880622422399000E+02   -0.472653285669707799E+02   -0.112251535193769527E+02    1
   -0.123456228808305069E+01   -0.329903433563124127E+00    0.178647909939113614E+00    0.372793917424713905E+00    0.215566663956792581E+01   -0.329341984100892604E+00   -0.751809318447840047E+00    0.200770221055108777E+00    0.229181080229977852E+01   -0.121537803691729689E+02   -0.594182551529133463E+02   -0.472644747837403756E+02   -0.112351535193769525E+02    1
   -0.107348342291617671E+01   -0.381262301229634115E+00    0.275239766219858906E+00    0.261166174045080579E+00    0.320498408942739843E+00   -0.394774865695808275E+00   -0.295216639454224605E+01   -0.169486173622658498E+01    0.188088156085882496E+01   -0.996037812652693688E+01   -0.572221471347431674E+02   -0.472617690082162270E+02   -0.112451535193769505E+02    1
    0.119489581493571073E+01   -0.120530553992520328E+00    0.133137793123164094E+00   -0.348630855844720644E+00    0.253294663442602541E+00   -0.108052341886264003E+01   -0.200783450388712481E+01   -0.266657902660540458E+01    0.156015881302096227E+01   -0.964648622823202473E+01   -0.569062256167303815E+02   -0.472597393884983603E+02   -0.112551535193769485E+02    1
    0.146702796297063243E+01    0.598207175558124415E+00   -0.419922004915909475E+00   -0.440492150148769634E+00    0.126173936697682620E+01    0.754686464032374715E+00   -0.106243195932506729E+01   -0.235373658365574556E+01   -0.682637784344706011E+00   -0.115458800150847374E+02   -0.588050468490320100E+02   -0.472591668339472761E+02   -0.112651535193769465E+02    1
    0.121755430446079460E+01   -0.557912352567036751E+00    0.535604971663519391E+00   -0.401102596265298095E+00    0.938371721505291134E+00   -0.764853123727107231E+00   -0.151254508750412220E+01   -0.222552684138122459E+01    0.256924277602252005E+01   -0.984191285250914660E+01   -0.571001565417673049E+02   -0.472582436892581583E+02   -0.112751535193769428E+02    1
    0.148061517864528325E+01   -0.655431896194025421E+00    0.550798049010826407E+00   -0.396973196201182266E+00   -0.325032563986269452E+00   -0.199263711668322685E+01   -0.341313998151804299E+01   -0.772769273818312286E+00    0.409823646357722282E+01   -0.165080310332435900E+02   -0.637655274755612922E+02   -0.472574964423177022E+02   -0.112851535193769514E+02    1
    0.117533034031257433E+01    0.310887929279983544E+00    0.620915282406730995E-02   -0.572944498236958921E+00    0.189632213529193905E+00   -0.709303883853635853E+00   -0.241883416287578257E+01   -0.152990974190856832E+01    0.295484203563887604E+01   -0.104057060632819152E+02   -0.576624197035537520E+02   -0.472567136402718333E+02   -0.112951535193769441E+02    1
    0.116514890131465076E+01    0.384620691691868188E+00   -0.243082857925492224E+00   -0.343615688422540089E+00    0.105309454562416249E+01   -0.104009777274427506E+01   -0.144878085259165323E+01   -0.749887544624243674E+00    0.156283519138810356E+01   -0.918811929961333540E+01   -0.564426035406853259E+02   -0.472544842410719923E+02   -0.113051535193769475E+02    1
    0.131431897777184936E+01   -0.448302312584498930E+00    0.455328534344719760E+00   -0.450759955281796909E+00    0.211324244509910386E+01    0.112434976607914905E+01   -0.150202987562465728E+01   -0.146117693985956976E+01    0.131203552648571553E+01   -0.111197719708754317E+02   -0.583726915489246920E+02   -0.472529195780492586E+02   -0.113151535193769508E+02    1
    0.733734784534507689E+00    0.322045048489583152E+00   -0.213136905036203528E+00   -0.256916540009508032E+00    0.572901100134686203E+00   -0.101407583210971097E+01   -0.183959403012636336E+01   -0.168489339229267898E+01   -0.168970254648001861E+00   -0.980219023908167486E+01   -0.570535358541280502E+02   -0.472513456150463753E+02   -0.113251535193769524E+02    1
    0.866922245966887939E+00    0.350177020628389180E+00   -0.106669905594196535E+00   -0.413911966602276638E+00    0.588932617266664238E+00   -0.138643004564414696E+01   -0.143756470520543167E+01    0.765565696516432581E+00    0.193937748675807820E+00   -0.118159767402850022E+02   -0.590672290686683752E+02   -0.472512523283833730E+02   -0.113351535193769486E+02    1
    0.739787553988370927E+00    0.326595656559172332E+00   -0.168640416839601959E+00   -0.296134555182096415E+00    0.151706804615628243E+01   -0.789785769528634773E+00   -0.433691288548061271E+00   -0.210852125957558201E+01    0.183317027009820799E+01   -0.993548611670043869E+01   -0.571861666764560681E+02   -0.472506805597556294E+02   -0.113451535193769519E+02    1
    0.776193298666302045E+00    0.249501917627244163E+00   -0.494559985228703036E-01   -0.355231262591967079E+00    0.947962238782338318E+00    0.369316119846416824E+00   -0.122655397894845897E+01   -0.680457510296719192E+00    0.234126238692738298E+01   -0.939675495485551515E+01   -0.566450994044536458E+02   -0.472483444495981288E+02   -0.113551535193769464E+02    1
    0.134374806331899643E+01   -0.485683082405863331E+00    0.630141775788328307E+00   -0.594190664573353011E+00    0.162646852336479242E+01    0.692174690260571879E+00   -0.129792106355466763E+01   -0.112045639328584912E+01    0.668765360118186658E+00   -0.989177565389725366E+01   -0.571374367743731995E+02   -0.472456611204759440E+02   -0.113651535193769444E+02    1
    0.139913861798197692E+01    0.610480115970466031E+00   -0.221860861767589901E+00   -0.664348769023617836E+00    0.410889654580159913E+00   -0.179382785755706153E+00   -0.191936399845303618E+01   -0.133246538084108579E+01    0.291379241256095156E+01   -0.972793157530150054E+01   -0.569734556634636391E+02   -0.472455240881621421E+02   -0.113751535193769477E+02    1
    0.130281104186133678E+01    0.460332745058631865E+00   -0.148934817941818620E+00   -0.534281021239291665E+00    0.615692474399338607E+00    0.405508318402780843E+00   -0.285563068918122553E+01   -0.157661870615925181E+01    0.159455753142424350E+01   -0.991071120061032218E+01   -0.571553424356393478E+02   -0.472446312350290256E+02   -0.113851535193769493E+02    1
    0.655109648216561702E+00   -0.834088969519479750E-01    0.276097989928048015E-01   -0.990521310293661639E-01    0.262908951291706217E+01   -0.250495890608135541E+00   -0.432231535893379037E+00    0.723659552392064143E+00    0.665396682446726340E+00   -0.140670435103593281E+02   -0.613083810289517075E+02   -0.472413375185923812E+02   -0.113951535193769544E+02    1
   -0.147722095823820521E+01   -0.102514476989240322E+00   -0.203261218307689839E+00    0.733894568168188988E+00    0.236148751681639624E+00   -0.264117550522087130E+00   -0.227382053542328322E+01   -0.557652020992236430E+00    0.130607629614701204E+01   -0.901476252276417789E+01   -0.562558625643733876E+02   -0.472411000416092079E+02   -0.114051535193769453E+02    1
   -0.120884707099185751E+01   -0.350936554599408757E+00    0.119531540366339506E+00    0.455230254527753564E+00    0.495949402239830306E+00    0.155504897190895108E-01   -0.174078090989610224E+01   -0.576383074368322923E+00    0.222485846530503295E+01   -0.909173877595244484E+01   -0.563248022705956330E+02   -0.472330634946431900E+02   -0.114151535193769433E+02    1
   -0.135486939512055193E+01    0.246512112872057099E+00   -0.190963581471337740E+00    0.334694621411300686E+00    0.124714030127393016E+01    0.818174430875160397E+00   -0.112256070216403692E+01   -0.833550374696869767E+00    0.612604516730925974E+00   -0.960212247031719102E+01   -0.568339331619236674E+02   -0.472318106916064764E+02   -0.114251535193769502E+02    1
   -0.136034260236804139E+01   -0.838555375594720598E-01    0.676872002904422843E-01    0.293659889327577028E+00    0.204045026603921542E+01   -0.160925403479609486E+01   -0.102783350437107379E+01   -0.140918670616770214E+01    0.109891179307737752E+01   -0.110737089554408570E+02   -0.583036099776298684E+02   -0.472299010221890114E+02   -0.114351535193769465E+02    1
    0.132743445958954220E+01    0.294460947487378499E+00    0.918428689211814309E-02   -0.628741194510180845E+00    0.847419368229793690E+00   -0.148064434816887969E+00   -0.247437198345664910E+01   -0.172299064982439631E+01    0.315836468597581410E+00   -0.974936883436958368E+01   -0.569789217309863787E+02   -0.472295528966167950E+02   -0.114451535193769427E+02    1
   -0.144416786327759583E+01   -0.193680954781780379E+00   -0.361946747062018570E-01    0.545668683760271334E+00    0.769212002497852154E+00   -0.143121494424917728E+01   -0.188708040895903628E+01   -0.744533545963577126E+00    0.128963461135185775E+01   -0.954591254608906503E+01   -0.567749627704429898E+02   -0.472290502243539265E+02   -0.114551535193769425E+02    1
    0.147705790565293871E+01    0.824306529011242795E-01    0.885712906773841180E-01   -0.541895424020347960E+00    0.296309781855370602E+00   -0.183624475015562894E+01   -0.171605918611589892E+01   -0.582883619730409919E+00    0.295535261846339381E+01   -0.113106502716704647E+02   -0.585376843167058070E+02   -0.472270340450353459E+02   -0.114651535193769476E+02    1
   -0.127554696551917401E+01   -0.598011882310178988E+00    0.293564993338154556E+00    0.556610010914644349E+00    0.186393990190140357E+01    0.403551446528354119E+00   -0.581777299197483222E+00   -0.124222625203287862E+01    0.260663761351907164E+00   -0.105182779090938574E+02   -0.577447730042404004E+02   -0.472264950951465394E+02   -0.114751535193769509E+02    1
    0.131605599464829659E+01    0.153495276267629599E+00   -0.709289382746300934E-01   -0.328126488935175376E+00    0.128656144632941505E+00   -0.407558840221326990E+00   -0.258653043771232660E+01   -0.212386595848101933E+00    0.162704880690512277E+01   -0.984360519703132475E+01   -0.570699768678461226E+02   -0.472263716708147996E+02   -0.114851535193769489E+02    1
   -0.128564461076206515E+01   -0.344246263419902832E+00    0.116895501734910923E+00    0.456261426700189210E+00    0.170366556668227531E+01    0.368667154191371638E-01   -0.528550281532033983E+00   -0.156684071475751807E+01   -0.253151895890346701E-02   -0.104168622866858822E+02   -0.576416460539035072E+02   -0.472247837672176232E+02   -0.114951535193769505E+02    1
    0.134411801335505698E+01    0.519828333355815353E+00   -0.193638001623191003E+00   -0.570870559537090760E+00    0.709195204243542321E+00   -0.844668869159477254E+00   -0.168956736324957979E+01   -0.987705657033757234E+00    0.138602660935816879E+01   -0.868469090140942690E+01   -0.559079351882662365E+02   -0.472232442868568114E+02   -0.115051535193769467E+02    1
   -0.852303789530498235E+00   -0.239109990862429900E+00    0.157806733361981255E+00    0.210769327557571051E+00    0.139658036570722288E+01    0.166704649918642644E+01   -0.140380142909975780E+01   -0.150526550814788607E+01    0.117626697179389361E+01   -0.106907985200166049E+02   -0.579138422041103809E+02   -0.472230436840937742E+02   -0.115151535193769430E+02    1
    0.117854264561190991E+01    0.405705370977883728E+00   -0.221710210946229447E+00   -0.380691707519277001E+00    0.980104799592709242E+00   -0.102816685566608612E+01   -0.112990413930788214E+01   -0.662266271712041998E+00    0.189710794637107960E+01   -0.926234279669896665E+01   -0.564833221987090468E+02   -0.472209794020100802E+02   -0.115251535193769428E+02    1
   -0.127772507654526235E+01   -0.481292379606413245E+00    0.177235628072614615E+00    0.566687790816688297E+00    0.109428119110020816E+01   -0.680537992092240529E+00   -0.234911398367671609E+01   -0.156450969631464432E+01    0.601290779434295874E-01   -0.101861868089604179E+02   -0.574043570849648290E+02   -0.472181702760044075E+02   -0.115351535193769426E+02    1
   -0.124825756356598028E+01   -0.267722632172751052E+00    0.440255620095166833E-01    0.487020072636854540E+00    0.136512620222333680E+01    0.107380285106842166E+01   -0.140812387580467635E+01    0.345714881783578676E+00    0.213067735555910076E+01   -0.116079981593189281E+02   -0.588248580885074830E+02   -0.472168599291885513E+02   -0.115451535193769423E+02    1
   -0.912732401893837308E+00   -0.264527842660069457E+00    0.913761180234549109E-01    0.338458119914707201E+00    0.473948961879386843E+00   -0.486039133260192047E+00   -0.204560376001040822E+01   -0.153925304658855566E+01    0.349536358297655392E+00   -0.898072332721878652E+01   -0.561970832280215546E+02   -0.472163599008027717E+02   -0.115551535193769439E+02    1
   -0.905832492094793995E+00    0.234368156298324637E+00   -0.162153009359806477E+00    0.208436624307384522E+00    0.692371276085168574E+00   -0.104575328124042244E+01   -0.253937899389370614E+01   -0.356082918173001417E+01    0.162983232579222226E+01   -0.120018761733005075E+02   -0.592178402896273823E+02   -0.472159641163268731E+02   -0.115651535193769455E+02    1
   -0.101802002449668194E+01    0.315964535245541356E+00   -0.243356451092426873E+00    0.247392301909663770E+00    0.229214326417377379E+00   -0.320773200644452472E-01   -0.260103697640602149E+01   -0.106632843260172194E+01    0.189977141820122619E+01   -0.935920066815084795E+01   -0.565751416965976262E+02   -0.472159410284467782E+02   -0.115751535193769453E+02    1
    0.126581591148419648E+01    0.789987969979502047E-01    0.148632810562675743E+00   -0.582001689355962859E+00    0.232849648165142753E+01    0.112343826293567872E+01   -0.219202370345783271E+00   -0.171884612423468752E+01    0.202988853336023567E+01   -0.122582196955976936E+02   -0.594740300294885458E+02   -0.472158103338908504E+02   -0.115851535193769433E+02    1
    0.860636825453140908E+00    0.304963988402649600E+00   -0.175598170142017951E+00   -0.265722341656528083E+00    0.110193455482544778E+01    0.142793191406894948E+01   -0.168370118980305938E+01   -0.123044000062805026E+01    0.150535903091281420E+01   -0.100632201631101523E+02   -0.572789703316431442E+02   -0.472157501685329919E+02   -0.115951535193769448E+02    1
    0.128487447869166038E+01    0.438484974500752855E+00   -0.629689754460011075E-01   -0.699477085552178135E+00    0.210016560264307373E+01   -0.147687305504746291E+01   -0.427548623577536091E+01   -0.734864301115294438E+00    0.809435173742940828E+00   -0.163315686203736803E+02   -0.635472827574497288E+02   -0.472157141370760485E+02   -0.116051535193769446E+02    1
    0.139888692023225891E+01    0.559645313717008541E+00   -0.421663893288607650E+00   -0.370631199632918851E+00    0.168660192772108530E+01    0.282503675520047237E+00   -0.879346852090065800E+00   -0.185272710767435456E+01    0.724331378288525451E+00   -0.976201620236671985E+01   -0.569766114979142912E+02   -0.472145952955475678E+02   -0.116151535193769408E+02    1
    0.109407385413262714E+01    0.289649435930215304E+00   -0.233656858227292430E-01   -0.505594892690087949E+00    0.835344824980666090E+00   -0.546644298229921333E+00   -0.158160849214368660E+01   -0.153420377479392300E+01    0.167083369066062937E+01   -0.857376156069023132E+01   -0.557876093256758594E+02   -0.472138477649856299E+02   -0.116251535193769424E+02    1
   -0.131087264002652626E+01   -0.486453651181925517E+00    0.177222368297927479E+00    0.558838716208054365E+00    0.491641030361051889E+00    0.109311873554702288E+01   -0.250172734376178596E+01   -0.114892836306239587E+01    0.569766151874091742E+00   -0.101277144775710273E+02   -0.573382824024925526E+02   -0.472105679249215271E+02   -0.116351535193769458E+02    1
   -0.143086191650240613E+01    0.684319691189851920E-01   -0.143201843778305249E+00    0.458072980078940928E+00    0.361519581521179134E+00   -0.413071909111977165E+00   -0.197268271066945977E+01   -0.191186370426521535E+00    0.176511369056356693E+01   -0.926879467151119840E+01   -0.564791832670792076E+02   -0.472103885955680127E+02   -0.116451535193769455E+02    1
   -0.149854881659232619E+01    0.258695944399663702E+00   -0.525662337784883360E+00    0.748992747425677452E+00    0.162031861243008279E+01   -0.110151401521534298E+00   -0.187273522153986938E+01   -0.298170247591542648E+00    0.833154533703464262E+00   -0.102556380535383713E+02   -0.574645088917757576E+02   -0.472088708382373881E+02   -0.116551535193769418E+02    1
    0.127222229636381456E+01    0.530297761842724036E-02    0.668736582947837555E-01   -0.385452805902248341E+00    0.487404083527280818E+00    0.331579185736586624E+01   -0.307108443032234391E+01   -0.130519624951716651E+01    0.353122099033955639E-01   -0.168703490493108745E+02   -0.640780456505679439E+02   -0.472076966012570693E+02   -0.116651535193769451E+02    1
   -0.139766158803915674E+01   -0.598550615454471413E+00    0.297912650350638852E+00    0.555030607745433668E+00    0.761343722457468175E+00   -0.567534071889213010E+00   -0.202479212003368048E+01   -0.816339094293425660E+00   -0.758839648381124388E-01   -0.980412443648089038E+01   -0.570089671701154543E+02   -0.472048427336345640E+02   -0.116751535193769502E+02    1
    0.139541606023936815E+01   -0.271967147723509939E+00    0.244851273704624450E+00   -0.380249390879280225E+00    0.649700791906298036E+00   -0.424147538532224588E+00   -0.235106278515218037E+01   -0.136475582219759417E+01    0.109882801567096089E+01   -0.897976483326535835E+01   -0.561842739303642702E+02   -0.472045090970989136E+02   -0.116851535193769465E+02    1
   -0.918057653102761440E+00   -0.358598153135546660E+00    0.293950019429225495E+00    0.184180291727949474E+00    0.159534653065406928E+01   -0.780837244516305873E+00   -0.121850453994852592E+01   -0.119943184089947863E+01    0.282234208363547623E+01   -0.106449014624803340E+02   -0.578454388449127350E+02   -0.472005373824324010E+02   -0.116951535193769445E+02    1
   -0.119461647965917273E+01    0.443995627572716156E+00   -0.529734647996984109E+00    0.499906448829533501E+00    0.220762310718214394E+01   -0.138985833557057958E+01   -0.940114794908595064E+00   -0.142231379721238227E+01    0.113405628769328382E+01   -0.111456123438695354E+02   -0.583445854450812647E+02   -0.471989731012117275E+02   -0.117051535193769460E+02    1
    0.136830182147270119E+01    0.480756785337089543E+00   -0.396745051651247627E+00   -0.241399838544821166E+00    0.118019455788953564E+00    0.787486628968281366E+00   -0.308085630961272727E+01    0.387266110263908558E+00    0.137055854208369987E+01   -0.119666588879268652E+02   -0.591652400389985189E+02   -0.471985811510716502E+02   -0.117151535193769476E+02    1
   -0.134739275192790764E+01   -0.228864329676771838E+00    0.165778821308393276E-01    0.495938649870822923E+00    0.177235557196922855E+01   -0.216002777300445759E+00   -0.510319137403030032E+00   -0.144306113775314770E+01    0.457334863464211816E+00   -0.100331262986439746E+02   -0.572316409566611810E+02   -0.471985146580172028E+02   -0.117251535193769456E+02    1
   -0.844531654893841410E+00    0.508058441586307641E-01   -0.378415977724149144E-01    0.198451178972482323E+00    0.101153185934322210E+01   -0.742499232634372675E+00   -0.184725272699210996E+01   -0.294449290102306804E+01    0.179126657697338509E+01   -0.102347187906045498E+02   -0.574331647578152058E+02   -0.471984459672106524E+02   -0.117351535193769418E+02    1
   -0.109218595203946034E+01   -0.342865233754741094E+00    0.179975680806523375E-01    0.574715048673627882E+00    0.158141703508022147E+01    0.204994849549393676E+00   -0.137285123152537358E+01   -0.978812502895607395E+00    0.196521201635164311E+01   -0.964600233995026102E+01   -0.568444449507634886E+02   -0.471984426108132240E+02   -0.117451535193769399E+02    1
    0.104631226814345846E+01    0.365784916337384081E+00   -0.224109256035601945E+00   -0.343207487732661076E+00    0.777777348035897376E+00   -0.401378674581565009E+00   -0.395481691158352078E+01    0.153483906104838752E+00    0.236004765288157614E+01   -0.141264762699915583E+02   -0.613246070390961435E+02   -0.471981307691045870E+02   -0.117551535193769414E+02    1
    0.105279244350086243E+01    0.422911813948627424E+00   -0.106245239964398386E+00   -0.548854475841166978E+00    0.108395217676502398E+01   -0.288058441029761469E+00   -0.270515427026680300E+01   -0.405890811874769497E+00    0.342918316719647009E+01   -0.126512449455731772E+02   -0.598492911151662668E+02   -0.471980461695930913E+02   -0.117651535193769430E+02    1
    0.147912294398031552E+01    0.134032462133289343E+00    0.185612302445886002E+00   -0.777394963917833470E+00    0.308981487341839056E+01   -0.256419163333134748E+01   -0.148300062971770763E+01   -0.164187912759985011E+01    0.838628950317570565E+00   -0.157589812526379447E+02   -0.629559007967101607E+02   -0.471969195440722160E+02   -0.117751535193769463E+02    1
   -0.122041761986739372E+01    0.228527784905671716E+00   -0.393710910768783062E+00    0.547201994493357935E+00    0.199363251752970427E+01    0.165120360167065938E+00   -0.214465210072035006E+01   -0.601056939777890875E+00    0.396532745202194059E+00   -0.112294944952031042E+02   -0.584252738947670451E+02   -0.471957793995639392E+02   -0.117851535193769479E+02    1
    0.142738813544421506E+01   -0.685639490078679970E-01    0.209856595963576531E+00   -0.545239786540698823E+00    0.467610077695326254E+00   -0.831336273564602379E+00   -0.227537305127839318E+01   -0.871918225010404058E+00    0.524677215033762190E+00   -0.936545815903237511E+01   -0.565605959166635301E+02   -0.471951377576311515E+02   -0.117951535193769459E+02    1
    0.115062982728434138E+01   -0.132229120034325742E+00    0.165675750293195145E+00   -0.368767669776174423E+00    0.427724470179100535E+00    0.866585999020799136E+00   -0.241963734470459713E+01   -0.105781524969074781E+01    0.402686867461170772E+00   -0.988117263172281568E+01   -0.570739644332275162E+02   -0.471927918015046970E+02   -0.118051535193769439E+02    1
    0.146797313649741623E+01   -0.217653018194419179E+00    0.966764568778764044E-01   -0.259225003791017539E+00    0.133277817270823107E+01   -0.111666957569127590E+01   -0.222003181866170962E+01   -0.997167867488997217E+00    0.669719849630610264E+00   -0.101530539303607732E+02   -0.573454544556923906E+02   -0.471924005253316139E+02   -0.118151535193769472E+02    1
    0.119050544100327560E+01    0.347386377997151330E+00   -0.913919768734192672E-01   -0.486131550009104019E+00   -0.380876940596408531E-01   -0.824645450028356208E+00   -0.266344857935678192E+01   -0.145264511087248138E+01    0.214694275224587727E+01   -0.975980587510470343E+01   -0.569512155153678350E+02   -0.471914096402631316E+02   -0.118251535193769470E+02    1
    0.100933308318476733E+01   -0.378674004479654158E+00    0.353658176803503865E+00   -0.308230948597433163E+00    0.380781438572057596E+00   -0.941976496052348011E+00   -0.248002636947035171E+01   -0.200450472569741578E+01    0.118450924690819215E+01   -0.944427995160314104E+01   -0.566346781438926854E+02   -0.471903981922895426E+02   -0.118351535193769397E+02    1
    0.135051078312918094E+01   -0.350861971739558465E+00    0.454518459578288736E+00   -0.552260451756109272E+00    0.121323102412020489E+01   -0.109266001952278202E+01   -0.143210287736451369E+01   -0.181338599912919562E+01    0.175968959150054638E+01   -0.936805077778656958E+01   -0.565568564709501160E+02   -0.471888056931635447E+02   -0.118451535193769431E+02    1
    0.106676131742195945E+01   -0.203028179042802570E+00    0.177002624331703995E+00   -0.293386397775564745E+00    0.152864758089322095E+01    0.274369228903879103E+00   -0.104611536191782739E+01   -0.893523585874618220E+00    0.705335420990423012E+00   -0.951122099489220219E+01   -0.566987207120931913E+02   -0.471874997172009927E+02   -0.118551535193769446E+02    1
    0.865890772378170137E+00    0.266527759220980709E+00   -0.406975907821108818E-01   -0.407338022777563591E+00    0.647952642508471399E+00   -0.176892036863023350E+01   -0.181519276361427706E+01   -0.252215399222563974E+01    0.237528024575908603E+01   -0.109256810254438843E+02   -0.581120225612569925E+02   -0.471863415358131064E+02   -0.118651535193769391E+02    1
   -0.136847039479594623E+01   -0.217113202810535810E+00   -0.301348957789836502E-01    0.539114881477265051E+00    0.144642619431692765E+01   -0.967370835074916613E+00   -0.154254451257770575E+01   -0.107432724252134904E+01    0.164567306968251637E+01   -0.952744936563520639E+01   -0.567137402570796851E+02   -0.471862908914444787E+02   -0.118751535193769389E+02    1
   -0.115887631772454558E+01   -0.498136696875523199E+00    0.194056996717248964E+00    0.536127819934164362E+00    0.965021250723339108E+00   -0.104932837367982756E+01   -0.170119326381040969E+01   -0.213565275782571007E+01    0.187689033008723549E+01   -0.943363954223264045E+01   -0.566197596967628840E+02   -0.471861201545302436E+02   -0.118851535193769422E+02    1
    0.140846102934931539E+01    0.526757912466055966E+00   -0.350457612874457425E+00   -0.397277812363687755E+00    0.186170037664282972E+01    0.943015487871435298E-01   -0.993434835805828476E+00   -0.146701681231320435E+01    0.774123608592845125E+00   -0.985549293611660815E+01   -0.570399471336599220E+02   -0.471844541975433174E+02   -0.118951535193769455E+02    1
   -0.125584474631487342E+01    0.101822525871276159E+00   -0.280405950554317718E+00    0.568261234875258925E+00    0.161075452384352502E+01    0.195083744514477131E+00   -0.953101117489722816E+00   -0.164184102510830598E+01    0.267804266437337901E+01   -0.103638697939978037E+02   -0.575474038185783456E+02   -0.471835340245805455E+02   -0.119051535193769453E+02    1
   -0.148815505510021651E+01   -0.261926925692877122E+00    0.169413380814523951E+00    0.308145926470316356E+00    0.281357631699734156E+01   -0.430664221911456424E+00    0.241840871570957683E+00    0.277085593371566574E+00    0.197917439759407920E+01   -0.145107330528682983E+02   -0.616938810287302317E+02   -0.471831479758619352E+02   -0.119151535193769504E+02    1
    0.102957397658207483E+01    0.152712914381771814E-01   -0.204788492784981901E-01   -0.187043453682858907E+00    0.207734824997828582E+01    0.949002157743734642E+00   -0.178086955456478768E+01   -0.164198171712655494E+01    0.188883510956543454E+01   -0.112010249733164411E+02   -0.583834770904150702E+02   -0.471824521170986273E+02   -0.119251535193769467E+02    1
   -0.144390016794204712E+01    0.429008960723876953E+00   -0.417445540428161621E+00    0.458153629302978649E+00    0.187138572007711446E+01   -0.142089742221173765E+01   -0.549049851498466301E+00   -0.274298081552956319E+01    0.887470225419520142E+00   -0.116116046782132809E+02   -0.587918179619599002E+02   -0.471802132837466175E+02   -0.119351535193769447E+02    1
   -0.123867728080204609E+01    0.551993029698417459E+00   -0.590817293790748099E+00    0.472428105112067787E+00    0.201206210093687332E+00   -0.217214415050648257E+00   -0.317388721448992328E+01   -0.287687133371719028E+00    0.112725953771473564E+01   -0.107280366116000430E+02   -0.579075925083557053E+02   -0.471795558967556659E+02   -0.119451535193769427E+02    1
    0.117149283418182026E+01    0.402703203212458227E+00   -0.231460772513402357E+00   -0.359562285098890488E+00    0.554403831418994741E+00   -0.110266505490699218E+00   -0.227125691563855980E+01   -0.773171491460971083E+00    0.207587656337068438E+01   -0.930730455069397422E+01   -0.564833062962866279E+02   -0.471760017455926501E+02   -0.119551535193769443E+02    1
    0.140883358382881152E+01   -0.457226850115042271E-01    0.638363714476857247E-01   -0.361334019636312231E+00    0.116335675872846878E+01    0.107379282287297428E+01   -0.169974170577120254E+01   -0.896481150947465721E+00    0.425885133169004115E+00   -0.100689336026062062E+02   -0.572440312973726932E+02   -0.471750976947664853E+02   -0.119651535193769440E+02    1
    0.124666855541830968E+01    0.300072197796941831E+00    0.161253443869857627E-01   -0.599256157828519043E+00    0.114361806010606415E+01    0.510638309307296367E+00   -0.191102756303393995E+01   -0.305875419913377300E+01    0.289751928684950144E+01   -0.118853006893947288E+02   -0.590554827597477754E+02   -0.471701820703530430E+02   -0.119751535193769421E+02    1
    0.124904309710482408E+01    0.278598304355579751E+00   -0.190118988146216639E+00   -0.271455649063015558E+00    0.426121745505270155E+00    0.236039787229174236E+00   -0.296959550138467421E+01   -0.114285802860308650E+01    0.503329445717781931E+00   -0.101834240542857586E+02   -0.573535082053652872E+02   -0.471700841510795286E+02   -0.119851535193769418E+02    1
    0.741158272398939388E+00    0.390399919532641526E+00   -0.231043885725262355E+00   -0.325774201476885350E+00    0.153037471084076060E+01   -0.105393445746926773E+01   -0.162450923978099104E+01   -0.122085682993088085E+01   -0.292956569361422003E+00   -0.108679343714062693E+02   -0.580336951515814476E+02   -0.471657607801751766E+02   -0.119951535193769452E+02    1
   -0.118134255921679987E+01   -0.599805303136680124E-01   -0.522433084210416343E-01    0.397777401661377317E+00    0.119746095572850209E+01    0.191692227659018499E+01   -0.194826393994048863E+01   -0.803505157913377843E+00    0.141749932755601771E+00   -0.120294835302840095E+02   -0.591950902379627024E+02   -0.471656067076786911E+02   -0.120051535193769467E+02    1
    0.122534326912861280E+01    0.367966419192466088E+00   -0.205192136058315766E+00   -0.358158442452749914E+00    0.769039169216512164E+00    0.898056990547502765E-01   -0.198737290950361944E+01   -0.122898673076292653E+01    0.277782349956510188E+01   -0.983013434291803634E+01   -0.569954326976166641E+02   -0.471652983546986277E+02   -0.120151535193769430E+02    1
    0.117579035675136145E+01    0.300225495655838781E+00   -0.718618192848561321E-01   -0.463061039725280454E+00    0.807105440402438035E+00    0.957324908032433086E+00   -0.224636220817160392E+01   -0.139889143748632705E+00    0.192824587840391382E+01   -0.105816266798555052E+02   -0.577440477370528455E+02   -0.471624210571973421E+02   -0.120251535193769445E+02    1
   -0.113138338066599564E+01    0.693671615193294677E+00   -0.661523663544798524E+00    0.371537987696088479E+00    0.209427168374418216E+01   -0.239537106759826146E+00   -0.274813314011112197E+01   -0.128953196036604822E+01    0.181791652176684715E+01   -0.116496269985170464E+02   -0.588109757273459905E+02   -0.471613487288289406E+02   -0.120351535193769426E+02    1
    0.148892701930458049E+01    0.463967988688037458E+00   -0.879759283427893335E-01   -0.696638619364767675E+00    0.157083048597655761E+01    0.961755269032664728E+00   -0.214625451785991572E+01    0.748451406615231463E+00    0.177223308603174723E+01   -0.128042119645613699E+02   -0.599643590776294886E+02   -0.471601471130681205E+02   -0.120451535193769441E+02    1
    0.134043170534744416E+01   -0.199160016679260643E-01    0.348934658723904834E+00   -0.742822282305376169E+00    0.221672070663203158E+01   -0.215671544346491828E+01   -0.210920603444151311E+01   -0.155426796001961520E+01    0.254073031022358009E+01   -0.136890510791047859E+02   -0.608480379051459650E+02   -0.471589868260411791E+02   -0.120551535193769492E+02    1
    0.131200663900884029E+01   -0.402701920876847419E+00    0.466979739374926428E+00   -0.487375267778664245E+00    0.123255222304919698E+01   -0.911741056805794869E+00   -0.235336928389983768E+01   -0.169448025540191338E+01    0.232309348891362788E+01   -0.103589590260620259E+02   -0.575155576588360091E+02   -0.471565986327739850E+02   -0.120651535193769472E+02    1
   -0.101454370679589068E+01   -0.315936573067322701E+00    0.249105658313536038E+00    0.178386171465783172E+00    0.124787112663739208E+01   -0.433355627504852181E+00   -0.289265953516292029E+01   -0.417346992672946726E+00    0.132763702334955291E+01   -0.108340013379209630E+02   -0.579902398391426885E+02   -0.471562385012217220E+02   -0.120751535193769470E+02    1
    0.107662266083187363E+01   -0.153533790478339149E+00    0.290782552838243502E+00   -0.480156735459133566E+00    0.118481013978339433E+01   -0.124247929501166254E+01   -0.129678061830986713E+01    0.500254927695777951E+00    0.156647428447627157E+01   -0.110789057461400553E+02   -0.582345540933937542E+02   -0.471556483472536954E+02   -0.120851535193769504E+02    1
    0.978193982271352347E+00    0.275234494155929266E-01    0.117993508733184482E+00   -0.428354117953789471E+00    0.168272552169696610E+01    0.356107533900740791E-01   -0.143874307016289982E+01   -0.569665402562122836E+00    0.130384532234188577E+01   -0.978938835475337221E+01   -0.569445672040513955E+02   -0.471551788492980251E+02   -0.120951535193769466E+02    1
    0.682830352754723258E+00   -0.260694096723216306E+00    0.235201607442328431E+00   -0.197673656252833618E+00    0.187145587437839822E+01   -0.118730039229148987E+00   -0.793823863369879978E+00   -0.243918730844939091E+01    0.185408428798496083E+01   -0.104765362836439930E+02   -0.576305979438831031E+02   -0.471540616602391083E+02   -0.121051535193769411E+02    1
   -0.112526609178719394E+01   -0.315391380133520860E+00    0.230709051177560465E+00    0.227186038152908942E+00    0.211382401569721878E+01   -0.652632715683694187E+00   -0.157847559582137342E+01   -0.306528415388470421E+01    0.134242902156643162E+01   -0.118077681632485216E+02   -0.589618060040855596E+02   -0.471540378408370415E+02   -0.121151535193769444E+02    1
    0.115539563123274203E+01    0.446915390543136670E+00   -0.310548214139614753E+00   -0.314300703461302011E+00    0.117390002529532467E+01    0.162799371607547982E+01   -0.310435928845095077E+01   -0.209132057461715704E+01    0.325501235530168742E+01   -0.144912565845921719E+02   -0.616452379575746789E+02   -0.471539813729825070E+02   -0.121251535193769460E+02    1
    0.120462437724760019E+01    0.535955297924943785E+00   -0.182815273339553608E+00   -0.611430420212406678E+00    0.225811285800659789E+01   -0.112060462125441518E+01   -0.137514868156927128E+01   -0.662790958616596981E+00    0.280228109136601233E+01   -0.124305653639733329E+02   -0.595845332421175726E+02   -0.471539678781442362E+02   -0.121351535193769386E+02    1
   -0.992726486258689977E+00   -0.270459414998576175E+00    0.319075966866877447E-01    0.451710495054488348E+00    0.389452815883259973E+00   -0.141497567743613217E+01   -0.219876879505250145E+01    0.104673547582137871E+01    0.189683284315037803E+01   -0.125653024898139343E+02   -0.597190220110421848E+02   -0.471537195212282541E+02   -0.121451535193769420E+02    1
    0.136935913498998740E+01    0.390257874250970804E+00   -0.735992271708539869E-01   -0.593305320967906891E+00    0.166453206721826064E+00   -0.894633037811445320E+00   -0.270007287447810995E+01   -0.260136688794659676E+01    0.356310316661506477E+01   -0.128557214541257387E+02   -0.600091620628058990E+02   -0.471534406086801567E+02   -0.121551535193769453E+02    1
    0.774475135382446389E+00   -0.603510324619078720E-01    0.940952383738635767E-01   -0.264469357185598719E+00    0.882995929042635908E+00   -0.246869147855591109E+01   -0.244328694640330468E+01   -0.880191582283487151E+00    0.204043155797648978E+01   -0.122833615739732789E+02   -0.594366568482754190E+02   -0.471532952743021383E+02   -0.121651535193769433E+02    1
    0.910663554050925583E+00    0.180499033046945812E-01    0.754169701539231241E-02   -0.247610856764729714E+00    0.247619141280551958E+01   -0.530237715073553773E+00   -0.125794353103970002E+01   -0.102962197982037651E+01    0.122831594613103356E+01   -0.111598790734865059E+02   -0.583122300117917121E+02   -0.471523509383052044E+02   -0.121751535193769413E+02    1
   -0.144879610236114242E+01   -0.730451509475658067E-01   -0.437090908945638734E-01    0.474950053891248114E+00    0.155480006550192229E+01   -0.104333285951156540E+01   -0.131051789995467494E+01   -0.159273641991717341E+01    0.200004435175401341E+01   -0.984507583498191607E+01   -0.569963499041857773E+02   -0.471512740692038648E+02   -0.121851535193769358E+02    1
    0.131734375946809390E+01    0.218855884608093687E+00    0.108864084487401147E+00   -0.679908122164945450E+00    0.146843573764385837E+01   -0.556100584245768914E+00   -0.160655157121141179E+01   -0.217397972540879891E+01    0.841600175461963085E+00   -0.961958869872839806E+01   -0.567704566448501282E+02   -0.471508679461217284E+02   -0.121951535193769427E+02    1
    0.112790058750668454E+01    0.413712236960246837E+00   -0.142766097066730713E+00   -0.488570555669690931E+00    0.470843372767149049E+00   -0.114874508502794015E+01   -0.222003699531910570E+01   -0.448026096793228135E+00    0.201161785104318369E+01   -0.987706854888942232E+01   -0.570275752932385558E+02   -0.471505067443491370E+02   -0.122051535193769496E+02    1
    0.133871390616170283E+01   -0.176459232649978315E+00    0.142700664577769309E+00   -0.334348145808862129E+00    0.336742636424105513E+00   -0.835320266766075292E+00   -0.288556740742365037E+01   -0.297066579290685695E+00   -0.129083467148802589E+00   -0.113763149446780982E+02   -0.585267628257976043E+02   -0.471504478811195042E+02   -0.122151535193769423E+02    1
    0.849380953582138609E+00   -0.683069555601449885E-01    0.135135722770598710E+00   -0.318690091391507502E+00    0.126172239953007193E+01   -0.101537702936752794E+01   -0.141944635729828383E+01   -0.218320317887105375E+01    0.132204661321111638E+00   -0.100989540829243083E+02   -0.572473701260297219E+02   -0.471484160431054136E+02   -0.122251535193769385E+02    1
    0.106635703554004557E+01    0.249369795613520573E+00   -0.589683327955592418E-02   -0.506329905444950490E+00    0.155267115024685154E+01   -0.725658523291485835E+00   -0.275118707620435998E+01   -0.102300233446953825E+01    0.653279948434146940E+00   -0.109115262291136421E+02   -0.580599001904756449E+02   -0.471483739613620045E+02   -0.122351535193769383E+02    1
   -0.848638623075630760E+00   -0.394036105268576353E+00    0.148696681174474765E+00    0.418248469266358169E+00    0.769961616271075400E+00   -0.185265906177733086E+01   -0.216719734367984529E+01   -0.160396660629089638E+01    0.981997046152401021E+00   -0.102691209969721200E+02   -0.574163298440700913E+02   -0.471472088470979713E+02   -0.122451535193769416E+02    1
   -0.940458277400190501E+00   -0.111788608534561407E+00    0.769158916460288555E-01    0.197123452973943181E+00    0.830409164876755312E+00   -0.174885276217651153E+01   -0.292597669793735804E+01   -0.188514352520201101E+01    0.729932156303903179E+00   -0.114407922258793135E+02   -0.585879348163860527E+02   -0.471471425905067392E+02   -0.122551535193769450E+02    1
   -0.985231420187761442E+00   -0.505380086864571920E+00    0.254000036758428749E+00    0.454994143577532206E+00    0.102182094279328339E+01   -0.318135710591946008E+01   -0.265938712153797496E+01   -0.283469563575977190E+01    0.798627686541522275E+00   -0.153233105298113568E+02   -0.624686823814279535E+02   -0.471453718516165949E+02   -0.122651535193769465E+02    1
   -0.111530619923822205E+01    0.368986251449000324E+00   -0.455283699693945332E+00    0.461646616559245659E+00    0.586113378393520179E+00    0.175479966554803524E+00   -0.276465833874340206E+01   -0.142237954560528124E+01    0.122317876988631746E+01   -0.956026643917095775E+01   -0.567027345339800632E+02   -0.471424680948091037E+02   -0.122751535193769445E+02    1
    0.103964982077305113E+01   -0.458827557378664874E+00    0.393464366479113981E+00   -0.288633665772403569E+00    0.191761793160935667E+01    0.146720309968372931E+01   -0.114106231838491090E+01    0.912847273218631017E-01    0.131871110174756745E+01   -0.122581285884288480E+02   -0.594001585825204330E+02   -0.471420299940915868E+02   -0.122851535193769408E+02    1
   -0.111496231379262722E+01    0.549379837787222769E-01   -0.747007665837834400E-01    0.295391266602801350E+00    0.157660527202892808E+01   -0.219725373524283896E+01   -0.225078233485760393E+01   -0.306899462891237818E+01   -0.102535935376408593E+00   -0.142171466715214390E+02   -0.613542603282259478E+02   -0.471371136567045070E+02   -0.122951535193769388E+02    1
    0.137014523940389354E+01    0.837818617551886469E-01    0.411902588458503693E-01   -0.448070230607104159E+00    0.133267368296969835E+01   -0.162998492061205924E+00   -0.145442096625288264E+01   -0.189440659730394145E+01    0.173555418358205338E+01   -0.913766516867810985E+01   -0.562743154545798845E+02   -0.471366502859017729E+02   -0.123051535193769421E+02    1
   -0.809174106772696522E+00    0.397730418525904961E+00   -0.321375946017634639E+00    0.202036957506976700E+00    0.796405055558579988E+00   -0.800782042887249190E+00   -0.292881964455204979E+01   -0.125934638126295795E+01    0.314587862816892994E+01   -0.118960675787342893E+02   -0.590325698578899178E+02   -0.471365022791556285E+02   -0.123151535193769419E+02    1
    0.110047429186923695E+01    0.273492496817008268E+00   -0.748610264946799608E-01   -0.416010072283281684E+00    0.861218020861542755E-01   -0.124993102366602216E+01   -0.299314270410036443E+01   -0.323377825677312103E+01    0.180033581957445699E+01   -0.121367400030670129E+02   -0.592715211870559600E+02   -0.471347811839889488E+02   -0.123251535193769381E+02    1
    0.147846179487931417E+01   -0.293799295932466009E+00    0.296391590133219918E+00   -0.470652192831790495E+00    0.177440129745605191E+01    0.614447441513448211E+00   -0.248734824437519819E+01   -0.125138238773729427E+01    0.819720297703270484E+00   -0.109033789807066199E+02   -0.580367454516825134E+02   -0.471333664709758935E+02   -0.123351535193769379E+02    1
    0.132581233862336223E+01    0.336085566086325560E+00    0.215612114345509198E-01   -0.673837748399316316E+00    0.227329663323757813E+01   -0.464573146529119130E+00   -0.777505699901439362E+00   -0.291057079443021394E+01    0.175531599845385267E+01   -0.119028707648328389E+02   -0.590354343084193474E+02   -0.471325635435865067E+02   -0.123451535193769395E+02    1
   -0.132344367920426453E+01   -0.498013885811837032E+00    0.120046337515961055E+00    0.645325822539887017E+00    0.192185890274799931E+01   -0.107230215656386463E+01   -0.998865027967212660E+00   -0.246492432512809501E+01   -0.134824003467883591E+00   -0.117570453036189075E+02   -0.588895887677690126E+02   -0.471325434641501033E+02   -0.123551535193769428E+02    1
    0.148073292853685423E+01    0.259231105930224359E-02    0.993069704632605355E-01   -0.480638634124457842E+00    0.149866602743145449E+01    0.251661745679712168E+00   -0.117493411209011334E+01   -0.473582671824033241E+00    0.208322689328610977E+01   -0.993272538755029188E+01   -0.570630954620224315E+02   -0.471303700744721397E+02   -0.123651535193769408E+02    1
   -0.130881884760664624E+01   -0.387755964854795243E+00    0.900396033755153091E-01    0.554073727177076369E+00    0.232149709132158932E+01    0.349514731111639831E+00   -0.507526636619104243E+00   -0.212689952893356349E+01    0.147902986747681120E+01   -0.112623938149130716E+02   -0.583920429027121628E+02   -0.471296490877990877E+02   -0.123751535193769424E+02    1
   -0.116833329879017356E+01    0.383788915679251108E+00   -0.472711973588878620E+00    0.476671945740193781E+00    0.107687661435420523E+00    0.333444251069750008E+00   -0.360693978232006884E+01    0.524833220569007608E+00    0.277885431376603265E+01   -0.141990027106007073E+02   -0.613259255037610984E+02   -0.471269227931603893E+02   -0.123851535193769422E+02    1
    0.149795424817054501E+01    0.103121291977129381E+00    0.548681538016086989E-01   -0.518118697475298040E+00    0.152845836649817102E+01   -0.287529601449818983E+01   -0.110630153920396856E+01   -0.287309935997996035E+01    0.281189969813453899E+01   -0.150413196056047660E+02   -0.621679753177408969E+02   -0.471266557121361345E+02   -0.123951535193769384E+02    1
    0.111482744083227292E+01    0.527914816563646472E+00   -0.254275737276709490E+00   -0.491158108533431004E+00    0.799510396064988527E+00   -0.290833860091197438E+00   -0.288785663874591592E+01   -0.836722389041142378E+00   -0.104490940708615176E+01   -0.126844715423453849E+02   -0.598108117583504821E+02   -0.471263402160050973E+02   -0.124051535193769382E+02    1
    0.147559286055515271E+01    0.745324383631686960E-01   -0.685907640853576916E-01   -0.322918029599648937E+00    0.167378299369033812E+01   -0.405904479237050864E-01   -0.282673136864900698E+01   -0.847057243878452937E+00    0.654222504323343168E+00   -0.111756272521360778E+02   -0.583012042905314871E+02   -0.471255770383954058E+02   -0.124151535193769398E+02    1
    0.141327767287160855E+01    0.921495408687689199E-01    0.123882342233917919E+00   -0.599277473577131570E+00    0.419209753925997575E+00   -0.104664776471395271E+01   -0.246493530224029200E+01   -0.629288883559411261E+00    0.180418142323219421E+01   -0.977374790563681017E+01   -0.568985896394241877E+02   -0.471248417337873775E+02   -0.124251535193769431E+02    1
   -0.106471934492858455E+01   -0.332952319642451977E+00    0.561951848744615123E-01    0.480536560748228592E+00    0.210594832861829673E+01   -0.334407412661903380E+00   -0.107269963520479883E+01   -0.199308238771322976E+01    0.114069932329471180E+01   -0.103713149308410539E+02   -0.574959660678399302E+02   -0.471246511369988781E+02   -0.124351535193769447E+02    1
   -0.966002527503801556E+00   -0.557671341470193926E-01   -0.326082542666400466E-01    0.324875464352764265E+00   -0.143663868992689459E+00   -0.120319008151795970E+01   -0.317902538749990526E+01   -0.122185189036031261E+01    0.227992803970778368E+01   -0.111579851322299692E+02   -0.582818513758238552E+02   -0.471238662435938878E+02   -0.124451535193769427E+02    1
   -0.115233112581140862E+01    0.208987775153210098E+00   -0.218414048571219821E+00    0.346820741964007917E+00    0.933054518762901353E+00    0.280342381096261362E+00   -0.242382270052644344E+01   -0.402918744600810896E-01    0.208566238355047062E+01   -0.106139058079264696E+02   -0.577369242657466089E+02   -0.471230184578201374E+02   -0.124551535193769389E+02    1
    0.139109687677228022E+01   -0.366109122567612744E-01    0.795125626566393073E-01   -0.412296558629882737E+00    0.167218069068781006E+01   -0.824327135090925367E+00   -0.163701167266594871E+01   -0.134328805109248606E+01    0.255734056447749936E+01   -0.105350753875548708E+02   -0.576580899643904772E+02   -0.471230145768356081E+02   -0.124651535193769369E+02    1
    0.105829724752738530E+01    0.262031655425398746E-01    0.866219366306490990E-01   -0.384402349462950932E+00    0.140916500181333504E+01    0.307894938626986969E+00   -0.167347105078192704E+01   -0.210300930354264892E+01    0.593548474247427515E+00   -0.970196068021732039E+01   -0.568241545506334731E+02   -0.471221938704161545E+02   -0.124751535193769385E+02    1
    0.145266455850292031E+01    0.227348538322026616E+00   -0.100362610696200782E-01   -0.564209285913788716E+00    0.194613350075428571E+01   -0.233330125969018809E+01   -0.155667519977100688E+01   -0.172987201890805409E+01    0.189693648300021800E+01   -0.125201855917915470E+02   -0.596415647793496007E+02   -0.471213791875580554E+02   -0.124851535193769383E+02    1
   -0.101980654924816871E+01   -0.268566177877345380E+00    0.214681758949128554E+00    0.206692016858831762E+00    0.192282643941666720E+01    0.671736746437546217E-01   -0.220821237956783989E+01   -0.225436658664762035E+01    0.191592085032993986E+01   -0.110183320749294698E+02   -0.581388834819123801E+02   -0.471205514069829121E+02   -0.124951535193769399E+02    1
    0.117582155616664741E+01    0.402824199365500402E+00   -0.227990919206874976E+00   -0.372774841213435792E+00    0.199702037273823407E+01   -0.590397897973389263E+00   -0.731893381858981007E+00   -0.201550956122787284E+01    0.136914592641801414E+01   -0.103020366294597903E+02   -0.574219668437747259E+02   -0.471199302143149339E+02   -0.125051535193769414E+02    1
    0.134262872247994025E+01    0.110672412875552295E+00   -0.672015156758426491E-01   -0.308767667179870253E+00    0.127251130547506364E+01   -0.111452407746810367E+00   -0.214147674143191580E+01   -0.845761140536751554E+00    0.130498574000398571E+01   -0.945043074454475729E+01   -0.565696502407435702E+02   -0.471192194961988093E+02   -0.125151535193769394E+02    1
   -0.975273260124514541E+00   -0.702495230390214331E-01   -0.169869717663253539E+00    0.532938364004993836E+00    0.147791687876974720E+01    0.888261855595829375E-01   -0.221574085085990191E+01   -0.132612217305336344E+01    0.260318787263372542E+01   -0.105923656922058385E+02   -0.577114578726774212E+02   -0.471190921804715828E+02   -0.125251535193769392E+02    1
    0.134125426165390582E+01   -0.637928475503473091E-01    0.347114739576808384E+00   -0.731605214049544594E+00    0.129094309534252716E+01   -0.119099036519514812E+01   -0.353210838806830907E+01   -0.214207500412953777E+01    0.677497939813065608E+00   -0.126830182679728800E+02   -0.598009229394681512E+02   -0.471179046714952676E+02   -0.125351535193769408E+02    1
    0.103287005965270984E+01    0.272462767258394134E+00   -0.149471186865938188E-01   -0.459502953325752250E+00    0.249348094631272943E+01    0.182796953479396507E+01   -0.102033162374823383E+01   -0.140281882296449112E+00    0.101089732295236012E+01   -0.139049325555535681E+02   -0.610225850132058127E+02   -0.471176524576522482E+02   -0.125451535193769388E+02    1
   -0.116015474406659447E+01   -0.271591784551169280E+00    0.138033929919791909E+00    0.332220734550414454E+00    0.864074629008655393E+00   -0.130087052167823458E+01   -0.238255538112184695E+01   -0.196740285443297580E+01    0.127537119100225249E+00   -0.105755660638533087E+02   -0.576927981748340457E+02   -0.471172321109807370E+02   -0.125551535193769404E+02    1
   -0.109294460340000121E+01   -0.122541776946427428E+00   -0.119790311546975503E+00    0.527276652051409611E+00    0.137240963805766114E+01    0.602413841272664841E-01   -0.270114084246301900E+01   -0.354928942007290971E+00    0.170590094324438746E+01   -0.108295546973536378E+02   -0.579464167536176618E+02   -0.471168620562640257E+02   -0.125651535193769437E+02    1
    0.126647533336074947E+01    0.525947508397838881E+00   -0.218821999915585597E+00   -0.527171595096585843E+00    0.148931707398446633E+01    0.744700490973855267E+00   -0.237265475432309358E+01    0.114599842884103964E+01    0.150504773135367054E+01   -0.135465564249212811E+02   -0.606575772901021111E+02   -0.471110208651808264E+02   -0.125751535193769470E+02    1
    0.852268186818950113E+00   -0.168037631091422224E+00    0.197873926230794250E+00   -0.289515005384333945E+00    0.156869252784304081E+01    0.568984248790229685E+00   -0.154684819994940859E+01   -0.124067724101564636E+01    0.152181658508993700E+01   -0.960670619456857899E+01   -0.567172910124342664E+02   -0.471105848178656856E+02   -0.125851535193769468E+02    1
   -0.118603853058400555E+01   -0.189713947964835317E+00   -0.126908865945108973E-01    0.472232979932585284E+00    0.110039349348312498E+01   -0.748082871867836730E+00   -0.199136831816872450E+01   -0.212064169370137279E+01    0.362847191987612172E+00   -0.977961381982807687E+01   -0.568867522262379950E+02   -0.471071384064099163E+02   -0.125951535193769413E+02    1
   -0.143563680811978078E+01    0.128465392783305710E-01   -0.718309188140445753E-01    0.421166656081233937E+00    0.183238022456293947E+01   -0.392083401196714421E+00   -0.970232211133179367E+00   -0.499266049720290539E+00    0.285110213400798784E+01   -0.113246504801497458E+02   -0.584314863394758390E+02   -0.471068358593260896E+02   -0.126051535193769357E+02    1
   -0.106652580908211547E+01    0.634537481373280698E-01   -0.808235345035852593E-01    0.281837034454023971E+00    0.508983061819208160E+00   -0.642707404141447114E+00   -0.358624743150471659E+01    0.113113298892017156E+01    0.902487880897524741E+00   -0.145131674435874025E+02   -0.616198001763860077E+02   -0.471066327327986087E+02   -0.126151535193769408E+02    1
    0.100181135322106396E+01    0.298922826985243750E+00   -0.381924544652956222E-02   -0.517717307666693438E+00    0.118306798533808433E+01   -0.180173192648112490E+01   -0.192969726199294178E+01    0.338218424079741453E+00    0.199046738080937780E+01   -0.120691038048150130E+02   -0.591756886738520294E+02   -0.471065848690370146E+02   -0.126251535193769389E+02    1
   -0.134728679305604837E+01    0.474683025222534694E+00   -0.441747957561631432E+00    0.408702826872593628E+00    0.245348839083590065E+00   -0.773344114778637959E+00   -0.272105441603002873E+01    0.217691651566497058E+01    0.191449704249521369E+01   -0.160482655421644544E+02   -0.631546042322679284E+02   -0.471063386901034704E+02   -0.126351535193769404E+02    1
   -0.135136794278301098E+01    0.273652379766980758E+00   -0.339070340447931606E+00    0.491590326459663718E+00    0.127480976152469339E+01    0.581688513432255250E-01   -0.158764983189371356E+01    0.961785298430868352E+00    0.467997477770723203E+00   -0.120048370697277829E+02   -0.591100407827764300E+02   -0.471052037130486454E+02   -0.126451535193769455E+02    1
   -0.114042143472283897E+01    0.109478947365232449E+00   -0.790027559411032865E-01    0.281376875971764751E+00    0.152942540047774855E+01   -0.941082204732310856E+00   -0.222963899639239571E+01   -0.180838692319298389E+01   -0.553484095722751368E+00   -0.117788823985798317E+02   -0.588814309219455296E+02   -0.471025485233656980E+02   -0.126551535193769382E+02    1
    0.139463329019841531E+01    0.542117656869196551E+00   -0.214877542459158466E+00   -0.565748324465574770E+00    0.970103677867655279E+00    0.482139829426842026E+00   -0.345434764891138002E+01   -0.755355265954449351E+00    0.143932879601038644E+01   -0.116129452698639231E+02   -0.587148147144914248E+02   -0.471018694446275035E+02   -0.126651535193769345E+02    1
   -0.130731267561179743E+01   -0.119361152081276289E+00    0.944758688930225077E-02    0.385137526287883558E+00    0.176624062974610752E+01   -0.108704452712799993E+00   -0.124844391492047158E+01   -0.146727226822463308E+01    0.100709769728496235E+01   -0.956263467553916335E+01   -0.566637837715391015E+02   -0.471011490959999364E+02   -0.126751535193769378E+02    1
    0.948002827897426847E+00   -0.114911016692979873E+00    0.883950329578331306E-02   -0.126703221056048365E+00    0.184947902931412500E+01   -0.331020606078027357E+00   -0.280359709501567522E+01   -0.192656008772814857E+01    0.130620117427156424E+01   -0.112525683963347323E+02   -0.583535673508673796E+02   -0.471009989545326491E+02   -0.126851535193769429E+02    1
   -0.117921217453041516E+01   -0.145712447960979929E+00   -0.610236450487116056E-01    0.499664873182988467E+00    0.789262218587509778E+00    0.705281047752350787E+00   -0.258686615210649506E+01   -0.435163831108411614E+00    0.187089228718264189E+01   -0.103937433289943542E+02   -0.574944689771027910E+02   -0.471007256481084369E+02   -0.126951535193769462E+02    1
    0.541738832604489851E+00    0.442751533267042863E-01    0.181402209189860386E-01   -0.183056223589724509E+00    0.864450644661474144E+00    0.291769522654021840E+00   -0.279737179337985253E+01   -0.167017187930809996E+01    0.312971326894853519E+01   -0.116402088964655306E+02   -0.587405489880132521E+02   -0.471003400915477215E+02   -0.127051535193769389E+02    1
   -0.122942528657485184E+01   -0.104893150840521976E+00   -0.802880861503599830E-01    0.514832998734781944E+00    0.659649374716764214E+00   -0.595322540654024124E+00   -0.285026747971073746E+01    0.558908076133093346E+00    0.254539490221077580E+00   -0.121918258623370370E+02   -0.592909494888578195E+02   -0.470991236265207789E+02   -0.127151535193769352E+02    1
   -0.107894100881105959E+01   -0.283962007767715408E+00    0.167584834268235339E+00    0.302595609042749292E+00    0.138080086650575140E+01   -0.179184270464133988E+01   -0.208043192062518756E+01   -0.248405673083311740E+01    0.190617109638765236E+01   -0.114749207245498486E+02   -0.585736861266171900E+02   -0.470987654020673432E+02   -0.127251535193769367E+02    1
    0.138194146858457101E+01   -0.429508811041599436E+00    0.447771557375342022E+00   -0.465973472305040881E+00    0.107161749110559867E+01    0.164740808465353439E+01   -0.267292660485622946E+01   -0.344920522036204602E+01    0.150447368279515126E+01   -0.135604098111138622E+02   -0.606590455670064301E+02   -0.470986357558925661E+02   -0.127351535193769383E+02    1
   -0.136757242280401337E+01    0.268380211556338288E-01   -0.297087260155669219E+00    0.704906972725155345E+00    0.590067199428858657E+00   -0.717706382466758441E+00   -0.315749103304028722E+01   -0.125144660844057398E+01    0.170948946405928859E+01   -0.104780820888834842E+02   -0.575753948059657574E+02   -0.470973127170822750E+02   -0.127451535193769399E+02    1
    0.123414656877646234E+01   -0.565480261004056795E+00    0.541614727608920266E+00   -0.399784706356182462E+00    0.107125653947264254E+01   -0.634527761604886109E+00   -0.172051917196426962E+01   -0.873401042861132737E-01    0.321803710350764050E+01   -0.115799365702287140E+02   -0.586754008246929999E+02   -0.470954642544642894E+02   -0.127551535193769396E+02    1
   -0.118653712788436638E+01    0.581063846460931899E-01   -0.722623604546485110E-01    0.309443599106124179E+00    0.999590692073297760E+00    0.320360273982487398E+00   -0.221034370740085251E+01   -0.949824642883640990E+00    0.311161608342104046E+01   -0.109895025776166229E+02   -0.580828656269161172E+02   -0.470933630492994908E+02   -0.127651535193769430E+02    1
    0.115141536252897181E+01   -0.932061858084662909E-01    0.130727000569573981E+00   -0.370097659950935409E+00    0.242399089822697533E+01   -0.842615476693708843E+00   -0.809142072981785310E+00   -0.232393102639548488E+01    0.322547972356119317E+01   -0.135099545754542909E+02   -0.606022252382153397E+02   -0.470922706627610452E+02   -0.127751535193769410E+02    1
   -0.103885545014453884E+01   -0.264188365197645547E+00    0.167567581554766143E-01    0.470900208589015934E+00    0.129233825457390594E+01   -0.124725059953448181E+01   -0.195907204555282966E+01   -0.271565545362250305E+01    0.513513351219217151E+00   -0.108731740004684774E+02   -0.579650778068832295E+02   -0.470919038064147557E+02   -0.127851535193769372E+02    1
    0.916051081791699140E+00    0.201605866306755033E+00   -0.477947879844056178E-01   -0.353570854643342980E+00    0.219395438740662030E+01   -0.882716368465708001E+00   -0.196004392821237139E+01   -0.121384877900140964E+01    0.148302143635305606E+01   -0.110091493269695970E+02   -0.580994888659093789E+02   -0.470903395389397801E+02   -0.127951535193769352E+02    1
   -0.103399209420401061E+01    0.348546483890798342E+00   -0.248364554840999396E+00    0.229311078651198041E+00    0.137995306671314211E+01   -0.301607504062530951E+00   -0.215787977770219186E+01   -0.164042334936880252E+01    0.160263647444821822E+01   -0.955031641042695156E+01   -0.566405385666602825E+02   -0.470902221562333310E+02   -0.128051535193769332E+02    1
    0.109512734485626062E+01    0.255702903379579238E+00   -0.895519743956509906E-01   -0.376407096939289698E+00    0.999449283395961174E+00   -0.127779818043677551E+01   -0.217828288519172020E+01   -0.744436028052177790E+00    0.126108849677279999E+01   -0.983793768480698816E+01   -0.569239932773351072E+02   -0.470860555925281190E+02   -0.128151535193769330E+02    1
   -0.567513275799667927E+00    0.577760230559101196E-01   -0.152684790827309125E+00    0.273425661871081527E+00    0.178514203169811481E+01    0.704732744471812111E+00   -0.223074453765889302E+01   -0.253824945350629605E+01    0.114853653356362906E+01   -0.112287195426450950E+02   -0.583139601423915721E+02   -0.470852405997464771E+02   -0.128251535193769310E+02    1
    0.766273600151436529E+00    0.103205022160757220E+00    0.911482977964501728E-01   -0.412944233180329467E+00    0.158372306087017023E+01    0.207714669092297299E+01   -0.316299204530537281E+01   -0.106238904552697022E+01    0.227705620855772395E+01   -0.144333012561687344E+02   -0.615176550187651898E+02   -0.470843537625964572E+02   -0.128351535193769379E+02    1
    0.989202311283004398E+00   -0.515230433910944141E+00    0.426431816552471643E+00   -0.258752344608422891E+00    0.150792293546260225E+01    0.230613132711141644E+00   -0.244491824715055373E+01   -0.123139405803044610E+01    0.286097252246577227E+01   -0.113543460101398654E+02   -0.584379382148909770E+02   -0.470835922047511133E+02   -0.128451535193769448E+02    1
   -0.100339962433382857E+01   -0.417637979511478186E+00    0.125089661194353940E+00    0.478645374818152280E+00    0.600723919670826945E+00   -0.236304058374798787E+00   -0.421591478837058276E+01   -0.599723044039137676E+00    0.124252706615380015E+00   -0.139269687049397408E+02   -0.610098906765178697E+02   -0.470829219715781306E+02   -0.128551535193769428E+02    1
    0.146736830603261836E+01   -0.419527433479549572E-02    0.353675559302935039E-01   -0.353430571943481320E+00    0.109240567680785716E+01   -0.261487786274187783E+01   -0.377144817900557427E+01   -0.116358375348340815E+01    0.333654867880909478E+01   -0.172274092887514563E+02   -0.643103290279831725E+02   -0.470829197392317198E+02   -0.128651535193769408E+02    1
    0.136149090272183448E+01    0.472981237892576178E+00   -0.983169585753829178E-01   -0.632987650775049371E+00    0.194332691149725179E+01    0.477344931010748097E+00   -0.155276536387987085E+01   -0.113452319693692516E+01    0.311571828579076282E+01   -0.119042590927796041E+02   -0.589869113285978415E+02   -0.470826522358182373E+02   -0.128751535193769406E+02    1
   -0.136160838435124010E+01   -0.281333565517413176E+00    0.436532135160947465E-01    0.528343502643734864E+00    0.172521237645355541E+01   -0.149653339826159026E+01   -0.129074384952332344E+01   -0.793447958809565534E+00    0.101484520578310389E+01   -0.105368148154785413E+02   -0.576193550299590456E+02   -0.470825402144805025E+02   -0.128851535193769422E+02    1
    0.137882639581483879E+01    0.447641107665033289E+00   -0.311734073124840583E+00   -0.352097106969897600E+00    0.795650471883391219E+00    0.231639850218243792E+00   -0.264673833399797331E+01   -0.754924134731709273E+00    0.134643153670481319E+01   -0.974537869086030462E+01   -0.568266732424026912E+02   -0.470812945515423849E+02   -0.128951535193769384E+02    1
   -0.100225487745693886E+01    0.248511181229937872E+00   -0.174637487969941496E+00    0.224585510951090139E+00    0.106155912548615561E+01   -0.820352565241364573E+00   -0.295821037703376533E+01   -0.241786226375438673E+01    0.575393754510287403E+00   -0.111914491042331949E+02   -0.582717580998159619E+02   -0.470803089955827687E+02   -0.129051535193769364E+02    1
    0.125313154725540699E+01   -0.341434029490148561E-01    0.121418457238811062E+00   -0.420224980297313366E+00    0.116671527013181731E+01    0.528227495775581701E+00   -0.245203625522776747E+01   -0.342388769367630630E+01    0.835808608220532046E+00   -0.119377065718368396E+02   -0.590167315924963489E+02   -0.470790250206595076E+02   -0.129151535193769416E+02    1
    0.135486687064191713E+01   -0.235833080225724911E+00    0.257680618370484282E+00   -0.432171281842455346E+00    0.128125792785226622E+01   -0.132786942991742707E+00   -0.171697851997464546E+01   -0.112158178556569510E+01    0.218966961573528351E+01   -0.942583693259287081E+01   -0.565046134573869594E+02   -0.470787765247940868E+02   -0.129251535193769396E+02    1
    0.132225936474574723E+01    0.463366958524297434E+00   -0.155620630730818332E+00   -0.552711399658158076E+00    0.114181288506301826E+01    0.990447538367789648E-01   -0.226736090255712952E+01   -0.163127295341723766E+01    0.177899512742101273E+01   -0.947559751681031059E+01   -0.565542870806660929E+02   -0.470786895638557823E+02   -0.129351535193769358E+02    1
   -0.109566128465747337E+01   -0.398445464152214379E+00    0.153681611176576860E+00    0.439255696669796469E+00    0.655636483053285701E+00   -0.601726173937322528E+00   -0.326657304720470165E+01   -0.171181364023027527E+01    0.240200557402661108E-01   -0.114038061353216627E+02   -0.584814726305933448E+02   -0.470776664952716786E+02   -0.129451535193769356E+02    1
   -0.771662716210055333E+00    0.205337863047747815E+00   -0.267296211362810121E+00    0.312957660725734721E+00    0.165547318740777882E+01    0.485930153867002501E+00   -0.176699019755574205E+01   -0.145098452993465798E+01    0.250730942457153105E+01   -0.105365117723475041E+02   -0.576136478415964390E+02   -0.470771360692489367E+02   -0.129551535193769336E+02    1
    0.133228740271885604E+01    0.595885034305412731E+00   -0.179387343203886385E+00   -0.656382132611615265E+00    0.319291548446130946E+01   -0.197585180616101752E+01   -0.198463366347709758E+01   -0.735497334934507307E+00   -0.138970451679369722E+00   -0.162483981416865895E+02   -0.633253380707122773E+02   -0.470769399290256843E+02   -0.129651535193769405E+02    1
   -0.117901685823154279E+01    0.219984697671046892E+00   -0.442054497320139905E+00    0.614988530162742242E+00    0.230345541487281480E+01   -0.581763438682401102E+00   -0.142803158958372456E+01   -0.189657012038310313E+01    0.926117174502678830E+00   -0.109218047879095206E+02   -0.579981146018493448E+02   -0.470763098139398224E+02   -0.129751535193769403E+02    1
   -0.986192651237067786E+00    0.151369996596049328E+00   -0.259598982139925383E+00    0.419796019727316949E+00    0.186184048996324236E+01    0.915889964868483730E+00   -0.173809657852075339E+01   -0.269703194655107836E+01    0.218324162924432130E+01   -0.117560554716191827E+02   -0.588317283486581744E+02   -0.470756728770389898E+02   -0.129851535193769401E+02    1
    0.149048493174154517E+01    0.404003436733601617E+00   -0.215929666978466051E-01   -0.709634878092596066E+00    0.101744885167931898E+01    0.563020747357541040E+00   -0.273262915657255689E+01    0.187929399625090809E+00    0.228998836365690517E+00   -0.118550957299833915E+02   -0.589293280512951370E+02   -0.470742323213117473E+02   -0.129951535193769381E+02    1
    0.106305771188050713E+01    0.277026304014121649E+00   -0.417740160632431579E-01   -0.459691580087460694E+00    0.156102625682592588E+01   -0.464937353546019894E+00   -0.180986693549471034E+01   -0.174546461911290862E+01    0.733062669329456407E+00   -0.966127652116229108E+01   -0.567328719716307788E+02   -0.470715954504684859E+02   -0.130051535193769379E+02    1
    0.141356481974543335E+01   -0.908115027481923853E-01    0.328723609575893860E+00   -0.693215615559673703E+00    0.989335635284760428E+00   -0.463192376713550347E+00   -0.320558709955662380E+01   -0.130690973124160337E+01   -0.133026655854564302E+00   -0.116608372005768981E+02   -0.587320322281417262E+02   -0.470711950275648263E+02   -0.130151535193769377E+02    1
    0.125571704182022259E+01   -0.203353917533699580E-01    0.166065004970500585E+00   -0.512624492941474719E+00    0.176480599661203996E+01   -0.467205191097264050E+00   -0.160899404214092079E+01    0.257998673521342425E-01    0.427505390306351041E+00   -0.110375256510955086E+02   -0.581074191316947832E+02   -0.470698934805992764E+02   -0.130251535193769410E+02    1
   -0.925405756627413645E+00   -0.276175421593594983E+00    0.959859738344492897E-01    0.352107064759574317E+00    0.642726921338407919E+00   -0.938556888539778811E+00   -0.273236929921608862E+01   -0.464874178766194746E+00    0.596663972453372882E-01   -0.109232843808789006E+02   -0.579919897512019702E+02   -0.470687053703230731E+02   -0.130351535193769426E+02    1
    0.138010983584568425E+01    0.163766076374760372E+00    0.156305397397654033E+00   -0.678513663424697766E+00    0.191822703147522589E+01   -0.135107860307130068E+01   -0.287660137108673553E+01   -0.699834395425114053E-01    0.660737404169822407E+00   -0.130999473014276901E+02   -0.601680026936299726E+02   -0.470680553922022824E+02   -0.130451535193769388E+02    1
    0.134578845714163187E+01    0.630125528211762376E-01    0.166904978078560307E+00   -0.612872386242320322E+00    0.133391823848910462E+01    0.652841594147730575E+00   -0.237150751994590792E+01   -0.777154785163247652E+00    0.182510014580543634E+01   -0.103355044617445042E+02   -0.574015634121389198E+02   -0.470660589503944138E+02   -0.130551535193769386E+02    1
    0.743171553361059889E+00   -0.914812602991661450E-01    0.728014337611528894E-01   -0.184316007331200460E+00    0.146110664357706810E+01   -0.170376465081631068E+01   -0.195360418525865476E+01   -0.175296828467594423E+01    0.163512483165845901E+01   -0.106699898287935060E+02   -0.577359122640398041E+02   -0.470659224352462999E+02   -0.130651535193769419E+02    1
   -0.147315769661086682E+01    0.665549526420248228E-01   -0.134181476479376283E+00    0.474684994105327718E+00    0.540545441350559486E+00   -0.387219619307188567E+00   -0.285801999543650709E+01   -0.346822799325536835E+00    0.238398502038648985E+01   -0.108253129382686542E+02   -0.578905678189877477E+02   -0.470652548807190954E+02   -0.130751535193769399E+02    1
    0.966003420268299884E+00   -0.838229329169211113E-01    0.119478083210371455E+00   -0.301923519280877906E+00    0.166141719183201531E+01    0.150225385404951339E+01   -0.199009781581366929E+01   -0.110087640914457552E+01   -0.120845322221043694E+01   -0.142411177318623388E+02   -0.613062586278358452E+02   -0.470651408959735065E+02   -0.130851535193769362E+02    1
    0.120167755634791140E+01    0.140836760237782910E+00   -0.327849991447751732E-01   -0.366574080574497474E+00    0.887209874180143743E+00   -0.494539431271050434E+00   -0.261113376426806099E+01    0.599044311894658676E+00    0.247748384011060807E+01   -0.122473569205176069E+02   -0.593123726487119853E+02   -0.470650157281943819E+02   -0.130951535193769359E+02    1
    0.122977636957406888E+01   -0.108125438687653785E+00    0.253740829535675338E+00   -0.532151585444088249E+00    0.569911339404143291E+00   -0.275514784585766337E+00   -0.326576452797667116E+01   -0.261471990919517339E+00    0.116009682751041532E+01   -0.110932381245069127E+02   -0.581576222258562083E+02   -0.470643841013492974E+02   -0.131051535193769393E+02    1
    0.149551597248773849E+01    0.841260779365049505E-01    0.140433097484193858E-01   -0.435450553847316457E+00    0.734665210524099166E+00   -0.903076308392201099E+00   -0.304347839938031939E+01   -0.173984179842705089E+01   -0.194809722647164540E+01   -0.155759543434722385E+02   -0.626371260519334641E+02   -0.470611717084612238E+02   -0.131151535193769391E+02    1
    0.126925918358899814E+01    0.337504598710285375E-01    0.195914163820760656E+00   -0.583287144246283029E+00    0.125281179796388642E+01   -0.114458207165739623E+01   -0.346633039011408073E+01   -0.106560842132353173E+01    0.321280683537111145E+01   -0.139311520720049629E+02   -0.609904992786475120E+02   -0.470593472066425491E+02   -0.131251535193769353E+02    1
   -0.111808309246111715E+01    0.999871891334400686E-01   -0.182467245797305333E+00    0.422590826790036900E+00    0.123549863480207023E+01   -0.882231280089627035E+00   -0.231806704064979385E+01   -0.191611067389544587E+01    0.220468978913800129E+01   -0.102708572702062693E+02   -0.573293550517649351E+02   -0.470584977815586640E+02   -0.131351535193769315E+02    1
    0.717439602040206736E+00    0.283914171889421585E+00   -0.102736433356843349E+00   -0.329682968874246030E+00    0.221643167166462263E+01    0.255455917441622715E+00   -0.248619029068436248E+01   -0.146955030906042339E+01    0.263898220631176628E+01   -0.123999404188601972E+02   -0.594583637713016628E+02   -0.470584233524414657E+02   -0.131451535193769349E+02    1
   -0.118650289751469118E+01   -0.483304735662809293E+00    0.256616376508924215E+00    0.463182080767055471E+00    0.156410863045152837E+01   -0.116651101458387529E+01   -0.257384990952573389E+01   -0.426728590145444286E+01    0.138027539624658879E+01   -0.148666860943438248E+02   -0.619247149067738434E+02   -0.470580288124300168E+02   -0.131551535193769382E+02    1
    0.850557069536757915E+00    0.159479652210993361E+00    0.713630030397145454E-01   -0.453347851164725035E+00    0.164774252898382656E+01    0.139652128818738674E+01   -0.288494870909403289E+01   -0.334277553691890716E+00    0.460119570872166372E+00   -0.130182847681960663E+02   -0.600752646860691470E+02   -0.470569799178730790E+02   -0.131651535193769345E+02    1
    0.142346935312347433E+01   -0.146491813742729349E+00    0.130953112401408944E+00   -0.346923633986716440E+00    0.247748687574926407E+01   -0.199225143338708166E+00   -0.146468881083251268E+01   -0.168361107993746373E+01    0.389665343753904603E+00   -0.115115588952268872E+02   -0.585683537674823782E+02   -0.470567948722554874E+02   -0.131751535193769342E+02    1
    0.140804359203852458E+01    0.140815165586201996E+00    0.100259141348739478E+00   -0.622064474287600921E+00    0.111745951064790461E+01    0.668916741290104810E-01   -0.290598102277385806E+01   -0.169518127900232685E+01    0.173262553760082505E+01   -0.103770147322799957E+02   -0.574337397987647336E+02   -0.470567250664847379E+02   -0.131851535193769323E+02    1
    0.709549626568523273E+00   -0.393749986638722849E+00    0.399642965634333880E+00   -0.259112301458262695E+00    0.158068041232013456E+01   -0.291649574648999432E-01   -0.203107800454858989E+01   -0.141024299414880261E+01    0.146416357434304722E+01   -0.965971038069470112E+01   -0.567140591305541477E+02   -0.470543487498594430E+02   -0.131951535193769320E+02    1
   -0.110817847957885163E+01   -0.789882596009854332E-01   -0.139037439305225163E+00    0.531586744760301100E+00    0.894596875938304947E+00   -0.133926494751563041E+01   -0.259177735251910235E+01    0.836017191187465869E+00    0.605534573429622691E+00   -0.128297054422062136E+02   -0.598839006775903826E+02   -0.470541952353841708E+02   -0.132051535193769336E+02    1
    0.144586272081805989E+01    0.236039289803824825E+00    0.841695393811081605E-01   -0.672071400973078048E+00    0.151630506511878593E+01   -0.130757993319207344E+01   -0.216028642831702200E+01   -0.206145565376232298E+01    0.203625777536103669E+01   -0.108099999095228867E+02   -0.578640588566591845E+02   -0.470540589471362978E+02   -0.132151535193769334E+02    1
    0.772322077277765029E+00    0.233175364715527689E+00   -0.623841695948003094E-01   -0.309433044689971792E+00    0.133252162437770494E+01    0.245227239721543866E+00   -0.258869468594525642E+01    0.286567061397136058E+00    0.560868276621704576E+00   -0.116884119630386785E+02   -0.587415050520616262E+02   -0.470530930890229513E+02   -0.132251535193769367E+02    1
   -0.147705990201037585E+01   -0.544643831274200130E+00    0.385888994300562560E+00    0.416848829694930645E+00    0.119978607704183560E+01   -0.103031001371959974E+01   -0.232417338356412984E+01   -0.255660493985374160E+01    0.178671572201551521E+01   -0.105830388064952317E+02   -0.576335564948785120E+02   -0.470505176883832803E+02   -0.132351535193769418E+02    1
   -0.126208815905817429E+01   -0.360451122061238971E+00    0.390871987457974690E-01    0.618317636685943972E+00    0.168924684854800944E+00   -0.277730472396228834E+01   -0.361924905649971151E+01    0.104427563775857379E+01    0.172697374263748338E+01   -0.175693415594460696E+02   -0.646196377698670545E+02   -0.470502962104209814E+02   -0.132451535193769399E+02    1
   -0.140308812350345247E+01    0.985320602585053607E-01   -0.285717328631503342E+00    0.611593141563530063E+00    0.199899053905141955E+01   -0.114968967531581256E+01   -0.118125872352834427E+01   -0.967475929779766375E+00    0.142207612194965827E+01   -0.105281917766700648E+02   -0.575757888301076193E+02   -0.470475970534375563E+02   -0.132551535193769343E+02    1
    0.134022554044956754E+01   -0.370901849531894090E+00    0.292668083517082733E+00   -0.327711360084597558E+00    0.216613785107824697E+01    0.107894157578243721E+01   -0.149254459336020751E+01   -0.644287908836531642E+00   -0.282211675255437111E-01   -0.122857345543997916E+02   -0.593304138795438831E+02   -0.470446793251440880E+02   -0.132651535193769359E+02    1
    0.903487321545948685E+00    0.103737061032400879E+00   -0.189890787189732624E-01   -0.277911118986561734E+00    0.210327162854014205E+01   -0.162354248128053769E+01   -0.109040147123437214E+01   -0.911119179864954276E+00    0.184915156437796235E+01   -0.114949856504933798E+02   -0.585373132651832577E+02   -0.470423276146898743E+02   -0.132751535193769392E+02    1
    0.147931543368555740E+01   -0.189672668412794732E+00    0.398141241533051637E+00   -0.686904888056227070E+00    0.119433749843096848E+01   -0.255406396526041080E+00   -0.283477002357017227E+01   -0.208831062535750789E+01    0.108686791119339454E+01   -0.104143769085905475E+02   -0.574566544496406735E+02   -0.470422775410501259E+02   -0.132851535193769372E+02    1
   -0.120522090463501574E+01    0.187980159669047797E+00   -0.141195478296011201E+00    0.280635020855492190E+00    0.181093820165528996E+01   -0.119822583761788282E+00   -0.253305904124658809E+01   -0.367540951939531624E+01    0.221204325438179694E+01   -0.136575142649204313E+02   -0.606974796413778179E+02   -0.470399653764573884E+02   -0.132951535193769352E+02    1
    0.106138962985176244E+01   -0.157146911771596898E+00    0.497899213380783578E-01   -0.169978710456429871E+00    0.261287114088531780E+01   -0.646629228639312714E+00   -0.153133913244914743E+01   -0.203436129675651500E+01    0.204788279729996248E+01   -0.120763271653711275E+02   -0.591161080886966559E+02   -0.470397809233255302E+02   -0.133051535193769332E+02    1
    0.897474246077674120E+00    0.764676908079611195E-01   -0.221814341107344770E-01   -0.238921748615219087E+00    0.109442089977051182E+01   -0.873817841207937818E+00   -0.252548602953879708E+01   -0.141694054732738550E+01    0.176938529664880684E+01   -0.992288671426942237E+01   -0.569616870469651460E+02   -0.470388003326957218E+02   -0.133151535193769330E+02    1
   -0.976776133816852354E+00   -0.207659849154478771E+00    0.670285314384462261E-01    0.336841536400234620E+00    0.307077649619373005E+01    0.105445827075413945E+01   -0.142951181105331648E+01   -0.141308442314198146E+01    0.959845906214696010E+00   -0.135305462198719066E+02   -0.605683812881149208E+02   -0.470378350682430124E+02   -0.133251535193769346E+02    1
    0.106867263624504183E+01    0.179247342165426815E+00    0.849493485517511804E-01   -0.533373628653561194E+00    0.257530551860668311E+01   -0.253808599665035162E+00   -0.118211976770339766E+01   -0.153950801538826454E+01    0.164817973017648023E+01   -0.113599716430253359E+02   -0.583957682005968906E+02   -0.470357965575715511E+02   -0.133351535193769397E+02    1
   -0.136079332563124367E+01    0.515629953902024596E+00   -0.618137876997889468E+00    0.576625195008256597E+00    0.240836535061930590E+01   -0.756431490664226658E+00   -0.208275334215954899E+01   -0.140932001894611858E+01    0.669814350472961673E+00   -0.116707891471080512E+02   -0.587056731383145731E+02   -0.470348839912065202E+02   -0.133451535193769431E+02    1
   -0.148255766951513412E+01    0.378329589054500648E+00   -0.562283155690566749E+00    0.678692538663173472E+00    0.115314891279354015E+01   -0.118029440096393046E+01   -0.261454701714114890E+01   -0.121263389238833952E+01    0.211530005681311195E+01   -0.106289020860806041E+02   -0.576633434358342072E+02   -0.470344413497535996E+02   -0.133551535193769411E+02    1
    0.814279233558853566E+00    0.153598150710898551E-01    0.263513051417607613E-01   -0.235835049363433469E+00    0.136765658893068576E+01   -0.480755342533711827E+00   -0.204483277692247611E+01   -0.109891094058980343E+01    0.165064196409389319E+01   -0.949008586684025346E+01   -0.565244278330874010E+02   -0.470343419662471476E+02   -0.133651535193769355E+02    1
    0.114834723148848994E+01    0.966147109274622107E-01   -0.226244907495404268E-01   -0.317276602579874667E+00    0.127886916454485799E+01   -0.283928869328633482E+01   -0.254756716879342093E+01   -0.263805895333575791E+01    0.974106114739470508E+00   -0.141539762211484046E+02   -0.611867973860812455E+02   -0.470328211649328409E+02   -0.133751535193769353E+02    1
    0.144483234011162542E+01    0.448787712109822490E+00   -0.252143929463881200E+00   -0.425673553100953728E+00    0.118795447719435288E+01    0.641140190892883766E+00   -0.257289222357599101E+01   -0.114751944469958289E+01    0.205671326561173373E+01   -0.104123968290201425E+02   -0.574446425941013956E+02   -0.470322457650812495E+02   -0.133851535193769404E+02    1
    0.121748419979290201E+01   -0.390975970818444596E+00    0.428269536667025053E+00   -0.431898025013354447E+00    0.155579941765722651E+01    0.127355906203433733E+01   -0.286386442764182902E+01   -0.310443856487950143E+01    0.904211011135203302E+00   -0.132870881858679191E+02   -0.603182064673329705E+02   -0.470311182814650479E+02   -0.133951535193769420E+02    1
    0.697787376386888702E+00   -0.177407286924776475E+00    0.148992415162400693E+00   -0.189794485326114648E+00    0.138710598368447791E+01   -0.124662184555404565E+01   -0.207371015592684671E+01   -0.122287269550611200E+01    0.121185404492166549E+01   -0.996516782025082293E+01   -0.569961923435456299E+02   -0.470310245232948034E+02   -0.134051535193769382E+02    1
    0.105592623660909091E+01   -0.360064957700165778E+00    0.270083855549611229E+00   -0.253057457012977216E+00    0.211025693650867652E+01   -0.420338967750239989E+00   -0.185115991089219256E+01   -0.196023129269292440E+01   -0.100851713542510857E+01   -0.132288426095338227E+02   -0.602593108644099686E+02   -0.470304682548761477E+02   -0.134151535193769345E+02    1
   -0.943181079835753167E+00    0.747594298268081658E-01   -0.737345157729509815E-01    0.248175220097452298E+00    0.133844426552400364E+01    0.114320351597257286E+01   -0.233315544367656003E+01   -0.898402974127066045E+00    0.192222274494156431E+01   -0.108145703661372341E+02   -0.578445450710029476E+02   -0.470299747048657153E+02   -0.134251535193769378E+02    1
   -0.106323275655209315E+01    0.162076601157588485E+00   -0.173862313607565877E+00    0.329523479833094601E+00    0.160986105218739795E+01   -0.582776363277162091E+00   -0.186166212268858522E+01   -0.184457558344888639E+01   -0.165924299949415932E-02   -0.105170748949542947E+02   -0.575469684627830134E+02   -0.470298935678287222E+02   -0.134351535193769376E+02    1
    0.679644972391327151E+00    0.130285017818244420E+00   -0.531855444263740207E-01   -0.199847990979612478E+00    0.251938596404556847E+01    0.227477119657919502E+01   -0.127926985842009322E+01   -0.644388266103987917E+00    0.188539661878053288E+01   -0.146323065885401853E+02   -0.616617813718974901E+02   -0.470294747833573012E+02   -0.134451535193769338E+02    1
    0.118599315972463337E+01    0.401987479696166883E+00   -0.182496109999775724E+00   -0.418633113381520705E+00    0.159931067976572194E+01    0.267364079451226699E+00   -0.185743250302380125E+01    0.217082845150571302E+00    0.285499426010915158E+01   -0.121769531691081809E+02   -0.592060728429088527E+02   -0.470291196738006718E+02   -0.134551535193769372E+02    1
   -0.840091534468477508E+00    0.150369539308851996E+00   -0.610713142498042760E-01    0.124206753165498229E+00    0.155257433732117534E+01    0.695445664033513822E+00   -0.472191530329268971E+01   -0.116907977983942146E+01    0.681379864992095685E+00   -0.162628808938058427E+02   -0.632919009812052593E+02   -0.470290200873994166E+02   -0.134651535193769423E+02    1
    0.733693684905364130E+00   -0.352989077713861121E-03    0.934436305301813430E-01   -0.291160731721419208E+00    0.197396285940953931E+01   -0.217055059180779608E+01   -0.212842441547650196E+01   -0.139743925105562994E+01    0.111632491044133553E+01   -0.124118362983034825E+02   -0.594390339363063376E+02   -0.470271976380028534E+02   -0.134751535193769367E+02    1
    0.119512485946624736E+01    0.383233535187933683E+00   -0.215801227770632043E+00   -0.371862510254058642E+00    0.812703532327532230E+00    0.146932625956992524E+01   -0.331587777865138378E+01    0.661837868591419465E+00    0.105587808663926830E+01   -0.142169038539136494E+02   -0.612437130183007170E+02   -0.470268091643870676E+02   -0.134851535193769294E+02    1
    0.117711272908934816E+01   -0.621833881376550934E+00    0.574463462692770488E+00   -0.362016871133723883E+00    0.178653606382340513E+01   -0.101014269164238613E+01   -0.221665026600817328E+01   -0.182385732213219853E+01    0.203843949897759558E+01   -0.108977619648514832E+02   -0.579241693111645617E+02   -0.470264073463130785E+02   -0.134951535193769345E+02    1
    0.641478179802558834E+00    0.820810235778286490E-01    0.205619295840442362E-01   -0.252397638752053788E+00    0.201114064743364906E+01   -0.235971389666929043E+00   -0.124696775399456761E+01   -0.784508543757738153E+00    0.220637716690703201E+01   -0.106174463291355305E+02   -0.576418921956184889E+02   -0.470244458664829565E+02   -0.135051535193769414E+02    1
    0.147555047918553051E+01    0.679247379833739284E+00   -0.308265131199026099E+00   -0.669559418872254453E+00    0.175994308989288584E+01    0.691980285154158992E+00   -0.255555854434192042E+01   -0.166702981224602809E+01    0.160833789190860466E+01   -0.110252740182483109E+02   -0.580493305894502143E+02   -0.470240565712019034E+02   -0.135151535193769359E+02    1
   -0.140589623721007606E+01    0.315344312126556003E+00   -0.290896183512509343E+00    0.406753568150610478E+00    0.106424214361936720E+01   -0.389564463796431837E-01   -0.233633299603866362E+01   -0.124056237643230816E+01    0.348398028287306261E+01   -0.117569689752913735E+02   -0.587805957871333291E+02   -0.470236268118419574E+02   -0.135251535193769303E+02    1
    0.137963031336029873E+01    0.365656873112859770E+00   -0.108588154972198869E+00   -0.520198381108893160E+00    0.173033088862098339E+01    0.362360940545158938E+00   -0.196011132910030006E+01   -0.214925023852288177E+01    0.209857285820021389E+01   -0.105926228233034294E+02   -0.576147730442082207E+02   -0.470221502209047912E+02   -0.135351535193769337E+02    1
   -0.107627340729974197E+01    0.248471098684557745E+00   -0.410671419038136420E+00    0.522577550658261281E+00    0.806798619734081512E+00   -0.808879577242578307E+00   -0.354140432431563568E+01   -0.117613867592467614E+01    0.543863653045946416E+00   -0.117171774106872171E+02   -0.587390824657517499E+02   -0.470219050550645292E+02   -0.135451535193769317E+02    1
    0.100769909872159857E+01    0.732493099411068993E-01    0.376245652824511723E-01   -0.356373451759572579E+00    0.875539851864459706E+00   -0.201498876480059153E+01   -0.250096928674679475E+01   -0.975206942797512966E+00    0.202457570356386896E+01   -0.113637974926433856E+02   -0.583852218220236665E+02   -0.470214243293802809E+02   -0.135551535193769279E+02    1
    0.503334540809586617E+00   -0.257481866967703699E+00    0.245114182251173540E+00   -0.161775171913969951E+00    0.202831609812278657E+01   -0.948127660743693923E+00   -0.168693503644249154E+01   -0.197958394307420349E+01    0.224604955546624296E+01   -0.111245674207570104E+02   -0.581413181128219350E+02   -0.470167506920649245E+02   -0.135651535193769366E+02    1
    0.136330290957662292E+01    0.537130186921026542E+00   -0.311639112694765408E+00   -0.458452987118769362E+00    0.110742117243148641E+01    0.125436572365174470E+01   -0.302692880055587921E+01   -0.429750134231881020E+00    0.211917141598746639E+01   -0.122660608490580572E+02   -0.592826075516590336E+02   -0.470165467026009765E+02   -0.135751535193769381E+02    1
    0.110235751241640401E+01   -0.430472004318178225E+00    0.270168115679176868E+00   -0.189014039863133476E+00    0.261655446712325102E+01   -0.342647866920060495E+00   -0.213860606707044099E+01   -0.530679048912361395E+00    0.958851624674253111E+00   -0.123404142171982425E+02   -0.593561417410136158E+02   -0.470157275238153716E+02   -0.135851535193769308E+02    1
   -0.120478787804277676E+01    0.394146442165595356E+00   -0.327105073843917848E+00    0.316077568319574231E+00    0.214306451056813785E+01    0.607769465284491717E-01   -0.118275977977532398E+01   -0.227497112827336423E+01    0.338538502399956087E+01   -0.129181952785774143E+02   -0.599336871065187680E+02   -0.470154918279413536E+02   -0.135951535193769377E+02    1
   -0.971388719399217893E+00    0.406414973652031497E+00   -0.489675564260839025E+00    0.419232613077658689E+00    0.141136032214603802E+01    0.281189745750225539E+00   -0.268364080907417701E+01   -0.137059760672514130E+01    0.278816870348123302E+01   -0.114560371193634936E+02   -0.584711696071540814E+02   -0.470151324877905878E+02   -0.136051535193769428E+02    1
    0.118737343466031930E+01   -0.418628162782983537E-01   -0.816753508177403553E-02   -0.212524931254262639E+00    0.232211277266628713E+01   -0.488411982072420814E+00   -0.173961372170765549E+01   -0.160464526407281483E+01    0.130296829714893669E+01   -0.109190245846385032E+02   -0.579328401328197344E+02   -0.470138155481812277E+02   -0.136151535193769373E+02    1
    0.135853263610194563E+01    0.168453089140896406E+00    0.260181696734096413E-02   -0.498511176789359745E+00    0.748572471271700124E+00   -0.686799946080327572E+00   -0.381183003227192785E+01   -0.199495469820362814E+01   -0.713575635724055024E+00   -0.141501600931704736E+02   -0.611633618540530790E+02   -0.470132017608826089E+02   -0.136251535193769335E+02    1
    0.111275869998502408E+01    0.487261893433978965E-01    0.372401117490057665E-01   -0.348189349468784881E+00    0.174315809802578769E+01   -0.480810982406865095E+00   -0.182576775942720793E+01   -0.267726946195693927E+01    0.178474101524329876E+01   -0.107323445539949276E+02   -0.577447889124824556E+02   -0.470124443584875280E+02   -0.136351535193769369E+02    1
    0.128564994934399213E+01   -0.982878439915713109E-02    0.738606719070789008E-01   -0.394495864570558852E+00    0.847767638064169660E+00   -0.495509062182008519E-01   -0.306176376329290179E+01   -0.208449609833792238E+01    0.553930645265836796E+00   -0.107179641318248944E+02   -0.577301417271566351E+02   -0.470121775953317425E+02   -0.136451535193769367E+02    1
   -0.119417242331231144E+01   -0.389501039023803619E+00    0.120971600744653074E+00    0.502422746775720075E+00    0.133893247507899105E+01   -0.946385106418574651E+00   -0.228969543499147221E+01   -0.814599748922546496E+00    0.146066119646661741E+01   -0.100274583776090260E+02   -0.570394952545610749E+02   -0.470120368769520454E+02   -0.136551535193769364E+02    1
    0.137002926048335993E+01   -0.565095109356632541E-01    0.664121561377390979E-01   -0.380378579270167383E+00    0.105328578468856904E+01   -0.929656714914699478E+00   -0.381844178675351031E+01   -0.297454012600269380E+01    0.540734598974950353E+00   -0.139672976303486482E+02   -0.609788007885604912E+02   -0.470115031582118448E+02   -0.136651535193769398E+02    1
   -0.142347457921187259E+01    0.267879741150272688E+00   -0.254386682106296891E+00    0.417932533735477563E+00    0.166053902845646917E+01   -0.280478660341145769E+01   -0.183136888616786542E+01   -0.186143518161884458E+01    0.115688986594591392E+01   -0.131504009008064688E+02   -0.601609976890520173E+02   -0.470105967882455502E+02   -0.136751535193769360E+02    1
