    0.282746292008774882E-97    0.114285546052529912E+04    0.809033669085806761E+00    0.549381146857129757E-01    0.255902219283216728E-01    0.890689811648475604E+00    0.827514329350445665E+00    0.138572542929707598E+01    0.581170311551204577E+00    0.279907328496165120E+00    0.193321540189119734E-01   -0.510180760387584087E+00    0.125919386468126526E+01    0.104747089405177096E+01   -0.570380259368597763E+03
    0.245325091747211733E-96    0.113851422186892728E+04    0.789896478051157258E+00    0.553207549643184027E-01    0.236766442348206110E-01    0.908521044928103816E+00    0.419144299476496895E+00    0.399101159880114587E+01    0.213023496225446252E+01    0.455946757109586598E+00   -0.151693196792734830E+01   -0.199139743651926437E+01    0.139430918116772795E+01   -0.389070181127883052E+00   -0.569646181115591503E+03
    0.380825557687484293E-96    0.113761470750819490E+04    0.801541280345313911E+00    0.537661003837243134E-01    0.236680581303074025E-01    0.972572384414275737E+00    0.344440338412716263E+00   -0.249303470343532130E+01    0.728238588707199597E+00    0.244072408914917161E+00   -0.338981259930619672E+01   -0.130527941890591137E+01    0.583552225301673611E+00   -0.838759069240628485E+00   -0.569646112823338058E+03
    0.536196512362381956E-96    0.113691038889823471E+04    0.811536041569827282E+00    0.619512254208906474E-01    0.204508697661601839E-01    0.105994447768326072E+01    0.669406723890254463E+00    0.289153177450246801E+01    0.112884024504751324E+01    0.617185532088342370E+00    0.228186403829795603E+00   -0.293851308175248960E+01    0.123629589715733368E+01   -0.690956828119952515E+00   -0.569146151277237323E+03
    0.731047446705651047E-96    0.113627043361264168E+04    0.819179422986732408E+00    0.529270300411046543E-01    0.253412952187657622E-01    0.959425533778173079E+00    0.121279427556489283E+01   -0.409566168167128453E+01   -0.733041732513584066E+00   -0.183069446824219939E+00   -0.962450741864131265E+00   -0.129098824687616798E+00    0.344173730130364675E+01   -0.109817505782345615E+01   -0.569233391864144323E+03
    0.146356141034847518E-94    0.113025696402200469E+04    0.798258465111924220E+00    0.613859638253419354E-01    0.195971160506049936E-01    0.107433172566569013E+01    0.670607084272886622E+00    0.527229755473966577E+01    0.995599716389961031E+00   -0.690580995291156796E+00   -0.117733118313367391E+01   -0.175622165854406376E+01    0.135260601648155920E+01    0.165494261085259886E+01   -0.563473539400149775E+03
    0.148507460393568896E-94    0.113020777957845780E+04    0.819418319418782848E+00    0.601203430315777193E-01    0.239553503598544312E-01    0.976539651533837150E+00    0.724986289601388001E+00    0.320044023918658027E+01    0.221154116703701220E+00    0.144601942585040943E+00   -0.743539883939092539E+00   -0.115166658939301669E+01    0.151941649708646787E+01    0.214515425448463581E+01   -0.562958735534744278E+03
    0.181562400931139557E-94    0.112978585116630052E+04    0.819835478625302594E+00    0.551077837480221863E-01    0.223017169220616901E-01    0.100002906084147591E+01    0.138327485925702764E+00   -0.389221673002278568E+01    0.150550282901917853E+01    0.151996768750001232E-02    0.801219723545046003E+00    0.750194634355239032E+00    0.885746026136758013E+00   -0.299742026886220003E+01   -0.567890345852012501E+03
    0.265569608410118945E-94    0.112900529599932383E+04    0.794430076621673087E+00    0.590638491509470620E-01    0.201976686858003386E-01    0.996230349066237642E+00    0.212221263181281095E+00    0.280998247613237240E+01   -0.182900099138691985E+01    0.398138991741916526E+00   -0.736900244449998132E+00   -0.237203511510756471E+01    0.223317894112710746E+01   -0.504175953673372090E+00   -0.565006823953335243E+03
    0.386510797734713258E-94    0.112823473035939037E+04    0.802251927350677851E+00    0.580274949876755514E-01    0.233188365141581630E-01    0.865968641818344320E+00    0.956413889930114669E+00    0.498089933560558507E+01    0.680142723618928358E+00    0.186236453899937315E+00   -0.139610701687274719E+01   -0.896324233423229089E+00    0.162912490613393879E+01    0.182144388329179474E+01   -0.562295921296403435E+03
    0.554987801119353464E-94    0.112749115770202116E+04    0.817672292659596622E+00    0.562192903839919891E-01    0.232152614301964280E-01    0.893211639343813868E+00    0.126619703168973774E+01   -0.247595772981082263E+01   -0.499717451483547848E+00   -0.951436161518586232E+00   -0.102598798202848207E+01    0.859708778165213516E+00    0.175959150291532773E+01   -0.737606830928749346E+00   -0.564483185681939290E+03
    0.143883565982253309E-93    0.112556587097723332E+04    0.790162545231506197E+00    0.582843120574019699E-01    0.199457003347923330E-01    0.107619112134657269E+01    0.114144639951579729E+01    0.225899981717603104E+01   -0.806317004893344347E+00   -0.604419792090311603E+00   -0.123607969281920083E+00   -0.295863737182230579E+01    0.126452198893616719E+01    0.228051733329052819E+00   -0.562554883755287619E+03
    0.583541752868205394E-93    0.112274564777297746E+04    0.799496670397807585E+00    0.538063882535293331E-01    0.258349969537949309E-01    0.935278760999865511E+00    0.129362109517308510E+01    0.270929639702055347E+01   -0.823871847929922296E+00   -0.252963812957887002E+00   -0.108571169715901283E+01   -0.479571458243981397E+00    0.217540353207027692E+01    0.117604432829039052E+01   -0.560196779558198386E+03
    0.255092539760758665E-92    0.111977545683642779E+04    0.797444004390361894E+00    0.543614705506696161E-01    0.212904118061319481E-01    0.106684573580206887E+01    0.549454207361909752E+00   -0.345349208484011383E+01    0.268430426198165151E+00   -0.231862082264228775E+01   -0.955506943006412035E+00   -0.299715762223854654E+01    0.184932698162697329E+01   -0.143511332551311988E+01   -0.561322841743727054E+03
    0.483953407746123707E-92    0.111847473232293351E+04    0.810919096663228478E+00    0.613100485337805257E-01    0.215529027626905831E-01    0.859767941946895653E+00    0.102210903467314274E+01    0.409738294811756809E+01    0.103227296580939765E+01   -0.121866505955836146E+01   -0.157631563270911079E+01    0.756680110737306677E-01   -0.651333827851203528E+00   -0.174576003147516490E+01   -0.560983126192941882E+03
    0.691394724840335294E-92    0.111774128780156457E+04    0.809695457508691430E+00    0.613288316980335549E-01    0.193086607819969586E-01    0.107822975929035669E+01    0.213049200952159457E+00    0.119446938990985885E+01    0.904895457591692320E+00    0.118809273407464389E+01   -0.456998050000265499E+00   -0.241515256115576449E+01    0.155304406712843979E+01    0.230061656840044981E+00   -0.558640582243942276E+03
    0.119114727418170128E-91    0.111663336516189543E+04    0.795353822727856374E+00    0.551505755603977840E-01    0.213158500515597815E-01    0.105130647259867271E+01    0.365861607980841552E+00   -0.120976649253757884E+01    0.115256607185415305E+01   -0.173027758745661231E+01   -0.788708589744828492E+00   -0.154724681370339567E+01    0.155015724437475932E+01    0.383537343549736121E+00   -0.557933145237397980E+03
    0.950210888279814873E-91    0.111246017151589240E+04    0.810159559873743662E+00    0.589302246931416029E-01    0.229272316739228266E-01    0.100715102542992119E+01    0.655960475842127133E+00    0.327433329805356266E+01   -0.530261420439046560E+00    0.935487584609973055E+00   -0.740290559803042703E+00   -0.951226446430837314E+00    0.129426654380608874E+01    0.142063396424570754E+01   -0.554809451793700532E+03
    0.201621094334478407E-90    0.111093558889451015E+04    0.813778011341126151E+00    0.577147643349899264E-01    0.215847691852042896E-01    0.966845972965717060E+00    0.197221650194614240E+00   -0.228105663295290562E+01    0.397314580019383357E+00    0.333623623911307787E+00   -0.143894689476951476E+01   -0.174169407151225641E+01   -0.893281615293517239E+00   -0.302906261403832922E+00   -0.555770700708658865E+03
    0.561060647194218967E-90    0.110886871121475770E+04    0.784566800214366755E+00    0.550881731804038557E-01    0.223838446742239301E-01    0.849848664992572500E+00    0.956611792999390476E+00    0.423434487158215589E+01    0.152215415602881876E+01   -0.237479098442463454E+00   -0.253073542193078316E+00   -0.214799722172642760E+01    0.225076360685534604E+00    0.277043895604123236E-03   -0.554434078563483240E+03
    0.193195561389829432E-89    0.110637579314447657E+04    0.799296416997351988E+00    0.574076306809580897E-01    0.204043886968645859E-01    0.100430474700936312E+01    0.323047639365640404E+00   -0.707152582848501687E+00    0.325306532857894126E+00   -0.381653713361623792E-02   -0.155527077377996625E+01   -0.225546915928703129E+01    0.120751495284253019E+01    0.181213505507169081E+01   -0.551375761517166552E+03
    0.569591738031299856E-89    0.110419335932889658E+04    0.790410267943543410E+00    0.559812130943675990E-01    0.213221812873285940E-01    0.958103060908064630E+00    0.120870607720022827E+01    0.131857760382270595E+01   -0.102928825705134841E+01   -0.917374328467985833E+00   -0.317717716981178233E+00   -0.121163693136736583E+01   -0.432691596973881820E+00   -0.220852630199967148E+00   -0.552317532294648231E+03
    0.661014522583545293E-89    0.110387564741868823E+04    0.799957452518823109E+00    0.574451023806619651E-01    0.232912730496546011E-01    0.100683815172516189E+01    0.330380161755349344E+00    0.557563443527350699E+01    0.406546824427778120E+00    0.113330750869522490E+01   -0.153237262822699427E+01   -0.147465184572070029E+01    0.229792474628652599E+01    0.779552531866014142E+00   -0.551158271177478127E+03
    0.165847393835115937E-88    0.110201589275060860E+04    0.804054733720397596E+00    0.606035433836741022E-01    0.207972587582604639E-01    0.990236544151962161E+00    0.931637603718988294E+00    0.521501623953069959E+01   -0.398187232636928456E+00    0.474128695931312960E+00   -0.183691192466881126E+01   -0.470278614153585295E+00    0.155211782080982652E+01    0.132488614276421712E+01   -0.549683060232540129E+03
    0.177061719830713251E-88    0.110186503211037052E+04    0.785940061846860827E+00    0.570438321322944281E-01    0.201349400985182392E-01    0.955538949170706253E+00    0.485185713318236678E+00    0.510387006252265962E+01   -0.165067618986881826E+01   -0.148922066217664850E+00   -0.837236440880815058E+00   -0.734822473403937693E+00    0.356741520295031478E+01   -0.191682238676400818E+01   -0.552849338441949271E+03
    0.229887127662062523E-88    0.110132285197483020E+04    0.813574370379446465E+00    0.560623867331477566E-01    0.221174612748576659E-01    0.103012984613568426E+01    0.298655068606857865E+00   -0.307609801127440985E+01    0.773584961108326752E+00   -0.103800402010506332E+01   -0.659535204773646688E+00   -0.167471375191439620E+01    0.319057026371183605E+00    0.109730509502743923E+01   -0.549564120892387677E+03
    0.158748253272493793E-87    0.109743821939777536E+04    0.769786477624899712E+00    0.534883987561465962E-01    0.208074515919327123E-01    0.109465923066876547E+01    0.556836742606517721E+00    0.411058608258383096E+01   -0.708798801480270413E+00   -0.737555395779736500E+00   -0.124644822859750071E+01   -0.131038200451826015E+01    0.256656398181917211E+01    0.108573471206151817E+01   -0.547633374986826198E+03
    0.273917240899922151E-87    0.109632720662667725E+04    0.799887710096469862E+00    0.593083544571612609E-01    0.211371387300886733E-01    0.106247541852788729E+01    0.550729518723601985E+00    0.461302039426438348E+01   -0.856992316695368572E+00    0.170752822776762514E+01   -0.138831759286517786E+01   -0.129215354505163305E+01    0.826748521000127079E+00    0.611945320504274637E-01   -0.548102408781288204E+03
    0.727039612734913408E-87    0.109435489673919892E+04    0.786678429406952429E+00    0.522750200930460693E-01    0.252678474347728874E-01    0.101261436577167485E+01    0.120849595446918823E+01    0.364219413661540337E+01   -0.806480961369970828E+00   -0.222857901300130778E+00   -0.778111830799161686E+00   -0.183252167909472519E+01    0.148446556641488336E+01    0.185078123018076224E+01   -0.545326667139418646E+03
    0.817941167476960134E-87    0.109409927784395131E+04    0.770981493682349805E+00    0.511727830435478176E-01    0.232425678011518207E-01    0.107039867013158951E+01    0.817032533373366343E+00    0.543236620317896524E+01   -0.324307119024069834E-01    0.599472942111560769E+00   -0.819564161130301505E+00   -0.154869739198488787E+01    0.365325172575580837E+01   -0.859222869065553230E+00   -0.547908861791041204E+03
    0.330230054046663459E-86    0.109128810939109462E+04    0.776526809642159588E+00    0.545441185294355188E-01    0.194175200063761814E-01    0.102512789972480878E+01    0.198249463829457628E+00    0.156765937185358695E+01    0.347133775072734352E+00    0.228712430883888429E+00   -0.737422733010361986E+00   -0.421436446634970707E+00    0.857272892666287811E+00    0.158110942825010303E+01   -0.544062945267297209E+03
    0.937562078081772907E-86    0.108918112253665004E+04    0.791371454243289585E+00    0.549014748458772836E-01    0.208561187696958972E-01    0.871266513032137202E+00    0.392691897557884695E+00   -0.512806029363408022E+00    0.841602750261927213E+00   -0.443944987144959613E+00   -0.139670296301687791E+01   -0.128954823674916952E+01    0.197066059616531697E+01    0.166737770041065314E+01   -0.542923183567914407E+03
    0.176162156423953077E-85    0.108789970846684810E+04    0.813265267420748672E+00    0.635463493798497925E-01    0.195854821727856482E-01    0.924964126621063309E+00    0.107660848348651550E+01    0.535336528732307038E+01   -0.599131151110441351E+00   -0.889739864203419883E-01   -0.653133975978334780E+00   -0.139292567350025820E+01    0.903919033934244220E+00    0.199846447124655469E+01   -0.541951389762177541E+03
    0.651569586607603030E-85    0.108526374989381520E+04    0.798395294056347238E+00    0.570710566491759858E-01    0.227465016104017800E-01    0.104633167790010018E+01    0.234937214947396444E+00    0.404513266324840970E+01    0.105360988552661183E+01    0.427430904768471065E+00   -0.630024755604381204E+00   -0.231027281101319204E+01    0.116557979491858554E+01    0.107259965447116512E+01   -0.541559275292436382E+03
    0.135617784424964617E-84    0.108377766706825400E+04    0.815485003154329591E+00    0.570582348314984805E-01    0.201074954466837624E-01    0.100849193514740687E+01    0.507402864327080594E+00   -0.302289765070409766E+01    0.154105782427791382E+01   -0.493666455691936734E+00    0.538429645345104513E+00   -0.367871611846339874E+00    0.109393174429101259E+01   -0.785365351554003444E+00   -0.542674198885680994E+03
    0.139560515735968081E-84    0.108370035148571105E+04    0.790866616132293809E+00    0.574935447564780266E-01    0.202603289013381857E-01    0.104352100948967563E+01    0.112037242768811196E+01    0.167550642290517704E+01   -0.102190080682476037E+00   -0.837792051571568663E+00   -0.191726306421401183E+01   -0.152225129878502230E+01    0.672428092601649263E+00    0.162131978588414727E+01   -0.540228855956971415E+03
    0.109092411709165099E-83    0.107956778724946457E+04    0.810458467843810038E+00    0.600943093070721440E-01    0.207492528959378475E-01    0.996550898594599555E+00    0.598263376803899294E+00    0.217186788740978365E+01    0.147195726349423239E+01    0.227713736850319093E+00   -0.265465250353144944E+00   -0.244115424692495253E+01    0.215154338820752855E+01   -0.111937869224045361E+00   -0.539895831493956280E+03
    0.133490078940755617E-83    0.107914412360317510E+04    0.802056493048909469E+00    0.563687271455687033E-01    0.245668633943346808E-01    0.102203015700196298E+01    0.659668637133520308E+00    0.372695022953150534E+01    0.615293254178368443E+00   -0.523464195504175223E+00   -0.231788491142083330E+01   -0.141567222109983959E+01    0.707244227177170837E+00    0.121854694038496603E+01   -0.538353514861202598E+03
    0.312779311442991238E-83    0.107742118219004033E+04    0.805903738648111378E+00    0.602594302701211018E-01    0.207629245855535487E-01    0.986946657094343149E+00    0.775404956192577544E+00    0.253525741584579123E+01   -0.102551175137136852E+01    0.406859110431696591E+00   -0.120262131724189181E+01   -0.266288432583337453E+01    0.135447774557974321E+01    0.841048935858120905E+00   -0.537869542159162052E+03
    0.451885269336314736E-82    0.107206015109982309E+04    0.811253479125086496E+00    0.571278933177139098E-01    0.241352134343905574E-01    0.107279925646273333E+01    0.903479911140483205E+00    0.388241839833726488E+01    0.231020881084305074E+00    0.192873644836026925E+00    0.386258650868285480E+00   -0.118057343627356204E+01    0.168464102827215378E+01    0.102472337637560029E+01   -0.535005352173535925E+03
    0.997515275790984465E-82    0.107045647281179777E+04    0.815223900655254186E+00    0.535620335839161466E-01    0.247743472544246501E-01    0.996843811590862217E+00    0.523132956985109754E+00   -0.263932484477200457E+01    0.131440959515998657E+01   -0.126231102443739474E+01   -0.128259388758351411E+00   -0.308845991036264422E+01    0.175455720301556561E+01   -0.113236363475966306E+01   -0.536360600040658596E+03
    0.104233520478929628E-81    0.107034857000877014E+04    0.809863672180695771E+00    0.575921952872427909E-01    0.218215507990445513E-01    0.928212137390936110E+00    0.397936783918681702E+00   -0.435274755360813614E+00    0.489154157802431655E+00   -0.737845519381607473E-01   -0.192513055382391918E+01   -0.139036877321473185E+01    0.138168553883701883E+01    0.188731223563957418E+01   -0.533286972768745500E+03
    0.308563720642758166E-81    0.106815798080743048E+04    0.774590559098842002E+00    0.551108891038772919E-01    0.195476746764673519E-01    0.994303373337997565E+00    0.304105248937494022E+00    0.455954306157089739E+01   -0.104358284320028361E+01    0.519111204099544921E+00   -0.737298536183743414E+00   -0.156835922579034559E+01    0.306360843961897444E+01   -0.139853386701774607E+00   -0.534218843790417054E+03
    0.317292051750403731E-81    0.106808219225397715E+04    0.805367352752491716E+00    0.578409732095839235E-01    0.217548059147993217E-01    0.925745188871442415E+00    0.548637801899375277E+00    0.216298421714487077E+01    0.898932659382580823E+00    0.505902293042481688E+00   -0.150178151289992234E+00   -0.172904384547905465E+01    0.872321120508559256E+00    0.111825576801816151E+01   -0.532922840358970461E+03
    0.404715070048654549E-81    0.106757547097371821E+04    0.798830862212864257E+00    0.519566728838169803E-01    0.255873796444443108E-01    0.872676613962256598E+00    0.790605844072747810E+00    0.205397378912723738E+01    0.963452447805366319E+00    0.528627675065536096E+00    0.799979231438783467E+00   -0.101136898821891918E+01    0.103497043849188253E+01   -0.288226438303092136E+00   -0.534075961925162233E+03
    0.194697364309965198E-80    0.106441377461506545E+04    0.817204077004832330E+00    0.537857222644118962E-01    0.218935057618480505E-01    0.986327018245562792E+00    0.793189888386939268E+00   -0.588787392620872829E+01    0.566505855930472535E+00   -0.580886648889418211E+00   -0.257129626018127055E+01   -0.483806216710718218E+00    0.195436675109135671E+01    0.390870295845792803E+00   -0.531816017011686881E+03
    0.215696305887858302E-80    0.106418892451108513E+04    0.779140494914610793E+00    0.563272669728237876E-01    0.194299942651636678E-01    0.907687266678574356E+00    0.631991542005550522E+00    0.548147291742130705E+01   -0.310704544593818355E+00    0.281206141187340664E-01   -0.877416460047015567E+00   -0.129333394917580335E+01    0.243561878042214630E+01    0.156420901669261703E+01   -0.530530253238849923E+03
    0.349296251115195632E-80    0.106320482652688611E+04    0.796138976103642260E+00    0.586711179354898610E-01    0.204610923909255907E-01    0.899111697770514917E+00    0.103719042532624695E+01    0.463328503541914571E+01    0.792187246730691186E+00    0.616939849231812332E+00   -0.149569784429218067E+01   -0.677558009316499010E+00    0.513841941661894674E+00    0.110573664706075703E+01   -0.530496676616382274E+03
    0.355340496225940133E-80    0.106315051441708965E+04    0.797234366285019869E+00    0.529335648028269115E-01    0.239730793545406898E-01    0.914312472559210776E+00    0.655626880686180580E+00    0.608142516155031565E+00    0.156165092428977914E+01   -0.105147436823926854E+00   -0.580319930770654135E-01   -0.173784600054091243E+01    0.688413465649091671E+00    0.351163438371780989E+00   -0.531224093770172999E+03
    0.369472442730386752E-80    0.106305251504983471E+04    0.793633852763900638E+00    0.569501951096851589E-01    0.214732818488261104E-01    0.908282666239157876E+00    0.421600444016946629E+00    0.351405344257469210E+01   -0.597150489646764981E+00    0.751458248686276420E+00   -0.180737607778496545E+01   -0.430031187109989332E+00   -0.748843622466208725E-01    0.132305397975792438E+00   -0.531393952126941599E+03
    0.153078733359813456E-79    0.106018959240696790E+04    0.779472622926121295E+00    0.519724050926391665E-01    0.223146077146322286E-01    0.950498044274682097E+00    0.954170717593415985E+00    0.622391005354161919E+00    0.136472525261410738E+01   -0.148559951407492008E+01   -0.100176376424201385E+01   -0.206531814433105865E+01    0.412632174303553478E+00   -0.242805590949848327E-01   -0.530119076762578970E+03
    0.239098793271832453E-79    0.105927774352429651E+04    0.770774833269718629E+00    0.522252307456227763E-01    0.215938263555395041E-01    0.102671426434368507E+01    0.911768183083905281E+00    0.388714212108257051E+01   -0.221657275936877340E+00   -0.162200121758701243E+01   -0.131066963396165170E+01   -0.951736840769399350E+00    0.236880751385001531E+01    0.561354090835004760E+00   -0.529077517671313217E+03
    0.366313688743335481E-79    0.105840451710049297E+04    0.797284585147566394E+00    0.529079564711534903E-01    0.223156117236950925E-01    0.916093921877662032E+00    0.399567839914339418E+00   -0.244667444187313876E+01   -0.720018378075337750E+00    0.208158128945115151E+00   -0.254010791329278618E+01   -0.457926400796395683E+00    0.150225424781297101E+01    0.526995265253759504E+00   -0.528675263284992752E+03
    0.370854477307585218E-79    0.105835987769686835E+04    0.786669065022242653E+00    0.515519145962551398E-01    0.259510232616937848E-01    0.895669455356012278E+00    0.354065531439492043E+00    0.436925999464905956E+01    0.355984462197511675E+00   -0.102667934175201481E+01   -0.157931091442492266E+01   -0.140143342910619140E+01    0.908159616468538156E+00    0.175696926378534535E+01   -0.527422969584648854E+03
    0.575277957621863678E-79    0.105746179052216985E+04    0.796887041267537066E+00    0.525816065807722874E-01    0.235411939955250324E-01    0.102733368540154024E+01    0.366860039942177862E+00   -0.173765441279890265E+01    0.292268399213071461E+00   -0.123868951628423929E+01   -0.153813645022978540E+01   -0.292061420442337294E+01    0.197177844974362437E+01    0.244501484439141326E+00   -0.528486393776645741E+03
    0.134691490386967477E-78    0.105574035317956668E+04    0.801650400061880375E+00    0.563002082022641473E-01    0.233832513396468079E-01    0.100802185771093122E+01    0.122319841242354310E+01    0.309794681896598867E+01   -0.351943822303155684E+00    0.127740723880492624E+01   -0.143327722404933389E+01   -0.132443049374046495E+01    0.396784126895681988E+00    0.794681523660574873E+00   -0.527075495066122812E+03
    0.170840629767788517E-78    0.105524486472875469E+04    0.778755968439314605E+00    0.522015653631975884E-01    0.228529142007092151E-01    0.104737720626236031E+01    0.405255194881326331E+00    0.315979871536522161E+01    0.731650745186698259E+00    0.113019342613483786E+01   -0.149993608514591847E+01   -0.130285147769541254E+01    0.107313218623062334E+01    0.112578521219810801E+01   -0.526496647152179207E+03
    0.222605275290087134E-78    0.105469552671913402E+04    0.801632204606155696E+00    0.573929021304364351E-01    0.231242877841727409E-01    0.946520503919273559E+00    0.982962126422460836E+00    0.446087471396594104E+01    0.424565088732151708E+00    0.115514951187379311E-01   -0.209942137977918719E+01   -0.118004814256096324E+01    0.734854392763964137E+00    0.158996063559762901E+01   -0.525757802723969348E+03
    0.261203834571240683E-78    0.105435572483751343E+04    0.792243062755573324E+00    0.514199462572467458E-01    0.250804932815080102E-01    0.969973388466150332E+00    0.111149397063481148E+01    0.758596663191895892E+00   -0.175285621047578388E+00    0.534956152304175703E+00   -0.168828382046626735E+01   -0.132548908510102592E+01    0.136346417070512893E+01    0.190560439925306357E+01   -0.525272258019503624E+03
    0.272753236449832310E-78    0.105424919201201783E+04    0.796407666244302481E+00    0.592548262777967127E-01    0.196926156583377455E-01    0.984176759841461579E+00    0.120101325093331646E+01    0.569233845067665101E+01   -0.296195036231665654E+00    0.234374573932427721E+00   -0.565947747446670979E+00   -0.104662134245586458E+01    0.157147460368946690E+01    0.196595571764256083E+01   -0.525158640288366314E+03
    0.285004490064596541E-78    0.105414131712377684E+04    0.773955519386250845E+00    0.538218451887541999E-01    0.204434610178418560E-01    0.100306119857412290E+01    0.138509132530681256E+00    0.591856449530396134E+01    0.178906560644236379E+00    0.160348665551623526E+01   -0.647107538376303415E+00   -0.904694902975506920E+00    0.271852880375149653E+01   -0.540174243499201179E+00   -0.527610832805387645E+03
    0.514857789246706733E-78    0.105293854554299969E+04    0.808429898965958516E+00    0.585266033026296123E-01    0.212026351850491471E-01    0.930418460438016348E+00    0.623200386543644402E+00    0.146758074787790171E+01   -0.553324352642903250E-01    0.146706426776631815E+01   -0.271403474242788212E+00   -0.273497482901234434E+01    0.120871318612785239E+01   -0.258828096602423230E+00   -0.526728100868102274E+03
    0.668133542043069008E-78    0.105239735085970165E+04    0.810536753558789735E+00    0.555847589865173033E-01    0.238933453415697619E-01    0.945997093102989961E+00    0.118391487371692250E+01   -0.257538340635985463E+00   -0.545284939984185257E+00   -0.127111563377866277E+00   -0.741678013686168702E+00   -0.151230257555084791E+01   -0.773894556519962640E+00    0.483572874376339001E-01   -0.526150318142413198E+03
    0.124544072727670633E-77    0.105113183750515327E+04    0.797205314489906169E+00    0.540093900053726719E-01    0.226199317381557338E-01    0.849931957826804640E+00    0.257202871678771205E+00   -0.156348685143518296E+00   -0.108488350762740993E+01   -0.172362214397025981E+00   -0.121304927719506828E+01   -0.503274067667689451E+00    0.136027597527004240E+01    0.135577377842003921E+01   -0.524210144974156606E+03
    0.569230912996512564E-77    0.104807258445871889E+04    0.790112973185718048E+00    0.557137046806386593E-01    0.208500774037895450E-01    0.104116888881084968E+01    0.114994457062965738E+01    0.279399427321919092E+01   -0.189984104219206529E+01    0.837440905792163903E+00   -0.969129107591013561E-01   -0.123898210238508000E+01    0.176591439432172614E+01   -0.622376966349754368E+00   -0.524658669195709194E+03
    0.257834286752072601E-76    0.104503135246301827E+04    0.805529518575982872E+00    0.578185479088645093E-01    0.218451798456876303E-01    0.109123641077804967E+01    0.425740534079986022E+00    0.398503594640615511E+01   -0.127272374727112947E+01    0.243574203965408798E+00    0.994529580497101273E+00   -0.147812261620515528E+01    0.145761620622238319E+01   -0.784838961131079316E+00   -0.523300515192640205E+03
    0.501937747645073713E-76    0.104367903441466137E+04    0.791227133603689126E+00    0.584954321070398978E-01    0.193056983107869513E-01    0.914418020088638595E+00    0.681762685723815598E+00    0.271065688817079042E+01   -0.525897490880424812E+00    0.123663891714045349E+01   -0.137564112111363079E+01   -0.239944386165575452E+01   -0.909955480323105581E+00   -0.169635304572362999E+01   -0.523535870253054327E+03
    0.159997924469037051E-75    0.104134049474916469E+04    0.804928499859983493E+00    0.521230619971927711E-01    0.230730416051769562E-01    0.932005677602952276E+00    0.240336278164663214E+00   -0.362486067321172323E+01    0.151830606375824573E-01   -0.606687631467366373E+00   -0.115078769710976281E+01   -0.141431251351718856E+01    0.133295758588587909E+01    0.225768543444111947E+01   -0.518412561940141245E+03
    0.222321322919568271E-75    0.104066256896345408E+04    0.762182919348461052E+00    0.525377797525467677E-01    0.192588953077516695E-01    0.969106033864784333E+00    0.486571680448415478E+00    0.358989907758364524E+01   -0.109469767613745717E+00   -0.603190011269134629E+00   -0.647796833201254918E+00   -0.128125804748719929E+01    0.134877701933760386E+01    0.213982528646201065E+01   -0.518191459195264997E+03
    0.491687811805612445E-74    0.103444995827685216E+04    0.803735856482107103E+00    0.527621391695959896E-01    0.233589443517503367E-01    0.100084810681149983E+01    0.770146640372581182E+00   -0.162142768946307392E+01    0.567974949977951837E+00   -0.322688782631530502E+00   -0.748970054181654410E+00   -0.388114055591586293E+00    0.746722671632369606E+00    0.147401081291969671E+01   -0.515750968325506392E+03
    0.817726290582148233E-74    0.103341259090430140E+04    0.811416015881445407E+00    0.544849925890832504E-01    0.258457712263927553E-01    0.970571437712700047E+00    0.959770207987664103E+00    0.213868379314628498E+01   -0.110265297902628845E+01    0.852260063473977425E+00   -0.115899743994191318E+01   -0.910471174680651529E+00    0.245843055313457626E+01    0.379275414461529792E+00   -0.516327020037689181E+03
    0.868101583007635845E-74    0.103327302877148372E+04    0.804774600178079558E+00    0.540026442211620911E-01    0.249536323370516157E-01    0.934172905791284758E+00    0.981695364504606816E+00    0.179006569788559045E+01   -0.103310537494849086E+01    0.588269070273099715E+00   -0.107724949432508743E+01   -0.508815371800892535E+00    0.826973976917315889E+00    0.103306099534394025E+01   -0.515603453390397931E+03
    0.167574520652573087E-73    0.103193761975986058E+04    0.807625859180508554E+00    0.560481246990909843E-01    0.241501926376443236E-01    0.107652464086049471E+01    0.691472429895221175E+00    0.382310067533674669E+01    0.207393799198030138E+01   -0.360999904677328176E+00   -0.285026145544406750E+00   -0.106288748076963202E+01    0.785736821800355978E+00   -0.325363171757924730E+00   -0.516294173051688176E+03
    0.218789254894567281E-73    0.103138425814318089E+04    0.805001488959357525E+00    0.552980750671423146E-01    0.195897760363033663E-01    0.108170798934900425E+01    0.417065998036349028E+00   -0.351298800132336408E+01    0.147198367978376154E+01   -0.129663457849915176E+01   -0.830575408045888031E+00   -0.103227166570491136E+01    0.652415607779630813E+00    0.353590072858115834E+00   -0.515338538998732361E+03
    0.279335950314071003E-73    0.103087564570247832E+04    0.804180988430390209E+00    0.526759887351312267E-01    0.222740951638919077E-01    0.980875617728401372E+00    0.212674013989767124E+00   -0.282127776884642056E+01    0.117360174573036602E+01    0.116620363947959105E+00   -0.111450972536999848E+01    0.588779192287347541E-01    0.425212779365438331E+00    0.209261670243689135E+00   -0.515228561180995484E+03
    0.332407892056901613E-73    0.103050775045265163E+04    0.818892990894457218E+00    0.576641988844606851E-01    0.234889237127310427E-01    0.848483087744827502E+00    0.484032507169772308E+00    0.127948885057945017E+01    0.401119848180542249E+00   -0.103126506701187282E+01   -0.300888480602452324E+00   -0.620636045642868339E+00    0.109306593912947414E+01    0.126787803699411405E+01   -0.513985997189331670E+03
    0.566158736408803229E-73    0.102942272707954544E+04    0.801522810211025005E+00    0.512908761791811968E-01    0.249602107130279215E-01    0.898120687854773281E+00    0.135887655541255731E+00   -0.930520780766648237E+00    0.100561154879073911E+01    0.248660961514133361E+00   -0.813717701752238787E+00   -0.148869108632538882E+01    0.101193053985412029E+01    0.167349884810463645E+01   -0.513037864691668119E+03
    0.765401610427769790E-73    0.102879967470930364E+04    0.805171398242013336E+00    0.559241231349363321E-01    0.193539494406486483E-01    0.103564429695377647E+01    0.748235990497193804E+00   -0.202749302866577708E+01    0.124812025049664044E+01   -0.134623644339058046E+01    0.508088996974720652E+00    0.388146369474497988E+00    0.161889459741246378E+01   -0.206758914759681556E+01   -0.516467426502248600E+03
    0.112653568062550682E-72    0.102800667119684999E+04    0.797551559385579645E+00    0.577944433749630129E-01    0.205885692528895992E-01    0.100090919713842541E+01    0.185726056617027263E+00    0.244452576178058578E+01   -0.179128755870578971E+00    0.457190363530344313E+00   -0.209918104731627864E+01   -0.934573176651838367E+00    0.256552551330742284E+00    0.102832694232584476E+01   -0.512975008656099135E+03
    0.631532367168092231E-72    0.102453900748756269E+04    0.808481252765829606E+00    0.536100362758951260E-01    0.254513872075233342E-01    0.930501750821082663E+00    0.375024324906065409E+00   -0.168414820772367690E+00    0.248797313521436081E+00   -0.367564502433879114E+00   -0.214583264359930581E+01   -0.179450901417453679E+01    0.657576731849758511E+00    0.150262001763166220E+01   -0.510766883726149672E+03
    0.318760645378064128E-71    0.102128125470501550E+04    0.789199588758256354E+00    0.567970561978676375E-01    0.204023466230176774E-01    0.978215962869595446E+00    0.115769123309549316E+01    0.281677224393631320E+01   -0.735713838686251620E+00    0.552603245818090727E+00   -0.265206836802576618E+01   -0.127548615003092891E+01    0.202137157433526449E+00    0.510408939361524094E-01   -0.510589586458571603E+03
    0.443304635053001439E-71    0.102060162129639605E+04    0.812622324415890440E+00    0.575360434262073769E-01    0.219933949268139237E-01    0.893275490164718189E+00    0.618732332942783514E+00   -0.463619675892571692E+00   -0.133180914147828844E+01    0.412737632665312104E+00   -0.237018119800836757E+01   -0.143483065044506475E+01    0.136423735882885944E+01    0.488867522503005469E+00   -0.509811943125694995E+03
    0.172850255410518712E-70    0.101786011421736816E+04    0.796745035035089200E+00    0.561690449004045855E-01    0.216746913123040640E-01    0.939534937904684120E+00    0.661987052358854688E+00    0.258070031179667758E+01    0.353811554060712297E+00   -0.146706084980337437E+01   -0.858574696318328057E+00   -0.128466641455247554E+01    0.103798666566149245E+01    0.139870391706485986E+01   -0.507531353191619246E+03
    0.331922023641755336E-70    0.101653516535982317E+04    0.798525933592551751E+00    0.554453754297388468E-01    0.212846994443304932E-01    0.976753687193881004E+00    0.364585010664977727E+00    0.124390104549956604E+01    0.118065653712505991E+01    0.231780721138648060E+00   -0.400810259353647558E+00   -0.196430240440236048E+01    0.316904935003890387E+01   -0.656665414494819188E+00   -0.508924248094406380E+03
    0.114957643995955944E-69    0.101403066782451697E+04    0.795651462140563814E+00    0.584396124761031588E-01    0.203232252260472264E-01    0.964550752629658281E+00    0.106621033085308925E+01    0.522759115343627734E+01    0.255479818170783801E+01   -0.139722478749149559E+01   -0.730096692506094547E+00   -0.235202630802746171E+01    0.604313936861444967E+00   -0.239973111880162371E+01   -0.509415065031060124E+03
    0.117942947511585040E-69    0.101395939329563953E+04    0.781348866631266015E+00    0.529328937250199347E-01    0.207227480333618264E-01    0.103579644413162342E+01    0.920513763632776261E+00    0.190926302737790632E+01   -0.535883538860844055E+00    0.605029272247747940E+00   -0.456897495477050830E+00   -0.731338000815640044E+00    0.300722175743317166E+01   -0.519368850056189935E-01   -0.507031633532825367E+03
    0.873940255081617778E-69    0.100993377128882082E+04    0.793508774978427978E+00    0.564886184901524716E-01    0.195640871248019370E-01    0.101162371969460163E+01    0.826765805647183383E+00    0.106856815200113253E+01    0.116451335137412570E+01   -0.675695823352953084E+00   -0.989150338751869418E+00   -0.192613159646839449E+01    0.249754066679656717E+01    0.643394492410266139E+00   -0.504323491152000145E+03
    0.154455010161897993E-68    0.100877481941827261E+04    0.813159409865676364E+00    0.568598699494504908E-01    0.206316097806918709E-01    0.912641923111780606E+00    0.471566307006261121E+00   -0.280023693400696683E+01    0.786747187731862141E+00   -0.221371298025701435E+01   -0.145330654093299905E+01   -0.194151231105593070E+01    0.955699178999793952E+00   -0.279814542936828392E+00   -0.504667224252073140E+03
    0.200621041956198241E-68    0.100823178960316534E+04    0.789005990472656071E+00    0.518028095844835779E-01    0.236954395796977503E-01    0.979100048460792127E+00    0.609475276214283990E+00    0.175334473829907189E+01   -0.202086015111717643E+00    0.102262118519888645E+01   -0.561083089747853370E+00   -0.195530401031987822E+01    0.102752765894251774E+01    0.127114000530911953E+01   -0.502844754796273548E+03
    0.425575855999448133E-68    0.100670773871922302E+04    0.799237211009973247E+00    0.534428861192343743E-01    0.229154238531922953E-01    0.101791204633485277E+01    0.169189198820127285E+00    0.442841962901743713E+00    0.896833712985198872E+00    0.140894134821678563E+01   -0.172834106509640129E+01   -0.105355820416548340E+01    0.196878143167737130E+01    0.188502760436417782E+00   -0.503165366599175115E+03
    0.710780925678183497E-68    0.100566189661158012E+04    0.811134220181117138E+00    0.558952504521219445E-01    0.243000735049625320E-01    0.900502628258919358E+00    0.176069256897537774E+00    0.350998116400393911E+01    0.156287947885971334E+01    0.198256766585700517E+00   -0.392981521252977251E+00   -0.366956774672644315E+00    0.211696677230293284E+00   -0.281699012757777867E+00   -0.503112647318547829E+03
    0.112160001339087396E-67    0.100472960207697145E+04    0.811133742941680724E+00    0.535996358090044880E-01    0.249036856366605143E-01    0.900036231101200457E+00    0.113155024920328207E+01   -0.932785436467602480E-01    0.520062820222619848E+00   -0.223948785059064848E+00   -0.140776765275745652E+01   -0.384741270983113282E+00    0.850613849892170260E+00    0.157507605279476137E+01   -0.500789724985690953E+03
    0.396252838653341763E-67    0.100218534996950268E+04    0.814161615313475862E+00    0.573201714552442482E-01    0.221175342445823590E-01    0.901298816868228214E+00    0.955474697497600944E+00    0.101749540775776026E+00   -0.621474902311547339E-01    0.943128801701504926E+00   -0.144867655496796011E+01   -0.155911433429650970E+01    0.517732891054265787E+00    0.136794743380730210E+01   -0.499724727550944067E+03
    0.464800148153263029E-67    0.100184623989885438E+04    0.800072319893738615E+00    0.568646866775314175E-01    0.219883491518547552E-01    0.962943263077978506E+00    0.113986705234849084E+01    0.446472198987463287E+01    0.796117324131273563E+00   -0.719446762649340599E+00   -0.926114956195078554E+00   -0.108048478983278073E+01    0.922774967476698516E+00    0.176494349352671365E+01   -0.499158176455900502E+03
    0.547801233915977266E-67    0.100149762992878209E+04    0.801480657490976744E+00    0.539219512368415421E-01    0.208846527785722276E-01    0.102485119051165774E+01    0.137809060823405993E+00   -0.240048450973467276E+01    0.150594178898131759E+01   -0.940657001868885345E+00   -0.526042972959430477E+00   -0.211139406453980882E+01    0.829717862619645752E+00    0.407414980070577304E+00   -0.500341399984320446E+03
    0.762170927606761073E-67    0.100081711325746915E+04    0.804215091355451550E+00    0.567060522916222123E-01    0.237512643191792258E-01    0.980208311919380515E+00    0.103488152383659782E+01    0.575240089890109729E+01    0.445922523534818538E+00   -0.502038214904126923E-02   -0.149033630688677454E+01   -0.163430002657264595E+01    0.508759145265003321E+00    0.184991501718563955E+01   -0.498558641611548921E+03
    0.791116363823540774E-67    0.100072256481399745E+04    0.788705603589877513E+00    0.558717138760020382E-01    0.204809032197664810E-01    0.107143815007987464E+01    0.527774859489360870E+00    0.416935481839708899E+01    0.475287875732419707E+00   -0.538185264496178206E+00   -0.978147312333703445E+00   -0.110741026212394900E+01    0.215405337924835294E+01    0.172973870948468367E+01   -0.498631543697514019E+03
    0.250100323123375035E-66    0.998400560501715177E+03    0.812801087206504347E+00    0.525675542899800285E-01    0.247760391308497648E-01    0.894331416690543946E+00    0.684649861574329388E+00   -0.219054044239941437E+01   -0.275271132137504537E+00   -0.399947572270775153E-01   -0.175744046332169979E+01   -0.834052966350782299E+00    0.986040150393137305E+00    0.189807509810684705E+01   -0.497302205152750730E+03
    0.284225500800606292E-66    0.998124748881433902E+03    0.803355659319533455E+00    0.586774416319123249E-01    0.197659869962819833E-01    0.935143049974798024E+00    0.123363059806407827E+01    0.160386710011911049E+01   -0.182250767314712903E+01    0.110421122016077844E+00   -0.110630168828834008E+01   -0.164756649701416791E+01    0.161787206407211692E+01    0.554341750563426827E+00   -0.498508032690153527E+03
    0.563016734700257903E-66    0.996737666057724709E+03    0.802788203716395365E+00    0.585541367685515693E-01    0.206192430960714761E-01    0.981113021328502422E+00    0.809365606687788341E+00    0.388057319904474340E+01   -0.731461318343917810E-01    0.268845666026891250E+00   -0.154648078262994182E+01   -0.620920519678520577E+00    0.796379014856256839E+00    0.174321728683377186E+01   -0.496625615742028572E+03
    0.127996118610658447E-65    0.995075114695234788E+03    0.806233090500050764E+00    0.572563696505171693E-01    0.228621391262043110E-01    0.856884749907766530E+00    0.110961200517288128E+01    0.513977829297082778E+01    0.200860403229967233E+01    0.709610614137546336E-01   -0.126508303309606140E+01   -0.100917235090378199E+01    0.105197191074125862E+01    0.193598486438149364E+00   -0.497343958861179260E+03
    0.144335619183449107E-65    0.994814832022430664E+03    0.812546839597380277E+00    0.537309241352623701E-01    0.212121489065053848E-01    0.100493748932537019E+01    0.372931757422787058E+00   -0.455307428375126211E+01    0.365985792431047230E+00   -0.576738177018114584E+00   -0.155844467950259946E+01   -0.932453810331708155E+00    0.160164661241537964E+01    0.194226467093878385E+01   -0.495465151340276520E+03
    0.282039179351674032E-64    0.988849852399140104E+03    0.812534982995484545E+00    0.594012783972271349E-01    0.213698083945292813E-01    0.955648742772646775E+00    0.795134835908787863E+00    0.414041226300198772E+01    0.568639842823586150E+00    0.123596288724797887E+01   -0.712031786703164249E+00   -0.135663948174965299E+01    0.922012550555564525E+00    0.104742024168704706E+01   -0.493377505957882988E+03
    0.291625034129372078E-64    0.988763006694711294E+03    0.788492666153087107E+00    0.554830995566200427E-01    0.203534473902612992E-01    0.101277262440929583E+01    0.451191619553840795E+00    0.403287406687042704E+01   -0.905190500158141731E+00   -0.182056870700080198E+00   -0.799248683885025235E+00   -0.154589940863161246E+00    0.140501616482083613E+01    0.111465360822588133E+01   -0.493266849739129782E+03
    0.560796584720957642E-64    0.987435227898079347E+03    0.794294431499245501E+00    0.573307712226158242E-01    0.202356045291894014E-01    0.973816693463683491E+00    0.124658174384617726E+01    0.382541160681939374E+01    0.404987313146421002E+00   -0.901749909936597760E+00   -0.103936433446165188E+01   -0.196250430987561231E+01    0.159633721728482691E+01    0.179156807483775027E+01   -0.491926045874201918E+03
    0.132325844470210937E-63    0.985698239404444735E+03    0.812653024863492890E+00    0.525867557932388138E-01    0.234126971577695298E-01    0.993677159488930872E+00    0.381928956139788611E+00   -0.315984096954941718E+01    0.104751803019667022E+01   -0.107180284789023972E+01   -0.581979099532645483E+00   -0.190108878771866330E+01    0.137649365940092161E+01    0.113263984541109020E+01   -0.491716479856811304E+03
    0.232839565750245941E-63    0.984548074888693350E+03    0.774254580684173743E+00    0.534084915619561784E-01    0.197737873021816939E-01    0.100389318842131647E+01    0.106181675852957347E+01    0.392115125543612031E+01    0.658166329992582178E-01    0.855618073156847458E+00   -0.810874464706330178E+00   -0.108576264458520200E+01    0.131855707815589107E+01    0.171829257472306640E+01   -0.490555744869623595E+03
    0.872149202010806823E-63    0.981886853178478077E+03    0.796328273198343428E+00    0.529403763836198415E-01    0.247189599592714977E-01    0.922477002989290362E+00    0.120812607155877516E+01    0.340005532139602451E+01    0.114553943998430441E+01   -0.750633075703035502E+00   -0.147257586479668112E+01   -0.142338985686933484E+01    0.129864729504902265E+01    0.146666218251273683E+01   -0.489476764406726318E+03
    0.136743795370856021E-62    0.980967385881055293E+03    0.778672704484327904E+00    0.512964193667806573E-01    0.225404914278674526E-01    0.930454349996471364E+00    0.363637795086317439E+00    0.272307573826623894E+01    0.177603244408715000E+01    0.658224031610644134E-01   -0.132003578803619326E+01   -0.156684579782563560E+01    0.623127612126382013E+00    0.501303741368446909E+00   -0.489982389199159172E+03
    0.197342713907852276E-62    0.980213720253919178E+03    0.806098254180856788E+00    0.580126069878760114E-01    0.191914248233915341E-01    0.929350411458645054E+00    0.293858767675774624E+00    0.108241540939170378E+00    0.547820354571513235E+00    0.498222913093968656E+00   -0.142650764365384908E+01   -0.610589651811324075E+00    0.781280081224622558E+00    0.149627682373930071E+01   -0.488610583303220267E+03
    0.424754154056238712E-62    0.978660582936467449E+03    0.801793131823721028E+00    0.517025859481194949E-01    0.234722161273048131E-01    0.855586442578218143E+00    0.453040479443886701E+00   -0.962677943523491564E+00    0.739335826928027018E+00    0.727607529837541733E+00   -0.399017756277544100E+00   -0.161806249357937304E+01    0.183474388850413583E+01    0.122571018150752908E+01   -0.488104581286726216E+03
    0.455811214196683899E-62    0.978499446577808840E+03    0.801589062214903003E+00    0.570689351437511511E-01    0.216816861312384250E-01    0.106910200557366641E+01    0.378240174866907641E+00    0.463632298652572672E+01    0.514838419746865839E-01    0.605860814945344828E+00   -0.528811816189999950E+00   -0.151849030445305289E+01    0.746831492841693256E+00    0.173006875325214793E+01   -0.487519654535652251E+03
    0.468798707242217121E-62    0.978423257056142006E+03    0.794672999056277085E+00    0.532408565519574689E-01    0.224171231192436191E-01    0.981643760014043520E+00    0.108962703525184068E+01    0.124489033525642689E+01   -0.841657662730312950E+00   -0.184758325084430852E+00   -0.560867642394668797E+00   -0.659542370511871923E+00    0.153863347442097642E+01    0.153887245059244515E+01   -0.487672756077478539E+03
    0.508014185389357051E-62    0.978242585275114948E+03    0.796818066312436568E+00    0.569945719243227025E-01    0.204248155802024024E-01    0.982062028880061999E+00    0.102959885076783486E+01    0.555564996675891720E+01    0.832954560111147657E+00    0.146772129869646051E+01    0.189426770563159375E+00   -0.597376127749384978E+00   -0.344247333645171016E+00   -0.181150988888974651E+01   -0.490932802526447233E+03
    0.829042941073403951E-62    0.977243060112612170E+03    0.794676216353288001E+00    0.540798220352109310E-01    0.235161795727824620E-01    0.100267000163669850E+01    0.711717034513484559E+00    0.290642682165635158E+01   -0.815555165684145322E-01   -0.608403836419029176E+00   -0.189569152863555224E+01   -0.198949877880863824E+01    0.749304968786646208E+00    0.163872975681447297E+01   -0.486982800299491601E+03
    0.109601365603309596E-61    0.976664734162852596E+03    0.795113965911509957E+00    0.534106189704967246E-01    0.224151652429731736E-01    0.905737414331418189E+00    0.316142042744114005E+00    0.110460595140985873E+01    0.891338476748160247E+00    0.605590755614002774E+00   -0.750890869811655426E+00   -0.241080695391360678E+01    0.150708570721576529E+01    0.103541413754949962E+01   -0.487296952943876818E+03
    0.122183216316551176E-60    0.971822220262933001E+03    0.778606440024582125E+00    0.533803894975350621E-01    0.192874951660660932E-01    0.966676482017446048E+00    0.107069351238374688E+01    0.887681876285525640E+00    0.806466532515059953E-01    0.849950867416283118E-01   -0.165732749151743497E+01   -0.110705505709233876E+01    0.168410171677692255E+01    0.203404150285829033E+01   -0.483877068628608185E+03
    0.165402132214236806E-60    0.971196504297974570E+03    0.776474133492750074E+00    0.511942121922093277E-01    0.208340110141089566E-01    0.877545794017942082E+00    0.826957496283351468E+00    0.183533339806410822E+01    0.190528690530982203E+00    0.484447036225219618E+00   -0.153833743157861114E+01    0.120900173851737236E+01    0.138518405433274006E+01   -0.137719847982746346E+01   -0.486975450628814770E+03
    0.213698960898095272E-60    0.970664127045744749E+03    0.803478493015471917E+00    0.553778831202483487E-01    0.217887876789205973E-01    0.980056281021595366E+00    0.123982721916278349E+01    0.163224217317250631E+01   -0.809419338148700263E+00   -0.349318046352209366E+00    0.202815586093265887E+00   -0.114476427751355914E+01    0.235722495251934561E+01    0.520458770094828882E+00   -0.484811604752777555E+03
    0.295002234156022111E-60    0.969999297786062812E+03    0.786194596878336927E+00    0.536758399318278678E-01    0.212624842999322439E-01    0.107197427076922769E+01    0.277342279019204940E+00    0.172616741519772710E+01   -0.103541479713953777E+01    0.148111454209015392E+01   -0.187774669145596795E+01   -0.182820533694552978E+01    0.276025779986639686E+00   -0.443207105261807843E+00   -0.485442855998293226E+03
    0.397006812365717089E-60    0.969385356765202914E+03    0.787180782006907220E+00    0.514804561105020181E-01    0.217831882303211113E-01    0.923254595169829106E+00    0.808186250229136260E+00    0.150299501722459539E-01   -0.927825615048050167E+00   -0.399928078887796745E+00   -0.151468706654554786E+01    0.801725147590559573E+00    0.184886353185561370E+01   -0.767796649345772853E+00   -0.485460475031947226E+03
    0.651199201970021794E-60    0.968375632467082482E+03    0.787158731391244038E+00    0.562428971990207721E-01    0.191118444555437410E-01    0.106547303885593414E+01    0.681617735620474119E+00    0.304651791164568841E+01   -0.145798515235924242E+01   -0.100805197424392645E+01   -0.497080560363656110E+00   -0.164020625977059353E+01    0.174765647319759432E+01    0.612488451827515989E+00   -0.483575327781713725E+03
    0.757647094731333865E-60    0.968052828239513588E+03    0.795495661754691996E+00    0.580876652375818883E-01    0.193117881437504420E-01    0.100899685802044869E+01    0.860883857014354104E+00    0.367856352423605770E+01   -0.203347071816324387E+00    0.523599345154934781E+00   -0.162409922468327728E+01   -0.201859935663946999E+01    0.257630511891989045E+01    0.896480321277257186E+00   -0.483129933798479556E+03
    0.784188732619353033E-60    0.967963964201982890E+03    0.810617845273996940E+00    0.599878290514097717E-01    0.198868989589229064E-01    0.994733698673120781E+00    0.119226164479712904E+00    0.451301496009104142E+01    0.201746426233739840E+00    0.390486565585206391E+00    0.381698210341028465E+00   -0.162633572506024393E+01    0.109127228237980511E+01    0.101365329662720383E+01   -0.482968328804364262E+03
    0.859442592959534443E-60    0.967760695582730477E+03    0.775168264441668198E+00    0.521723612015562443E-01    0.204429674049460067E-01    0.986827268422459825E+00    0.539885087593856006E+00    0.460376710791775601E+01    0.786963144081482824E+00    0.556613106529084689E+00    0.221684776249733151E-01    0.175825194277194896E+00    0.906337237248635796E+00   -0.168927059232005572E+00   -0.484049274850597271E+03
    0.146185186290824436E-59    0.966678345025073895E+03    0.799653106142210857E+00    0.558992062510362889E-01    0.195947671625544412E-01    0.103067341696314418E+01    0.229715284489954097E+00   -0.663439002527100641E+00    0.905784547973098597E+00   -0.687227213196592857E+00   -0.113210151386397206E+01   -0.190307836186889290E+01    0.169990056154233593E+01    0.158949198040912520E+01   -0.481749680532127798E+03
    0.172439408127937539E-59    0.966328001624443914E+03    0.810889719533074205E+00    0.554379574825610150E-01    0.217370055617448002E-01    0.104716247961780518E+01    0.560911698158327976E+00   -0.956190811286430353E+00    0.148642765780437003E+01   -0.103261893966987373E+01   -0.187622306706202813E+01   -0.359798228407726128E-01    0.109910427624413409E+01   -0.346405412592190376E+00   -0.483510406224814119E+03
    0.171043037871782237E-59    0.966324263042924599E+03    0.807564683741012979E+00    0.527000586325588327E-01    0.216244769131756116E-01    0.107270495725626347E+01    0.866410938675981290E+00   -0.248772802213547806E+01    0.750545959202781887E+00    0.266424524251078820E+00    0.622335480410356690E+00   -0.670996696227348366E+00    0.141383991180759971E+01    0.196318967502023600E+00   -0.482965812553960291E+03
    0.172581689796982538E-59    0.966286352082685767E+03    0.815095561871092888E+00    0.604702369717941002E-01    0.206414502267147533E-01    0.905415220072579907E+00    0.736504768834588930E+00    0.493075878358117237E+01   -0.193151207926121060E+00    0.379499933113720600E+00   -0.377024430632672880E+00   -0.141061026414149637E+01    0.142537002658286860E+01    0.189439161074212326E+01   -0.481248784430600779E+03
    0.176346328813746384E-59    0.966223193781814985E+03    0.813163146925826141E+00    0.552118384592746522E-01    0.240145323551286781E-01    0.955727436334040004E+00    0.245981292271741453E+00    0.364630786881114943E+00   -0.106065988152181490E+01   -0.142986916330295477E-02   -0.126468967960249734E+01   -0.196114075703803792E+01    0.832107223285447839E+00    0.150719048532241318E+01   -0.481604406405585053E+03
    0.194759950676573208E-59    0.966004557903393220E+03    0.791013981974391100E+00    0.541871916714769739E-01    0.196828350701369961E-01    0.893809687407205122E+00    0.409615184793052256E+00   -0.171732639170611989E+00    0.857359140323978863E+00   -0.726608627826407782E-01   -0.159133132218698825E+01    0.941785894644908694E-01    0.589897611017704770E+00    0.525784091946382759E+00   -0.482476494859750233E+03
    0.360927756338443477E-59    0.964750737824797739E+03    0.784607525341517009E+00    0.537165408454077994E-01    0.218777334283637229E-01    0.100922466259933463E+01    0.430087398490864858E+00    0.489311931321919502E+01    0.304580828230882616E-01   -0.659601631297164204E+00   -0.838985566598466681E+00   -0.131238255244511492E+01   -0.118112824394529303E+00    0.124010171482177656E+01   -0.481135267197577093E+03
    0.641212803435691979E-59    0.963581370682588613E+03    0.817395525998732331E+00    0.551026923179666478E-01    0.243945782451899622E-01    0.103157143073936108E+01    0.112931744612687091E+01    0.658630520547520248E+00   -0.102352176201634393E+01    0.154322089857714728E+00   -0.216373926388655491E+01    0.106019081825820649E+01    0.109998394040189873E+01   -0.181106509740914223E+01   -0.483601750438703448E+03
    0.752290894256549080E-59    0.963241847306277123E+03    0.803858992394069771E+00    0.561904257119940076E-01    0.206233074430969138E-01    0.102738696826291309E+01    0.719277607862660706E+00    0.835807163866342684E+00    0.309646929987366093E+00   -0.690389916306912710E+00   -0.112634926605892338E+01    0.202331115536935613E+00    0.143264496378265016E+01    0.884134031779789109E+00   -0.480736789621358753E+03
    0.936868467499056897E-59    0.962783007667151196E+03    0.786656838597668440E+00    0.515211267808724990E-01    0.204686508302018844E-01    0.988260181315891106E+00    0.733536924438972782E+00   -0.743442645877663288E+00    0.186750930115636038E+01   -0.564734252221796851E+00    0.598593033972747657E+00   -0.166332171189765177E+01    0.178819206706407408E+01   -0.109819670269911862E+01   -0.482489700536274711E+03
    0.989565736927555431E-59    0.962653561064866153E+03    0.783337244493708895E+00    0.521915758980665140E-01    0.204892361076785823E-01    0.107917879732134936E+01    0.117749928393666781E+01   -0.824293835289680032E-01   -0.139738305348259928E+01   -0.887732655920672187E+00   -0.742450417363897719E+00   -0.112437501350655111E+01    0.274389245832594497E+01   -0.720688653593914985E-01   -0.481398849397792446E+03
    0.992019029874158125E-59    0.962628608878633941E+03    0.806915842317186383E+00    0.559293358792914141E-01    0.196983279190716745E-01    0.105244122615014013E+01    0.715477293632649336E+00   -0.244242041285704081E+01    0.627815797719222246E+00   -0.175515917209736472E+01   -0.139225235974549810E+01   -0.109790201391092523E+01    0.571916426330290273E+00    0.591518986857610285E+00   -0.480722785452459334E+03
    0.119074468543218907E-58    0.962243425106596305E+03    0.792234500435110789E+00    0.545945501639578251E-01    0.226005228978100117E-01    0.945143571554108997E+00    0.657313098948507424E+00    0.444882094459027222E+01    0.687102844245828237E+00    0.165480622660993504E+01   -0.336148088814866242E+01   -0.692032886173592487E+00    0.484800875182145541E+00   -0.265543412536350676E+01   -0.483777146678661666E+03
    0.143429271180949269E-58    0.961851239213657209E+03    0.775355347741230272E+00    0.510906235758182559E-01    0.220275309564914763E-01    0.902587013257091231E+00    0.932975738029804713E+00    0.468345012333689681E+01   -0.420806636725501448E-02   -0.795352945730201100E+00   -0.126802508990635920E+01    0.274576066366307714E+00    0.114532766058005131E+01    0.749620653847444696E+00   -0.480175998952981161E+03
    0.230021454945542375E-58    0.960886578099640246E+03    0.809684477911320588E+00    0.522084364860801037E-01    0.235845609793604999E-01    0.933978687763939663E+00    0.120983989080903478E+00   -0.245596595077966651E+01   -0.484941648358017119E-01   -0.448970161281749769E+00   -0.139072867460413341E+01   -0.407415994367283929E+00    0.426684853090364635E+00    0.143620173143249952E+01   -0.479007087318387619E+03
    0.295569114923889382E-58    0.960365117871630900E+03    0.811714699268341056E+00    0.575100903511047354E-01    0.222314608097076427E-01    0.875674200057983354E+00    0.906790590286254861E+00    0.420761418342590332E+01    0.488739909750393053E+00    0.568837380145623683E+00   -0.777307677661837948E+00   -0.113634673206206571E+00    0.150285872171366486E+01    0.104659267354815455E+01   -0.479135966262267289E+03
    0.314517709750540695E-58    0.960220842502794085E+03    0.793750543514491924E+00    0.540826895759889750E-01    0.222293214270201135E-01    0.108770761036809382E+01    0.102724364713846605E+01    0.304978248853702993E+01    0.105321529744628606E+01   -0.119422272944461838E+01   -0.328309521142955196E+00   -0.151602316563071327E+01    0.948680127490888703E+00    0.920919280676439245E+00   -0.479189501970720585E+03
    0.602563810755074334E-58    0.958900536134082017E+03    0.819876610490516855E+00    0.553822082965261947E-01    0.235936359541949574E-01    0.101255488807270777E+01    0.145473163708613962E+00   -0.926694083016576187E+00   -0.129050577701264046E+00   -0.356934959623913473E+00   -0.139372496395139911E+01   -0.105075374438570179E+01    0.179445560554654571E+01    0.208826522857446095E+01   -0.477362002838466537E+03
    0.693334284470045246E-58    0.958599898761813165E+03    0.788120173990733308E+00    0.535613006286933813E-01    0.205321011130499519E-01    0.105922504537825879E+01    0.794942340060934005E+00   -0.179978249879226837E+00    0.155411520848929285E+00   -0.101742020352389773E+01   -0.119712958123614022E+01   -0.306961897989708632E+01    0.173180879227743412E+01    0.474931979354585421E+00   -0.478825017401551975E+03
    0.767762433102950944E-58    0.958375962566734415E+03    0.802038013962592888E+00    0.568227243578559860E-01    0.207467495982678364E-01    0.107350015427165557E+01    0.738193924937045609E+00    0.258489043838684651E+01   -0.124411010353355778E+01   -0.178576459355781425E+00    0.427068905662510989E-01   -0.191087300955246064E+01    0.193654742919875411E+01    0.554908143109774210E+00   -0.478633073140257409E+03
    0.115682184024907942E-56    0.952930889625322038E+03    0.810784730568557155E+00    0.515060109503107516E-01    0.250999561556493438E-01    0.944671419388207645E+00    0.450327519399345677E+00   -0.195502104203642713E+01    0.109342818860795887E+00   -0.123030741736215532E+01   -0.197322856448522521E+01   -0.211416323978710352E+00    0.280925037767474572E+00    0.238013442271133968E+00   -0.476227431370389866E+03
    0.261375396769643095E-56    0.951280667550039539E+03    0.807894453148143343E+00    0.535656517513936267E-01    0.226404964317220674E-01    0.105753280298293983E+01    0.625721199980396880E+00    0.908198294780428128E+00    0.770488382355551948E+00    0.912476977430288216E-01    0.170017762388511096E+01   -0.235707889135028381E-01    0.425993683037404702E+00   -0.322307645914506447E+01   -0.478863410234164860E+03
    0.296181211994956280E-56    0.951010639962172945E+03    0.793143086065702274E+00    0.517469911050034911E-01    0.247970155368883484E-01    0.101721751535960814E+01    0.935191334358528081E+00    0.236825248141290601E+01   -0.802032266084324874E+00   -0.947912187488100244E+00   -0.185505841732606291E+01   -0.154817438889381265E+01    0.699221118478590364E+00    0.128668797805749802E+01   -0.474218632003028972E+03
    0.344860599146458108E-56    0.950686302351689392E+03    0.800491857734813905E+00    0.536616389031785782E-01    0.215346159773443305E-01    0.986522695219798518E+00    0.941293241300887207E+00   -0.133834591595695329E+00    0.219413669464074701E+00    0.732319375064207634E+00   -0.587352502458315717E+00   -0.149655539132822923E+01    0.225745339423042424E+01    0.127636695678044698E+01   -0.474066784219064232E+03
    0.429062251935701474E-56    0.950229378865937406E+03    0.807564904440262188E+00    0.542694044028029302E-01    0.237885861266554505E-01    0.967451973479584892E+00    0.120858769099059171E+01    0.261391818849429214E+01    0.726604212205756994E+00    0.389423109157860436E+00   -0.774289252464086308E+00   -0.622473721625738108E-01    0.139892496208290162E+01    0.971631411773051568E+00   -0.474143058021195657E+03
    0.592975783534612333E-56    0.949562275779645006E+03    0.781961435444987307E+00    0.519585837970902922E-01    0.206858770050816279E-01    0.909594474740127334E+00    0.822612233168872109E+00    0.182479822999136587E+01    0.152800459351283280E+00    0.800288525375663085E+00    0.266090610033416164E+00   -0.611456616596797176E+00    0.280624027851672730E+00    0.120314695519108117E+00   -0.474660823194303418E+03
    0.123274034931530386E-55    0.948078593108570431E+03    0.809356427617688112E+00    0.557389573299187716E-01    0.202878844619795648E-01    0.103824040656826688E+01    0.528803981404192269E+00   -0.228742777994365287E+01   -0.868666880434147970E+00    0.887354573535504287E-01   -0.196200398892301542E+01   -0.162693800626243501E+01    0.190845263488085970E+01    0.134119475067419902E+01   -0.472698101803610996E+03
    0.156118972602298440E-55    0.947586175992624703E+03    0.794179467618086221E+00    0.556782251754743204E-01    0.194648690974876457E-01    0.102975257952347743E+01    0.328379510681577336E+00    0.172019064333299099E+01    0.703550452533363568E-01   -0.442914458072891593E+00   -0.792048241120255403E+00    0.256842121609679452E-01    0.150267037559046934E+01    0.122699651092924178E+01   -0.472566091485383083E+03
    0.155374440532325604E-55    0.947575736817430993E+03    0.809076731487434087E+00    0.525449930138201585E-01    0.220721932696506008E-01    0.897951211007407601E+00    0.106594583528546361E+01   -0.367495104323154864E+01   -0.111675917005982228E+01    0.144379189946334918E+01   -0.189401647687532182E+01   -0.163271629447194755E+01   -0.290919525783692512E+00   -0.113785500358433511E+01   -0.474925723412299817E+03
    0.256987166343048657E-55    0.946549360421085112E+03    0.812186450399327464E+00    0.566680852945102495E-01    0.228991577736890363E-01    0.103313464030773705E+01    0.621471748953301484E+00    0.429285579206929313E+01    0.274081772923864264E+00   -0.137827259726805096E+01    0.868563289888016010E+00   -0.140046134398176036E+01    0.101537698602101067E+01   -0.391085230603220202E+00   -0.473665765441145766E+03
    0.343114081408690535E-55    0.945951286734112387E+03    0.798777950738517539E+00    0.529667853952001180E-01    0.225711043647229825E-01    0.105909454210987897E+01    0.380605288062989877E+00    0.628453336816851227E+00   -0.460561176267901828E+00    0.385197313997878210E+00   -0.969122618149640180E+00   -0.143057442940403234E+01    0.303559577699729743E+01    0.507324409480690797E+00   -0.472468318957575491E+03
    0.198317157834714364E-54    0.942422507416745702E+03    0.806022147032885217E+00    0.522065443062717516E-01    0.217715251492733644E-01    0.950068560676861296E+00    0.563031198985839088E+00   -0.330267092454323574E+01    0.119026093401430444E+01   -0.150742156116621062E+00   -0.165022158042688694E+01   -0.130780916622256882E+01    0.865173216462835848E+00    0.141326325712284540E+01   -0.469797990451250030E+03
    0.664572849052964713E-54    0.939983953525535185E+03    0.803270977419598742E+00    0.568072108278007346E-01    0.219373319445128265E-01    0.102110174638938611E+01    0.104468839421402993E+01    0.357026957151060564E+01    0.441133771424802035E+00   -0.197656772273262504E+01   -0.153279535547994761E+01   -0.148498097655078709E+01    0.171541280834617504E+00   -0.488503568978879699E-01   -0.470040827119665494E+03
    0.923975774221238558E-54    0.939304870823731676E+03    0.805197664411459568E+00    0.523563788519761097E-01    0.236694871280242781E-01    0.104921936430319951E+01    0.696010866325199484E+00   -0.601152277575836891E+00    0.278659584567662932E+01   -0.252056445076846103E+01   -0.116697360706780251E+01   -0.108425042741259858E+01    0.516215948786111989E+00   -0.459785043693473305E+01   -0.474250285848800559E+03
    0.127072201326818730E-53    0.938647561464989053E+03    0.798966428559721664E+00    0.573846152715904029E-01    0.211728708942210755E-01    0.105782597919336352E+01    0.217945880115693713E+00    0.506087985365966730E+01    0.332524836846914695E-01    0.455445191529406712E+00   -0.225883765811772719E+01   -0.215243809947310183E+01    0.123331972695154968E+01    0.120137695412739465E+01   -0.468122403778367129E+03
    0.136634966844002839E-53    0.938482446555181355E+03    0.807720931353197780E+00    0.564154143990457241E-01    0.215157151272152188E-01    0.100146998308946644E+01    0.531989876170591569E+00    0.140146922027714815E+01    0.356660090225204840E+00   -0.143192028125554316E+01   -0.147591130885189137E+01    0.147523929641693030E+00    0.248577095396742553E-01   -0.519882916688434449E+00   -0.469761106194279137E+03
    0.241802511873761506E-53    0.937320829690877531E+03    0.799729319753723966E+00    0.551275211593729164E-01    0.201022132892732658E-01    0.979943959303935741E+00    0.551978164144050543E+00    0.428125261147682679E+00   -0.309625709923011527E+00   -0.127386881032975907E+01    0.105683977882336189E+00   -0.417347637238663083E+00    0.132684077030148750E+01    0.487859961244563767E+00   -0.468172554884194199E+03
    0.253181538708357979E-53    0.937208858792153933E+03    0.797452478872540560E+00    0.537106357895033304E-01    0.191555660310481490E-01    0.103192766868772123E+01    0.592404691555754148E+00   -0.186605560376203350E+01    0.131983043736795480E+01   -0.809494280099442576E-01   -0.582336781974388540E-01   -0.711654877990213208E+00    0.389324494095717677E+00    0.305761576619181241E+00   -0.468298667819457762E+03
    0.373315662906710967E-53    0.936412223657586992E+03    0.807297311315655741E+00    0.591768728812816502E-01    0.203067465376445336E-01    0.925954808505691340E+00    0.968112502478858494E+00    0.405823542014787542E+01    0.429317736096663793E+00    0.933468858014521174E+00   -0.102379036185652672E+01   -0.274095498986412167E+01    0.908127248563914913E+00    0.665363272756145485E+00   -0.467540748556037329E+03
    0.372737668169117367E-53    0.936395322604159105E+03    0.804165547228181565E+00    0.564519329876401049E-01    0.207278930693824102E-01    0.868998948896563927E+00    0.985403302236433243E+00    0.635070584654821246E+00   -0.212654233282250971E+01    0.124569521452599474E+01   -0.244759231317061676E+01   -0.797419813028454882E+00    0.412297247127071609E+00   -0.236376629630927404E+01   -0.470561427598388832E+03
    0.371818604979765171E-53    0.936380260114938437E+03    0.772869817900901701E+00    0.518966978662035380E-01    0.199703314774440886E-01    0.109247502445637590E+01    0.827897432699999491E+00    0.586476577680017641E+01    0.944337574109113120E+00    0.580381782367567767E-01   -0.564928579500474148E+00    0.645956295546739057E+00    0.206290809803363118E+01   -0.672354647261874661E+00   -0.468862484704731116E+03
    0.405937344872025558E-53    0.936184674694154069E+03    0.796571199240886929E+00    0.557870992610755984E-01    0.203588310182015036E-01    0.976741706298604795E+00    0.102034960843855860E+01    0.303350857883850367E+01    0.487884489572252278E+00   -0.732835282836958868E+00   -0.445796981352919452E-02   -0.429325384492358353E+00   -0.447148737220004255E+00   -0.462645599883734215E+00   -0.468554982946960763E+03
    0.494052647331641108E-53    0.935771788173478512E+03    0.782110201724212528E+00    0.528984432027287954E-01    0.212848640544435717E-01    0.102534986606621725E+01    0.788409284101681096E+00    0.397695022798484210E+01    0.221182939611708207E+00   -0.214241675335074433E+01   -0.198248942503028025E+01   -0.447737772185519134E-01    0.101265775312299433E+01   -0.920318317722673362E+00   -0.468806212404461917E+03
    0.993202738825215394E-53    0.934355202721175033E+03    0.797667927867165560E+00    0.552924468288856358E-01    0.223209008599279633E-01    0.926122980097156656E+00    0.814795184864017918E+00    0.452576588934172719E+01    0.908308491985962974E+00   -0.789978931719588218E+00   -0.953085016918748584E+00   -0.186293554737744671E+01    0.592119934364063960E+00    0.140561648482649004E+01   -0.465771984875761007E+03
    0.101702024659898155E-52    0.934287807735567640E+03    0.815719563163058936E+00    0.519469060870982741E-01    0.256790624740867654E-01    0.928193448868794735E+00    0.770564238863479578E+00   -0.112330243861641677E+01   -0.530517294233732173E+00   -0.202266009375761668E-01   -0.106658794343616115E+01   -0.132634418067596016E+01    0.116382788350279065E+01    0.218966774301215894E+01   -0.464954236124771683E+03
    0.108365677087810486E-52    0.934140879343929328E+03    0.797579013127231673E+00    0.522004946270251610E-01    0.229892534356765654E-01    0.884752763712395085E+00    0.830925091400156579E+00    0.349170640188960490E+00   -0.289709126707293763E-01    0.160557450100213883E+00   -0.168596997204417653E+01   -0.630413173236092916E+00    0.128255224324561845E+01    0.183466144279490395E+01   -0.465235778229169739E+03
    0.210002417875379880E-52    0.932797664068913832E+03    0.802808606624603183E+00    0.530007598400115965E-01    0.218418361544609058E-01    0.107070339679718018E+01    0.671746110916137673E+00   -0.689215421676635742E+00    0.783172591262655260E+00   -0.790569232984807968E+00   -0.734599136684437104E+00    0.701461895672537139E+00    0.430598024162236692E+00   -0.756886353141752011E+00   -0.467155718387598654E+03
    0.247170376596613041E-52    0.932451746392343921E+03    0.788227472472220803E+00    0.546203428302052749E-01    0.195148117770140642E-01    0.996100838964055213E+00    0.128373607987609928E+01    0.158207275447146234E+01    0.956355810250215654E+00   -0.150723676687107400E+01   -0.134533719411706421E+01   -0.387876936623570145E+00    0.987103101944058148E+00    0.441519326710724469E+00   -0.465784353869461256E+03
    0.250982644468012173E-52    0.932401134575210108E+03    0.794104441167004405E+00    0.525090771796737632E-01    0.228830980961544223E-01    0.994525993219349758E+00    0.688767046225650770E+00    0.257006913585234464E+01    0.107074581856181794E+01   -0.407721292534688418E+00   -0.505535383098276503E+00   -0.648718160790622278E+00    0.860763069107406631E+00    0.120992274565830304E+01   -0.464990644541946779E+03
    0.451992612342434662E-52    0.931204570486953799E+03    0.778769254684448242E+00    0.524662349224090524E-01    0.204702526926994303E-01    0.106748822212219241E+01    0.428459668159484885E+00    0.396378707885742188E+01    0.705856727400941963E+00    0.988368413974285431E+00   -0.761370900289648267E+00   -0.837022555871271834E+00    0.194229024958417562E+01    0.973103414984594961E+00   -0.464629181828492278E+03
    0.475887031915179084E-52    0.931081541161290033E+03    0.779568471821010300E+00    0.519716187571104132E-01    0.219272904617912566E-01    0.105675902674340239E+01    0.280480472743368958E+00    0.315143853483125547E+01    0.105063885371237120E-02   -0.590836421102949316E+00   -0.291969459448523594E+01   -0.505873425978506930E+00    0.348208845820181745E+00   -0.185273704768475378E+00   -0.465726044285413479E+03
    0.574528251105312848E-52    0.930684803615205283E+03    0.808240100254114635E+00    0.549476605171680677E-01    0.192972825516692335E-01    0.108507863322177833E+01    0.211975893624731876E+00   -0.254662303959065373E+01    0.215850005678248635E+00    0.192640157371215592E+00   -0.212537133257910460E+00   -0.602763940718205049E+00    0.139045567010384752E+01    0.153422565428499813E+01   -0.463808176153317618E+03
    0.675944015432253189E-52    0.930339681647189877E+03    0.808375173859602780E+00    0.588208093986333225E-01    0.203465434324824543E-01    0.102694157747773884E+01    0.102931107373246755E+01    0.435308978297100779E+01    0.113581376560546232E+01    0.342056606012874964E+00   -0.122489660512997012E+01   -0.112572031495687952E+01    0.138368168540750980E+01    0.152000347617955911E+01   -0.463649837347415371E+03
    0.845312667160815280E-52    0.929872488999150391E+03    0.807657406084967500E+00    0.529233155708171976E-01    0.233493459302808633E-01    0.101306139614028989E+01    0.112859779143424710E+01   -0.121433438680553785E+00   -0.961694838605353652E+00    0.342012570389442827E+00   -0.495449676224097635E+00   -0.127994380183167777E+01    0.310960555156157170E+01   -0.144206292368584510E+00   -0.465080450791943804E+03
    0.109496938373425915E-51    0.929334938794001459E+03    0.787500185370879291E+00    0.515222573824503371E-01    0.234583314659085641E-01    0.108637955343419801E+01    0.433647324404940249E+00    0.245787118704245522E+01   -0.312895324631199401E+00   -0.178830589468248036E+01   -0.319499117718009984E+01    0.406278040907182003E-01    0.920032197587943523E+00   -0.225254385603257257E+01   -0.466920013253033289E+03
    0.159468408552949279E-51    0.928563040297395560E+03    0.804062530184504021E+00    0.575530285648263307E-01    0.194776622028854582E-01    0.917721295583194707E+00    0.122855590023775774E+01    0.107585656732517876E+01   -0.167465797736667810E+00    0.510647777008443882E+00   -0.185508239177693190E+01   -0.898420546064926384E+00    0.425924703243936387E+00    0.134562923880255081E+01   -0.462935890909895249E+03
    0.158610317480832592E-51    0.928553831250496842E+03    0.812239976105510353E+00    0.575022201487008153E-01    0.229077623963528029E-01    0.100523700987315778E+01    0.411989420543269036E+00    0.566225580942445106E+01    0.167537276578286765E+00   -0.563250550320617549E+00   -0.751010439529409046E+00   -0.954437464325792462E+00   -0.679235455569368929E+00    0.213130807683447721E+00   -0.464063784817564965E+03
    0.204411959677196583E-51    0.928026457236095325E+03    0.798003617465214865E+00    0.531015635632207869E-01    0.235910394695277165E-01    0.103958090060331632E+01    0.846120812191416771E+00    0.179734686824219114E+01   -0.162983781903335512E+01    0.324011624946933863E+00   -0.187179711341400412E+01   -0.118622041392995925E+01   -0.922728092734812488E-01   -0.337027548675697730E+00   -0.464350256166723341E+03
    0.299939134035039975E-51    0.927239572836568641E+03    0.801677518543380985E+00    0.513389924457227712E-01    0.220485822661617113E-01    0.108458375235718196E+01    0.178936024991723786E+00   -0.247142320121657155E+01   -0.351767384630647939E+00   -0.176180343243004189E+00   -0.130706251900278381E+01   -0.539179167742531718E-01    0.240933661563417445E+01    0.716430797241558448E+00   -0.462903355621042749E+03
    0.358100312657360119E-51    0.926865105671403398E+03    0.788613414192720352E+00    0.523317216431160165E-01    0.224635441060403798E-01    0.959451124973070280E+00    0.123016177790137538E+01    0.186365838662821304E+01    0.225922654216219598E+00   -0.105242871563064000E+01   -0.122494295111096085E+01   -0.206780810722989372E+01    0.100868474381854889E+01    0.168072850143033303E+01   -0.461751824334271362E+03
    0.921757298564193138E-51    0.924954168061126438E+03    0.798945274766235114E+00    0.530935270453934821E-01    0.244256071037967822E-01    0.965328320193843514E+00    0.121786719708962754E+01    0.521720235910712660E+01    0.604676010012781262E+00   -0.129640496654815252E+01   -0.337813608156238621E+00   -0.131342538335388781E+01   -0.599846277566482566E-01    0.367597187291917038E+00   -0.462109486843271327E+03
    0.994916548671802236E-51    0.924781414245693441E+03    0.814923850270238836E+00    0.564544387810092807E-01    0.208246010229095821E-01    0.954317591414077682E+00    0.439626764995317942E+00   -0.981089298094939721E+00   -0.121815624513260445E+01    0.761732050099226399E+00   -0.762061480151032589E+00   -0.104545011032655566E+01    0.178358956858346795E+00    0.453391372622461208E+00   -0.461937315750224286E+03
    0.212413039337262979E-50    0.923244496429704213E+03    0.805657642872014468E+00    0.530510801150538072E-01    0.234227082901456475E-01    0.100860429784131878E+01    0.917061922609861857E+00    0.115860165703781259E+01    0.379204750887538466E+00   -0.138619192872511066E+00   -0.477835639571799753E-02   -0.111868074089784386E+01    0.177312235074282420E+01    0.150090914150759014E+01   -0.460121339073344529E+03
    0.389805224281984067E-50    0.922010267406721596E+03    0.793298843437907131E+00    0.533047736323669502E-01    0.214677671171637184E-01    0.107611271177736345E+01    0.541569150005283273E+00    0.656820471732427080E+00    0.538099568503866976E+00   -0.904672328305196061E+00   -0.605915912361751685E+00   -0.345111473090469190E+01    0.219733674637495824E+01   -0.730373475191473442E+00   -0.461735507178552268E+03
    0.432269712553635556E-50    0.921783462329538224E+03    0.804218752495182709E+00    0.550729766817532121E-01    0.192397267045372605E-01    0.959200328397048940E+00    0.947366106765678118E+00   -0.276080292998896937E+01   -0.231889709015149492E+00   -0.824354547279426697E+00   -0.223786401894699338E+01   -0.112129883630473159E+01    0.157855206194312836E+01    0.139524190912286317E+01   -0.459496489255646225E+03
    0.609968314964395389E-50    0.921074747759350657E+03    0.781395149429203961E+00    0.523971068176207200E-01    0.211817387668716238E-01    0.108572678960033331E+01    0.879852844046142835E+00    0.525806602233441112E+01    0.507427392668660104E+00   -0.191216918971008454E+01   -0.156057634845978987E+01    0.380616875116857045E+00    0.182831849030321814E+01   -0.111206259002521302E+01   -0.461649436469700561E+03
    0.604672455105558591E-50    0.921072187955818436E+03    0.819895744599073106E+00    0.574578456003753957E-01    0.215749494479871295E-01    0.919958016924441457E+00    0.516613844944802114E+00    0.175821744730690455E+00   -0.188879131056864935E+00    0.115297707348076983E+01   -0.185946640015686149E+01   -0.760593373312303811E+00    0.100043103876373629E+01    0.927063824885034693E+00   -0.459609030153024207E+03
    0.122527379309690927E-49    0.919639722580476018E+03    0.789028729594523193E+00    0.554479522039765943E-01    0.194847621174636110E-01    0.952952600384298187E+00    0.687749058620423237E+00    0.266832903194780613E+01    0.959462102920269899E+00    0.967620514801410536E+00   -0.234196848747501463E+01   -0.118413350894002178E+01    0.840494847103627984E+00    0.360576963354162894E+00   -0.459459284326883846E+03
    0.217061332058266081E-49    0.918476031699997407E+03    0.812253822095737821E+00    0.557208490285279467E-01    0.213252400135969661E-01    0.104376700875868433E+01    0.834232332581618441E+00   -0.124485871222977984E+01   -0.491920056246044624E+00   -0.109506729172949235E+01   -0.235368783682019966E+01   -0.751351588927491321E+00    0.172444206463410432E+01    0.726916058928722464E+00   -0.458511099791069967E+03
    0.341749146585999701E-49    0.917548237642810705E+03    0.795304415561061906E+00    0.548838329208596876E-01    0.211312527365976298E-01    0.990460671825234895E+00    0.824924714134102066E+00    0.185402372862534026E+01    0.180063691290683892E+01   -0.200679420946585196E+01   -0.553690652342311074E+00   -0.356302965749932810E+01    0.971891331133747594E+00   -0.348404848430203185E+01   -0.462258167305707389E+03
    0.510791555854210734E-49    0.916724468414027683E+03    0.792281952529115263E+00    0.536822265563682982E-01    0.202712719014871111E-01    0.996260668632450885E+00    0.546309356427411852E+00    0.117977684842766095E+01    0.298943064191234953E+00   -0.438859981780979014E+00    0.475436579089319133E+00   -0.105012767357834491E+01   -0.203521530216903335E+00   -0.120747040849244147E+00   -0.458482981247863108E+03
    0.153119452058117850E-48    0.914508784715277670E+03    0.799634271221150050E+00    0.577561468404786671E-01    0.194044486876757023E-01    0.101452285588516733E+01    0.116352175937114333E+01    0.462157826592897081E+01    0.234196729650193447E-01   -0.118474900598926070E+01   -0.576304260636106624E+00   -0.130026194559945907E+01    0.175311821662830902E+01    0.158166990700638710E+01   -0.455672722450632421E+03
    0.279180105054123743E-48    0.913287507190888732E+03    0.813640257684215218E+00    0.539011999289276261E-01    0.229286965572706829E-01    0.102415962354014267E+01    0.922211079109811593E+00   -0.172302062540064682E+01    0.774987572856389306E-01   -0.480924089332574967E+00   -0.204279814025653650E+01   -0.138984850019483019E+01    0.450142313414972017E+00    0.153668686107218755E+01   -0.455107066734372154E+03
    0.526866375700272042E-48    0.911997327493959460E+03    0.780848926667689902E+00    0.533381009358711994E-01    0.203752467023479537E-01    0.109309165148005194E+01    0.427690045651769712E+00    0.369118096804158746E+01    0.604839388014397628E+00   -0.179430854117299476E+00   -0.124599764634353938E+01   -0.142232711595056571E+01    0.159663014659372715E+00    0.154831053346933456E+01   -0.454450353213510368E+03
    0.525800283381304788E-48    0.911981378511151888E+03    0.777680849937360197E+00    0.511902721686762555E-01    0.205681891863773135E-01    0.990755767587769287E+00    0.767048232859116608E+00    0.174507255491482649E+01   -0.362161189979133269E+00    0.229963660116254742E+00   -0.130888366123258471E+01    0.896570747806890722E-01    0.385689658334058771E+00    0.693233160932305914E+00   -0.455297456094643621E+03
    0.686033522700244723E-48    0.911429368426764654E+03    0.800181404565104670E+00    0.523315115608743789E-01    0.221401201206826298E-01    0.925401137162819132E+00    0.113484447443556147E+01   -0.835601047486929538E+00   -0.371996874010847023E+00   -0.146789480355664581E+00   -0.966297479932336278E+00   -0.810257082474663548E+00    0.233288860007405896E+00    0.156845579625366516E+01   -0.454146228417128668E+03
    0.786879444623669200E-48    0.911135071307184262E+03    0.797227578822556571E+00    0.553487852453656906E-01    0.206229006361441855E-01    0.105461909972747181E+01    0.454226157261709895E+00    0.275473897966287140E+01   -0.936753743295639651E+00   -0.760120630492338023E+00   -0.116271549285329234E+00   -0.978823747831256696E+00    0.250579871536729337E+00    0.650415406394745155E+00   -0.454917120247197374E+03
    0.199964141903535494E-47    0.909249775107677920E+03    0.819244467842135560E+00    0.577502673409816397E-01    0.200565088189628149E-01    0.989047214190934776E+00    0.328650225275607000E+00   -0.152582848867067167E+01   -0.269974361325466816E+00   -0.674032584018959824E+00   -0.110901465663005161E+01   -0.202797117448312747E+01    0.134311315610489168E+01    0.199037188411394239E+01   -0.452634515669725033E+03
    0.436532218904345224E-47    0.907668326858703153E+03    0.814239469619878475E+00    0.552583783746504673E-01    0.219582566388260916E-01    0.923198825386444821E+00    0.114381857970567147E+01   -0.638007581599939755E-01   -0.699252452890277709E+00    0.243102164359925210E+00   -0.312293691115426153E-01   -0.186311987605790819E+01    0.239127168501340748E+01    0.691639678555715287E+00   -0.453142523750795874E+03
    0.463152305826789929E-47    0.907529939319136020E+03    0.805066752142313380E+00    0.536237637888984583E-01    0.219558712063241471E-01    0.106010362921892054E+01    0.735132633512664113E+00    0.198530261226844473E+00    0.408056199286193078E+00   -0.434973556838258391E+00   -0.238493557695846681E+00   -0.129331972040404253E+01    0.230276337845793933E+01    0.131281928971820250E+01   -0.452452150369849790E+03
    0.803251305278045868E-47    0.906408715981679052E+03    0.812378347701544379E+00    0.548255475884009968E-01    0.227040161820313627E-01    0.104691716897399534E+01    0.787895666680726192E+00    0.395660531026001294E+00    0.657142477609795606E-01   -0.750431465240808393E+00   -0.479718047284904747E+00   -0.178138965378707326E+01    0.161984711277114024E+01    0.185121343140550865E+01   -0.451353144559434043E+03
    0.873478751112921985E-47    0.906221083621392609E+03    0.794687841811331674E+00    0.516557661293208514E-01    0.223083847859721317E-01    0.900307825429365938E+00    0.113857161930515249E+01   -0.165383929072509872E+00    0.776637232968369062E-01   -0.660485626918898561E+00   -0.122580616660911779E+01   -0.625269723528845134E+00   -0.485228745731089983E-01    0.106814498379208334E+01   -0.452042396826904223E+03
    0.116168352058071379E-46    0.905630800142036151E+03    0.814688736149055126E+00    0.567958995619460283E-01    0.220946306314266962E-01    0.106068684711924410E+01    0.344219776104548902E+00    0.132414031089396644E+01   -0.422311559647141621E+00   -0.107152760123199131E+00   -0.181575288158342096E+01   -0.105641512364059054E+01    0.128717653159469614E+01    0.195322354076247673E+01   -0.450862176530255624E+03
    0.125377881895929132E-46    0.905458216577218877E+03    0.788907813298642235E+00    0.533639711051656640E-01    0.219099708148344924E-01    0.973122074640735968E+00    0.957714870557410558E+00    0.577852227691249176E+01    0.875533965366912525E+00   -0.107770168204979144E+00   -0.100948323879379109E+01   -0.392413262107993432E+00   -0.274029360147096446E+00    0.273824353119613395E+00   -0.452455283935489831E+03
    0.138963392028416922E-46    0.905232459978189127E+03    0.809398164799489450E+00    0.531677663329711211E-01    0.228050653090802226E-01    0.952666830619027127E+00    0.121217427655678267E+01    0.405089662415337060E+00   -0.697746212291576740E+00   -0.542819322879494748E-01    0.735042899208338207E+00   -0.552771469220942890E+00    0.222778372224752275E+01   -0.419962871281952754E+00   -0.453036192860376502E+03
    0.144298302154486779E-46    0.905137115642413391E+03    0.804166373850780603E+00    0.524481444423969406E-01    0.243821341321235063E-01    0.929285298220139944E+00    0.869238839734974178E+00    0.178643008152404281E+01    0.119969930498768917E+01   -0.403911873032711755E+00   -0.111041717801640494E+01   -0.114407379879253313E+01    0.584153158810068129E+00    0.134399075875752727E+01   -0.451224567062449182E+03
    0.153490716405900403E-46    0.904993600870156456E+03    0.803747131325098341E+00    0.547406548526544884E-01    0.192215718221301415E-01    0.984936444434712621E+00    0.121417847350370445E+01   -0.252363446238031530E+01   -0.193370486962294308E+00   -0.169139710875811033E+01   -0.993327681152322617E+00   -0.134081353759825106E+01    0.144010565249914202E+01    0.116878201654360581E+01   -0.451328018418534612E+03
    0.170806038913459605E-46    0.904759823766941054E+03    0.802894881260525994E+00    0.517079556740828380E-01    0.216482470864317149E-01    0.100347208789184017E+01    0.339560685920612004E+00   -0.226873154159491319E+01    0.843080330788552601E+00   -0.437139397457713075E+00   -0.942778257937106678E+00   -0.526066925830264154E+00    0.120505829766557349E+01    0.157023677775713244E+01   -0.450809675105713382E+03
    0.262679416642630972E-46    0.903879012360613615E+03    0.801543808391969037E+00    0.533843701376555818E-01    0.209119965467584774E-01    0.991359623512688026E+00    0.998713490168716467E+00   -0.670184693948135290E+00   -0.195397178091525348E+00   -0.208622615595004335E+00   -0.711573142622228039E+00   -0.356351587607832698E+00    0.172226881708525092E+01    0.160894693713424242E+01   -0.450330559243172559E+03
    0.282663435832904835E-46    0.903712367207228226E+03    0.803562962752316423E+00    0.564620335483030783E-01    0.207475785381390256E-01    0.100132700096660665E+01    0.879324003789418773E+00    0.294496720141341584E+01    0.856143135380307285E+00    0.125706563225094270E+00   -0.111937238355608293E+01   -0.880185249251326240E+00    0.531677114887543434E+00    0.153676584475719746E+01   -0.450319417758856900E+03
    0.316909126433366124E-46    0.903463650910916954E+03    0.786746368059633383E+00    0.538246257522973157E-01    0.200782171399597822E-01    0.916887034929616540E+00    0.318519447297228586E+00    0.190779683628815633E+01   -0.549356909635889679E+00    0.111250298958680105E+01   -0.222424920717571695E+01   -0.989619039322633398E+00    0.469322997483914373E+00    0.344768143575538533E+00   -0.451387057311882927E+03
    0.360248177048310288E-46    0.903187294692419869E+03    0.800349525031568643E+00    0.556154088141171399E-01    0.201121184234625064E-01    0.106608453135860426E+01    0.110434582041275453E+01    0.147066332916872966E+01   -0.603617843563597489E+00    0.116077786991581944E+00   -0.882829052253555124E+00   -0.588503358318348546E+00    0.810565366995206427E+00    0.167115108793999068E+01   -0.449922496258269916E+03
    0.548277199852662560E-46    0.902327319045268837E+03    0.813878191632019243E+00    0.555113033512466825E-01    0.224686698177585971E-01    0.840389566888234629E+00    0.554470407175786661E+00    0.109171841178078033E+01    0.102014241102665437E+01    0.432244911265797838E+00   -0.647813203901250523E+00   -0.144640755091245410E+01    0.348635371018417795E+00    0.111536141634704955E+01   -0.450048298106287348E+03
    0.134845598483904501E-45    0.900507450037757508E+03    0.813779929652670320E+00    0.581889280770603243E-01    0.208593130937052840E-01    0.877841324600346362E+00    0.269060873311237181E+00    0.201020573175543049E+01   -0.959106170888617271E+00    0.255364653841070377E+00   -0.872608440803332774E+00   -0.162820540183133744E+01   -0.120456091345886085E+00    0.781469672831570428E+00   -0.449472255346047177E+03
    0.162081236167235949E-45    0.900119515520950472E+03    0.795646552415339325E+00    0.535608179399526471E-01    0.224180967103090149E-01    0.109387835717985094E+01    0.171139511859401905E+00    0.480675087369491827E+01   -0.667970558084789445E+00    0.292397257898073859E+00   -0.818723090848152202E+00   -0.320836909207855570E+00    0.111625573362175623E+01    0.138619156311552816E+01   -0.448673566197359719E+03
    0.272179069152050927E-45    0.899062790471375365E+03    0.799377373597102592E+00    0.535749659484123092E-01    0.218234231485211726E-01    0.103663721755473492E+01    0.127890390920151242E+01    0.101248898120119435E+01   -0.125399070629669040E+01   -0.140310012181885213E+01   -0.353919150958290407E+00   -0.161227994445084732E+01    0.230905779818726842E+01   -0.357403565209006846E-01   -0.449567135592208558E+03
    0.293941350864213599E-45    0.898888950334520018E+03    0.794433394894001887E+00    0.529124622426990418E-01    0.230207674773095887E-01    0.107640837418341584E+01    0.336627778333303929E+00    0.404665071694540757E+01   -0.798093488773474746E+00    0.191420932890196682E-01   -0.719127215899106664E+00   -0.142683144203488155E+01    0.902929780255590453E+00    0.187078325214143515E+01   -0.447573691915118559E+03
    0.325323067843899355E-45    0.898666073368706861E+03    0.809393170412899599E+00    0.525999765330119953E-01    0.230451008906164025E-01    0.983265266806829685E+00    0.505473915134327934E+00   -0.130113833639738097E+01   -0.153916256718957811E+00    0.101493855787225584E+01   -0.224262516568273895E+01   -0.105038797919291937E+01    0.152719095908082658E+01    0.889582819277951686E+00   -0.448443453865075469E+03
    0.681810442298195708E-45    0.897166207504952922E+03    0.803475297464022908E+00    0.540511513347634517E-01    0.229079246225513608E-01    0.961877585625761533E+00    0.424298592144760178E+00    0.301852336581843161E+01    0.252972775809894301E+00    0.176802526836468132E+01   -0.158354701593339064E+01   -0.607500258957998085E+00    0.578336996683219917E+00   -0.237568611949737107E+00   -0.448820672364426173E+03
    0.218402243505585330E-44    0.894817863637137179E+03    0.789914382172023033E+00    0.551153418810605630E-01    0.194449499645467719E-01    0.101811658408221173E+01    0.917231811264309416E+00    0.248688653306777852E+01    0.138931900784768914E+01   -0.971919794914128943E+00   -0.146335184178383293E+01   -0.159585624946316784E+01    0.133935218728879613E+01    0.988487882170603016E+00   -0.446420443936397987E+03
    0.494385963891991746E-44    0.893163907638587375E+03    0.799922066810653032E+00    0.515851585634006585E-01    0.218053167580511860E-01    0.102921420281502640E+01    0.406171584972784494E+00   -0.173913620615123321E+01    0.598779697418194701E-01   -0.626649563511136876E+00   -0.133752587072308393E+01   -0.138775695962749523E+00    0.209574697154266909E+00    0.878743599091459160E+00   -0.445703210220202209E+03
    0.536892156897902563E-44    0.892978946171301686E+03    0.802094475624563152E+00    0.530140862354031017E-01    0.200383701307569190E-01    0.890407767888433233E+00    0.601158766568882230E+00   -0.240001789455593428E+01    0.122928979743733180E+01   -0.107519101448019683E+01   -0.137278537763563668E+01    0.982043068677285191E-01    0.334311386912986785E+00   -0.386080665523869992E+00   -0.446875553751174721E+03
    0.760384623809260550E-44    0.892262891891250888E+03    0.818457005414745087E+00    0.565261143342800365E-01    0.213383834755273109E-01    0.987948943371155908E+00    0.685773160739173271E+00   -0.411898108486460579E+00    0.222052741231664186E+00    0.115215292605284958E+01   -0.154600463578958602E+01   -0.181955747479037200E+01    0.112367531615632310E+01    0.124327014723224649E+01   -0.444888175798393206E+03
    0.126953347375322678E-43    0.891217731132767881E+03    0.801923273617145216E+00    0.538829509498006468E-01    0.222042446339954930E-01    0.914070106341640765E+00    0.457370206262700196E+00    0.205861138746857542E+01    0.597555371351745634E+00   -0.717831746909496360E+00   -0.199403420259613773E+00   -0.153752010508583226E+01    0.119633984912866276E+01    0.160199656133135049E+01   -0.444006869005052579E+03
    0.167714210282994315E-43    0.890640847680564093E+03    0.809688563589662236E+00    0.541968559743119804E-01    0.220814532615279183E-01    0.107515587033428384E+01    0.421867226792874694E+00    0.686612666841890373E-01    0.116630222996604971E+01   -0.169227062330037314E+00   -0.751263420521581571E+00   -0.181781972623980437E+01    0.192561957030079633E+01    0.129959001599360846E+01   -0.444020833824288445E+03
    0.216202922263170132E-43    0.890112935640518685E+03    0.794649452354402319E+00    0.532978444119931033E-01    0.194670163003205464E-01    0.103898965914403663E+01    0.150193841614163992E+00    0.289083600262223683E+00    0.227152978695244201E+01    0.554819059783540069E+00   -0.361742796064843386E-01   -0.385355800491424816E+00    0.567030236730943438E+00   -0.182872797144030086E+01   -0.446885195791699630E+03
    0.256949445462026856E-43    0.889747611773146559E+03    0.815866287822328173E+00    0.542274133242048526E-01    0.222980683414214856E-01    0.872498745039927637E+00    0.111259718442858557E+01   -0.122045554067535811E+01   -0.258454156313518979E+00    0.867556358804222327E+00   -0.118347464299290528E+01   -0.136857994762408453E+01    0.148323764663359747E+01    0.174173649772350592E+01   -0.443132069388849800E+03
    0.437251783102077208E-43    0.888664352099942903E+03    0.814190942982895738E+00    0.570581108130515727E-01    0.213640846327230842E-01    0.105069365616559574E+01    0.210768366359266907E+00    0.143512660129700009E+01   -0.152122132250269715E+00   -0.512526480430324227E+00   -0.134767131336616308E+01   -0.122858140048151654E+01    0.151810282045630651E+01    0.221108570257872605E+01   -0.442121090347392737E+03
    0.925793119849553045E-43    0.887144068889715300E+03    0.804196850270508579E+00    0.563684342128127833E-01    0.211751762970116379E-01    0.965538811298914612E+00    0.497605447600975248E+00    0.239772740914871818E+01   -0.583589305532541402E+00    0.209355013549497926E+01   -0.379989255924442659E+01   -0.111592364472130612E+01    0.579984193865357378E+00   -0.429667042336524041E+01   -0.447868704868222892E+03
    0.350556890787381056E-42    0.884461154284651911E+03    0.809650336278690874E+00    0.543641858947730219E-01    0.196080651516562302E-01    0.106688178794068111E+01    0.478159676272989165E+00   -0.307033727511230969E+01    0.333309466651598996E+00   -0.164644627168058832E+01   -0.124395404792380737E+01   -0.321259243431768482E+00    0.121443050427956245E+01    0.635709023889871938E+00   -0.441594868118436068E+03
    0.417064020638159749E-42    0.884093720824269894E+03    0.802480984869660130E+00    0.530364032573311453E-01    0.226767128016761507E-01    0.102775764456924046E+01    0.790586183723657854E+00    0.155571518713798174E+01    0.766490622228275242E+00    0.474187804012444813E+00   -0.774688619650305332E+00   -0.104047432795482564E+01    0.612157387907928063E+00    0.151118080705266400E+01   -0.440535679605082294E+03
    0.429484652102523163E-42    0.884015028284821028E+03    0.813000531635402091E+00    0.548251259702517424E-01    0.232881682077109332E-01    0.997578895346117100E+00    0.180811179337006966E+00    0.215796698035834744E+01    0.114759124766010245E+01    0.483052600687869982E+00   -0.170594154852778734E+00   -0.243256320624254840E+01    0.111979964889656025E+01    0.482715388849063509E+00   -0.441524798753561470E+03
    0.471549152349578259E-42    0.883808153610910040E+03    0.819818492188168491E+00    0.573204486739626179E-01    0.227602897371525538E-01    0.980117214244435209E+00    0.285071866772033222E+00    0.193312333331632402E+01   -0.449975335219505723E+00    0.153910755060451321E+00   -0.142781824339067476E+01   -0.227967501148100382E+01    0.117818756429755944E+01    0.174881423488283039E+01   -0.440155262570572177E+03
    0.704392390350531018E-42    0.882985529150638740E+03    0.780483256055444219E+00    0.534721179921734610E-01    0.197005967348708073E-01    0.978153590421390273E+00    0.213207576299635188E+00    0.417229317696025426E+01   -0.252368801787952179E+00    0.121093819187649387E+01   -0.201237423885345379E+01   -0.702421470813305859E+00    0.590725258676912057E+00    0.476846770873402548E+00   -0.441015917804445962E+03
    0.237025613813743669E-41    0.880538693690814057E+03    0.800743445289271438E+00    0.568991802914824846E-01    0.204268686811506922E-01    0.965068363288004383E+00    0.155683836650826385E+00    0.427694332359688545E+01   -0.101542610972273906E+00    0.243815890818268655E+00   -0.147007535996522143E+01   -0.145555976609671234E+01   -0.222485841594561640E+00    0.108337543734366282E+01   -0.439185971408063381E+03
    0.247657300539025354E-41    0.880430938236010093E+03    0.789027439393921171E+00    0.514738739088825212E-01    0.211915657966999516E-01    0.976303924970918335E+00    0.884678178682389849E+00    0.940663852197778816E+00   -0.417154974746836160E+00    0.310367738114791847E+00   -0.575978580978926180E+00   -0.103810576602541005E+01    0.215869648063630848E+01    0.153837994997738581E+01   -0.438677089168027635E+03
    0.272619987293057804E-41    0.880218872436667311E+03    0.815880691904780742E+00    0.560438524015225217E-01    0.235099046946749268E-01    0.975168513415649696E+00    0.112362048410065962E+01    0.308137477317869468E+01    0.116482601025609256E+00   -0.163219656616320152E+00   -0.171019532276318365E+01   -0.871793222196401985E+00    0.650217779999593626E+00    0.183882246195129051E+01   -0.438270613756382375E+03
    0.334546528748324340E-41    0.879789478173147927E+03    0.802427889843995379E+00    0.530739371991322331E-01    0.235110142060303839E-01    0.100159046428863796E+01    0.463480562369040228E+00    0.236429144904091615E+01    0.753701939673874222E+00   -0.957863198038921282E-01   -0.960002604684859540E+00   -0.178146419736435746E+01    0.156650714881152675E+00    0.136392313963008860E+01   -0.438530815946943903E+03
    0.442259144632463679E-41    0.879211238091043015E+03    0.815045940025262317E+00    0.555090510947735816E-01    0.234914756482142717E-01    0.991964198841184031E+00    0.939288971461144984E+00    0.327345140462579387E+01    0.690488163512554820E+00   -0.119348813890383043E+00   -0.327845350922188805E+00   -0.185421020485705412E+01    0.161190706209822587E+01    0.163995350346899516E+01   -0.437965665542052534E+03
    0.625798131285625101E-41    0.878496974421512732E+03    0.786410586443459292E+00    0.522068724562688227E-01    0.212487103515461850E-01    0.963929713541165523E+00    0.106084613993529242E+01    0.242388282050321280E+01   -0.182033150773463603E+01   -0.336933398659766126E-01   -0.175557951516907429E+01    0.143331173470642170E+00    0.317350488916190665E+00   -0.115655757950800497E+01   -0.440405044790264355E+03
    0.738592275191409523E-41    0.878145538024438906E+03    0.799038541874782515E+00    0.522852709554170667E-01    0.234199242093054878E-01    0.997979533163229293E+00    0.587645180771019460E+00    0.202615834401815142E+01    0.572551136129959559E+00   -0.368159745986531506E+00   -0.990676501581901681E+00   -0.172286049098033800E+01    0.682080463360535072E+00    0.193954841883607276E+01   -0.437133220593383385E+03
    0.936519108883964787E-41    0.877650690259231055E+03    0.808930395254691681E+00    0.541553960980169294E-01    0.226260819921297041E-01    0.923668734205550068E+00    0.630347744182527259E+00    0.196744873875961801E+01    0.124310869323494444E+01    0.106126825456954066E+01   -0.711969465497759080E+00   -0.643519268461432148E+00    0.227706871972941594E+00   -0.921060362697094792E-01   -0.438917451165885211E+03
    0.979180444979977652E-41    0.877541598229423357E+03    0.802334061275148946E+00    0.571281524873790414E-01    0.203876537267762767E-01    0.103644880803966410E+01    0.156083396562908788E+00    0.511878081355241221E+01    0.284632781755362885E+00   -0.172753997306926921E+00   -0.100219189258154961E+01   -0.143796215984480114E+01    0.467339036439398336E+00    0.198632551584392414E+01   -0.436784473598867748E+03
    0.116539028130437902E-40    0.877173407481112804E+03    0.813447803675404035E+00    0.529460769880378337E-01    0.235129500225513544E-01    0.108973050989125886E+01    0.689648210736853895E+00   -0.151508170899200323E+00    0.347713752465779180E+00    0.732216411405488543E+00   -0.126789778047054802E+01   -0.134309585097412310E+01    0.286303062759429849E+01    0.583634746241480595E+00   -0.438003068994314901E+03
    0.119361988449027458E-40    0.877105538334594485E+03    0.798780940904855075E+00    0.519921868651676278E-01    0.222326147166407376E-01    0.976531647530326397E+00    0.749613205355344481E+00    0.712886883417214179E+00    0.131616801665700223E+01    0.597723951667603615E+00   -0.692232557186116315E+00   -0.991678265364726030E+00    0.239458714964939867E+00    0.487911985251355373E+00   -0.438064857182045898E+03
    0.177525918655263965E-40    0.876291626688046676E+03    0.816624331655521729E+00    0.565292598844094676E-01    0.217331492457572238E-01    0.957848190969809443E+00    0.535380873489624487E+00    0.614693306738335998E+00    0.578189139656615225E+00    0.217482073832115985E+00   -0.123126133671689764E+01   -0.243664124519114011E+01    0.950980504034078189E+00    0.150602325649767721E+01   -0.436639790087525682E+03
    0.183415327550252977E-40    0.876206353664225617E+03    0.812042884560407074E+00    0.554866252002288313E-01    0.210557808277832617E-01    0.106723108132342204E+01    0.707304616420647125E+00    0.707681747891067303E+00    0.531135657263348548E-01    0.228302406495686283E+00   -0.258131921685844423E+00   -0.320495912545766259E+00    0.663593999357772413E+00    0.114559462572392623E+01   -0.436957582206388906E+03
    0.702775545607269731E-40    0.873499784805656873E+03    0.814316251113817891E+00    0.578809991248821487E-01    0.203975730324972120E-01    0.108059820655230876E+01    0.746014365730487961E+00    0.168293559700632933E+01   -0.351660755137572778E+00   -0.253191011844364711E+00   -0.131386159041198858E+01   -0.122110037505194668E+01    0.150304723814201702E+01    0.222306112630285213E+01   -0.434526831276525570E+03
    0.704186837697506627E-40    0.873475772494935995E+03    0.803761314206673960E+00    0.522608907674155868E-01    0.218045802079569959E-01    0.887162876723570193E+00    0.326076427706623706E+00   -0.169944888795222937E+01    0.405905997354238934E-02    0.396298070089642407E+00   -0.181193046656630918E+01   -0.141722009395266468E+01    0.914233839864666553E-01    0.124984723643501705E+01   -0.435488039011032981E+03
    0.918648014427076110E-40    0.872924053846423021E+03    0.812353831641875690E+00    0.564206595704903058E-01    0.217008977251557482E-01    0.108900404837195675E+01    0.163047534938726812E+00    0.286503851195498527E+01   -0.109516388034762713E+00   -0.543022007308309185E+00   -0.821053407863700846E+00   -0.268178927425424263E+00    0.643976457714643624E+00    0.141076316044424876E+01   -0.435051263762767235E+03
    0.917349433224802609E-40    0.872906883003773942E+03    0.785052088369061041E+00    0.517794189010305078E-01    0.212482209443352228E-01    0.101770145203364626E+01    0.727936121764759303E+00    0.180352122434689388E+01    0.247825902309841695E+00   -0.132095595118130404E+01   -0.145497314912631714E+01   -0.105242999954612060E+01    0.472738977147173722E+00    0.123925537051995116E+01   -0.435214186131367001E+03
    0.101370865141184218E-39    0.872687118292061200E+03    0.799580461556236854E+00    0.516237804232406797E-01    0.228277696082849341E-01    0.106275393205518331E+01    0.426852433519204433E+00   -0.346155121388352249E+00   -0.116019800356411906E+01   -0.209781750248794141E+00   -0.247756191178382323E+01   -0.546334777319543718E+00    0.163051395836077995E+01    0.316259851781477419E+00   -0.436027299294249133E+03
    0.141801762182730783E-39    0.871995829657232662E+03    0.793034192663424231E+00    0.517970706908592940E-01    0.208085444670183771E-01    0.101154075421904110E+01    0.638405405698174389E+00   -0.272704470513717823E+00    0.167075931993736049E+01   -0.297889662089119100E+00   -0.263724628124464067E+00   -0.219192579906462015E+01    0.513254192022714273E+00   -0.901409781998818715E-02   -0.436006928926436331E+03
    0.163002880557629182E-39    0.871697153994189080E+03    0.809635556741732709E+00    0.521639951733599699E-01    0.238662563014483478E-01    0.103923275986633246E+01    0.489925782552332212E+00    0.187668554195280279E+00    0.910169331647239233E+00   -0.198172330011971098E+01   -0.847271084438716349E+00   -0.342953218220145573E+00    0.152652862440504600E+01   -0.305886277341795965E+00   -0.436154463274436353E+03
    0.162470392069033655E-39    0.871683698174722053E+03    0.804442494466236169E+00    0.523050215306576430E-01    0.211699406823852056E-01    0.982686094065916560E+00    0.816792754242375407E+00   -0.323745745593426903E+01    0.671345094929165498E-02   -0.123781904000566101E+01   -0.253575070301735650E+01   -0.126068647439183223E+01   -0.483144544583637758E+00   -0.760129948062642669E+00   -0.436601979035423653E+03
    0.397692214164552311E-39    0.869873332990026142E+03    0.795176774906797723E+00    0.544389613225655308E-01    0.190849555791404307E-01    0.102533288902644371E+01    0.681963415318771915E+00   -0.815780902552845077E-01    0.588304574561107074E+00   -0.150106888603090738E+01   -0.539845802740046343E+00   -0.254464531701501073E+01    0.217161292140986006E+01    0.730374537593763140E-01   -0.434863629041253716E+03
    0.453001920957623266E-39    0.869592897007758438E+03    0.790305324560947486E+00    0.518341968845690282E-01    0.221000480144570334E-01    0.108722709962498509E+01    0.839642456690235184E+00    0.346873645163828570E+01   -0.761045720156516836E+00   -0.154399032643368572E+00   -0.989416539990770394E+00    0.611113144640285100E+00    0.309253036272139292E+00   -0.414457290772024978E+00   -0.435210905794651239E+03
    0.470864550760928646E-39    0.869495548790444332E+03    0.786563107278419049E+00    0.535029112508005750E-01    0.194635821469877970E-01    0.983732368525061296E+00    0.116273675549826083E+01    0.241671732072599355E+01   -0.207067084246546074E+00    0.303567155243627040E+00   -0.144850842904020261E+01   -0.466446496217258755E+00    0.211768314987580197E+01    0.136095798568515391E+01   -0.433386816409537005E+03
    0.546456278147420479E-39    0.869177781137703164E+03    0.791979684826684016E+00    0.531198970708370230E-01    0.206009409019709822E-01    0.999636893225250178E+00    0.700649199223579822E+00    0.118023429747723352E+01   -0.160016586368101343E+00    0.316317291491259367E+00   -0.133118999270550353E+01   -0.203594958833605233E+01    0.203743822043065848E+01    0.168706710415888317E+01   -0.432901823464692711E+03
    0.611491415550623085E-39    0.868932887906392921E+03    0.790579725140895251E+00    0.530164721024926344E-01    0.199607184822363434E-01    0.108100195955002665E+01    0.785522701754219232E+00    0.106012734785357221E+01   -0.381367879884919603E+00   -0.457907102996841731E+00    0.268268987255169344E+00   -0.204787422644699291E+01    0.148527022783923734E+01    0.105347903156582223E+01   -0.433412964921630646E+03
    0.767063562185522222E-39    0.868459550401553315E+03    0.813108403514038458E+00    0.532767859670849123E-01    0.241204150612369522E-01    0.105726215516739463E+01    0.446588823605294172E+00    0.974160838888383118E+00    0.111637386807274197E+01   -0.980338141083620940E+00   -0.102794143850019259E+01   -0.119234566978434486E+01    0.846834694276594968E+00    0.129778475580106534E+01   -0.432931990444975611E+03
    0.100678830616470536E-38    0.867895648443076766E+03    0.780921622822668748E+00    0.518236591347406919E-01    0.204143703136848986E-01    0.976418997599388661E+00    0.739676813078517847E+00    0.176232313378326388E+01    0.199385435484487061E+01   -0.388741943519335054E+00   -0.137320254927203655E+01   -0.217552609041490541E+01   -0.529335878946994631E+00   -0.160664175648951879E+01   -0.435554465978027906E+03
    0.111026910084066500E-38    0.867679974343527647E+03    0.807718531328374567E+00    0.563274574746017234E-01    0.216691865769706553E-01    0.101577086286538143E+01    0.145877127169029175E+00    0.416149882936627336E+01    0.178933774342340257E+00   -0.614343522772741735E-01   -0.152462494249107272E+01   -0.709900149068971587E+00    0.724999154600709739E+00    0.186213819763051336E+01   -0.431977848974133337E+03
    0.110752246934374790E-38    0.867664928159635679E+03    0.811814950480333364E+00    0.569176958101953595E-01    0.200403595040605821E-01    0.105428638073732861E+01    0.915201503847157483E+00    0.153845882326676797E+01    0.110973524254291078E+01   -0.149979937656325946E+00   -0.273377966660745875E+00   -0.907500341467084581E+00    0.782340975421220941E+00    0.115021978306741590E+01   -0.432682244296750412E+03
    0.115907835331253278E-38    0.867553928849169097E+03    0.811128994877941878E+00    0.538216296681716874E-01    0.233893679925289075E-01    0.916025422328872407E+00    0.957526025316179918E+00    0.262726138905327389E+01    0.669693733344729480E+00    0.148469344219393506E-01   -0.327630045738942277E+00    0.379940885976566278E+00   -0.162597455538388891E+00   -0.791965955307458280E+00   -0.434568930379891981E+03
    0.142276026389085641E-38    0.867123981516598974E+03    0.804288598279734646E+00    0.536010253632648453E-01    0.234782241216054469E-01    0.962462421088555731E+00    0.246537044718436488E+00    0.160344228703783287E+01   -0.156356859292827721E-02    0.659204403348213064E-01   -0.249818386281162930E+01   -0.160153731472632899E+01   -0.122213948144803886E+01   -0.175654042571716040E+01   -0.435318531184016649E+03
    0.172660791342125566E-38    0.866716861701694938E+03    0.813655215558877098E+00    0.571626595201319421E-01    0.213098653916396069E-01    0.918847645437135263E+00    0.107746203508880267E+01    0.225955779371329513E+01   -0.973309800144761539E-01   -0.137709252550052952E+01   -0.905652607090132511E+00   -0.158826306650212246E+01    0.113232620061694456E+01    0.158332237027787670E+01   -0.431775108480569600E+03
    0.176637811012586299E-38    0.866651316812474306E+03    0.794449465017574963E+00    0.524591616327538882E-01    0.215559654742073920E-01    0.103719293329248563E+01    0.866663101345942932E+00    0.172461509577667194E+01    0.100436804147079783E+01   -0.531242897397987135E-01   -0.932783872843856221E+00    0.608681526614418544E-02   -0.993208949586232626E+00   -0.170779932147023761E+01   -0.435033457727707400E+03
    0.631205202138071768E-38    0.864084257531444905E+03    0.793439521978862805E+00    0.521348119639836668E-01    0.221560504420061088E-01    0.947908200879932550E+00    0.679960956171588360E+00    0.356847617693551911E+01   -0.296085093835927182E+00    0.132559635907341544E+01   -0.645580262804514637E+00   -0.608976825222953266E+00    0.181567445835639796E+01    0.604603371027820025E+00   -0.431437525394694660E+03
    0.706116128121775357E-38    0.863839960130984991E+03    0.808918242814861022E+00    0.561561330983847903E-01    0.223579933676633820E-01    0.103534448350413544E+01    0.748718690651502428E+00    0.323494057955708669E+01    0.873070453045556860E+00   -0.151012462767880606E+01   -0.158050583118551891E+01   -0.216208682989758927E+01    0.221446015103765825E+00    0.137919521815974999E+00   -0.431782060543676494E+03
    0.158974873280525429E-37    0.862196857047679487E+03    0.802790702491541275E+00    0.511477914778957210E-01    0.218132341551781593E-01    0.949925953862028938E+00    0.396838613944485386E+00   -0.177864739661331317E+01   -0.277083904339860965E+00    0.831510061256039990E+00   -0.192322390643425911E+01    0.181716478444968743E+00    0.214540287150725817E+01   -0.160481554526545445E+00   -0.431258910078366284E+03
    0.187241266484028315E-37    0.861849553407039821E+03    0.798784574571436590E+00    0.521889717191586916E-01    0.227510175066080664E-01    0.987620434638416533E+00    0.109740801952996758E+01    0.356978742115578385E+01    0.558460914852503265E+00    0.102948274396794714E+00    0.488225839523011240E+00   -0.487560781574529756E+00    0.104618962657127690E+01    0.442655615981836892E+00   -0.430482121087538076E+03
    0.266092161484178415E-37    0.861126663926741003E+03    0.805555641093302799E+00    0.549967921705209195E-01    0.213125804021154497E-01    0.954528048665262752E+00    0.117380858980027614E+01    0.137770417784829036E+01    0.278390920424271826E+00   -0.759957626652294493E+00   -0.125395179820429781E+01   -0.135561348441683549E+01    0.844132428234161347E+00    0.204568491393826424E+01   -0.428517647049432242E+03
    0.273040903912590495E-37    0.861055106137493340E+03    0.786272894981260628E+00    0.545729318354533713E-01    0.196488149374411530E-01    0.100784459113160629E+01    0.295894569757209236E+00    0.468841253843706340E+01   -0.657725458908089422E+00   -0.229720210285222437E+00   -0.159547777399552593E+01   -0.131786803492218496E+01    0.751694537658522899E+00    0.188168462587703034E+01   -0.428645868442869642E+03
    0.308957025861014038E-37    0.860787944983094462E+03    0.800226194668654522E+00    0.547197518307498618E-01    0.204593531790873071E-01    0.101215187288964037E+01    0.583983546324893243E+00    0.883094104582996309E+00    0.548421225079209762E+00   -0.854483405261134976E+00   -0.166677785287106395E+01   -0.206992084339503890E+01    0.198673176150009589E+01    0.133135200077791871E+01   -0.429062620490769291E+03
    0.329790885551382203E-37    0.860637431820873303E+03    0.815428647823466690E+00    0.521781362709174967E-01    0.236637125090560368E-01    0.982641020662819664E+00    0.980493748571682477E+00   -0.113254045664210068E+01    0.502127651350292581E-01   -0.597043151698244401E+00   -0.512485454913757854E+00   -0.879188395673509149E+00    0.178324011433119289E+01    0.181809745599157857E+01   -0.428500618454445089E+03
    0.439951863641149248E-37    0.860041018727555411E+03    0.789150800059454371E+00    0.519796578394907116E-01    0.201586454345862622E-01    0.106975562057545948E+01    0.284686661124821438E+00    0.665495805198649037E+00    0.124878014329510734E+01    0.400268792267297668E+00   -0.662937982207267629E+00   -0.169446640348155597E+01    0.189225446478872095E+01    0.106157410168683075E+01   -0.428958935262090847E+03
    0.572079191299348383E-37    0.859495794511530448E+03    0.798154631555506255E+00    0.521183971892137873E-01    0.210515659188761847E-01    0.103952428627679905E+01    0.464874918825352257E+00   -0.269959460573413246E+00    0.206979700477631923E+00   -0.261478054038661811E+00   -0.495077135543624314E+00   -0.423619027238828494E+00    0.772438822367576217E+00    0.154491062295709591E+01   -0.428202986632808120E+03
    0.583871025165247283E-37    0.859434989145543341E+03    0.813709550384699720E+00    0.555450125199400332E-01    0.214938229770858975E-01    0.108776894130197754E+01    0.451501600988468699E+00    0.158933308359525416E+01    0.916719053668657580E-01   -0.134511894369666152E+01    0.116319954304003681E+01   -0.174059875349371396E+01    0.125043195592411416E+01   -0.973598672709447777E+00   -0.430691093245481113E+03
    0.714769407123887782E-37    0.859010429401463057E+03    0.809341840153600889E+00    0.559577750103179491E-01    0.210857494554648472E-01    0.103822121314752036E+01    0.231259731654174933E+00    0.288698301509805333E+01    0.213042384879486235E+01    0.291473805438045075E+00   -0.132071528699157148E+01   -0.262043910107649936E+00    0.124866744742689684E+01   -0.693364130859255967E+00   -0.430198578831590794E+03
    0.991979855423211747E-37    0.858334943767688173E+03    0.795921163848352320E+00    0.521435958036174929E-01    0.217910372426960638E-01    0.104038913255558674E+01    0.242285917721201449E+00    0.262668183582644765E+01    0.319173668336816263E+00    0.688722447658847159E+00    0.704946526478807067E+00   -0.135628549522493813E+01    0.164528381678223945E+01    0.202515871002477921E+00   -0.428964956012841583E+03
    0.156836182700100225E-36    0.857398775505167464E+03    0.806144214812916871E+00    0.510318325584014146E-01    0.227712005097400749E-01    0.966072566570064573E+00    0.920166629747027454E+00   -0.189261000694808423E+01    0.102900272026431594E+01   -0.319868476186684292E+00   -0.117764345188220410E+01   -0.137034644210984879E+01   -0.135340956502431942E+00    0.829598457871531192E+00   -0.427869789294712177E+03
    0.292883867901852281E-36    0.856129626831463838E+03    0.804736804327472743E+00    0.570173649643647140E-01    0.207767534304926643E-01    0.106715208088239510E+01    0.373057968270079532E+00    0.551287174275452507E+01    0.876338184173164336E-01   -0.793974686415594988E+00   -0.132503068420533032E+01   -0.120261578029726479E+01   -0.673413853758118019E-01    0.123083254702394518E+01   -0.426833980868707954E+03
    0.332810875778029774E-36    0.855854030405722256E+03    0.814204218023149906E+00    0.550815665276992855E-01    0.228696861738408204E-01    0.102409114397503465E+01    0.507717788086385013E+00    0.241993782754367004E+01    0.835104989968158407E+00   -0.651074783371541344E+00   -0.484104981813970658E+00   -0.106087331272078700E+01    0.794898409282041252E+00    0.153035741396041036E+01   -0.426396657788900711E+03
    0.120004720144476678E-35    0.853268946842711784E+03    0.816593409218306365E+00    0.585002825973456111E-01    0.202404193880070596E-01    0.970740341798984274E+00    0.127269620777539255E+00    0.286382238795824229E+01    0.186204928238907996E+01   -0.554363750314905701E+00   -0.418402369895147563E+00   -0.136544683958277346E+01   -0.684490008960665142E+00   -0.159142689484974076E+01   -0.428225900316205639E+03
    0.132035434483197702E-35    0.853057868336570323E+03    0.798218665977529329E+00    0.525455873737206772E-01    0.218443954028048198E-01    0.102951446152403037E+01    0.889312063140069164E+00   -0.929970661658412467E-01    0.326147443896616096E+00   -0.119742889446911249E+01   -0.251951503308305291E+01   -0.118364170640120392E+01    0.826067071182026158E-01    0.672537441030964800E-01   -0.426461680424182077E+03
    0.157850623696738806E-35    0.852680710663413151E+03    0.816519233680875312E+00    0.557459253760061862E-01    0.204708846778961714E-01    0.102003650784605915E+01    0.514454707565465075E+00   -0.659878299896297094E+00    0.551948805624533634E+00   -0.118031525216224509E+01   -0.309910429310775504E+00   -0.461625538331418284E+00    0.752877268085967666E+00    0.813293420045926307E+00   -0.425527061911660667E+03
    0.235435190181162054E-35    0.851861137646498264E+03    0.811441702049962466E+00    0.557528360030240741E-01    0.222602183904480229E-01    0.100263405834750241E+01    0.955855609929761929E+00    0.251358201226605438E+01    0.185442884282906562E+01   -0.529564042096807852E-01   -0.269895566008585774E+01   -0.966266071726522568E+00    0.824112449573704220E+00   -0.827405000970842464E+00   -0.426757973824219960E+03
    0.755631161318595464E-35    0.849508902245257786E+03    0.815337686090537028E+00    0.520454153214245513E-01    0.238117114610512728E-01    0.101287361183880709E+01    0.121590263821618239E+01   -0.102495546029738982E+01   -0.540135291299748133E+00   -0.177442118902831680E+01   -0.848235406880348597E+00    0.233602791398652698E+00    0.159042283538269680E+01   -0.477019399006403555E+00   -0.425231470521635288E+03
    0.995893862978431413E-35    0.848936727618539976E+03    0.813702752054326739E+00    0.529262720569463746E-01    0.215877844749332894E-01    0.988180757953617483E+00    0.586476999905526153E+00   -0.340616887886369879E+01   -0.245785723188873817E-01   -0.137634220604127222E+01   -0.152232347505673693E+01   -0.292626651718933317E+01    0.109513603247819469E+01    0.365188769359526710E+00   -0.424103175039910468E+03
    0.104647723271799426E-34    0.848817639423793594E+03    0.815311779834507311E+00    0.528819007459811682E-01    0.231348884891403594E-01    0.947068617062689189E+00    0.111705637946411418E+01    0.554730070793727492E-01    0.159879173698868726E+01    0.796969454548843714E+00   -0.466105288950302343E+00   -0.917884327703859526E+00    0.810325932658315873E+00    0.170969326607448346E+00   -0.424237850385289335E+03
    0.113028064451881634E-34    0.848643566518099533E+03    0.800522628163857997E+00    0.537137088623932529E-01    0.209358815153443158E-01    0.888021564970046917E+00    0.116767519007738851E+01    0.133927649417472239E+01    0.387724552896315799E+00   -0.317200256791920709E+00   -0.109084703819121365E+01   -0.229300641473173528E+00    0.507738892732732205E+00    0.130095957141289054E+01   -0.423020823687636891E+03
    0.148287248546347434E-34    0.848080536287277823E+03    0.776732683636742749E+00    0.518530956566218976E-01    0.200266569903779224E-01    0.969610575232433658E+00    0.826139328310926624E+00    0.325185599605233833E+01    0.210978393264781516E+01   -0.102385365607347012E+01   -0.182928520877908318E+01   -0.152540215976955551E+01   -0.109912088697683208E+00   -0.144144175890654469E+01   -0.425481709902545447E+03
    0.147102595961825836E-34    0.848076578259713642E+03    0.816089710668138735E+00    0.537094643002501634E-01    0.195712222510099933E-01    0.105561084774314051E+01    0.106259058541778217E+01   -0.412774677272849111E+01    0.330500129160782308E+00    0.254190434803831578E+00   -0.139670882662471718E+01   -0.117149273278869259E+01    0.172510181320035394E+01    0.203049700924954157E+01   -0.422007792120607292E+03
    0.218815165811481861E-34    0.847262384046362058E+03    0.782939660502067536E+00    0.517816409925101265E-01    0.198555925352979848E-01    0.107685710589592265E+01    0.236000995482938070E+00    0.252241721543640374E+01    0.480162255042841934E+00    0.186714846437325888E+00   -0.385013898309125357E+00   -0.464897920265912035E+00    0.108686617234411664E+01    0.145763490515298400E+01   -0.422173557118028043E+03
    0.245297302313526474E-34    0.847013896902405008E+03    0.808054132735337105E+00    0.531384839791162189E-01    0.216250617203004904E-01    0.107500667060840960E+01    0.212670458491425796E+00   -0.836059875546970588E+00   -0.140054857655513842E+00    0.127827268617011269E+00   -0.577231842554510655E+00   -0.214300072059700142E+01    0.107382457117068975E+01    0.185429075975312552E+01   -0.421652657691449406E+03
    0.260106159138608735E-34    0.846876659105692738E+03    0.793444150637760193E+00    0.544393186521213296E-01    0.198835400013530235E-01    0.941223104813693312E+00    0.799740147876220275E+00    0.262032528928719444E+01    0.120336400691826384E+01    0.579449156886084893E+00   -0.305617818214045656E+01    0.181137521747132269E-01    0.774258483614858273E+00   -0.167411444289689415E+01   -0.425112443995743263E+03
    0.303299666575766406E-34    0.846549396179070527E+03    0.811542467500618869E+00    0.539951175727083066E-01    0.219565027048718442E-01    0.106889295070212631E+01    0.387633223743006683E+00   -0.140864769362058162E+00    0.129661301349415226E+00   -0.187317922458419162E+01   -0.426498196601414525E+00   -0.161090785150122429E+01    0.193300834403203248E+01    0.431578776111387175E+00   -0.422843119313423870E+03
    0.314740754798421503E-34    0.846455340211145767E+03    0.815926241044568235E+00    0.530547606393210885E-01    0.233045363049853710E-01    0.106092732874929818E+01    0.558901385611413226E+00   -0.107196795489915253E+01    0.580800862175010479E+00   -0.530677112207058599E+00   -0.935182215906706693E+00   -0.280910980549947453E+01    0.114782010318435845E+01    0.109993177226134309E+01   -0.422127738333311527E+03
    0.491178249700381213E-34    0.845545224617961935E+03    0.805159441871401649E+00    0.538096024928116159E-01    0.205987528566337931E-01    0.100537432683545469E+01    0.692118900601378373E+00   -0.386017213071671250E+00    0.196974448669948288E+01   -0.165944711703218672E+01   -0.117048247528827920E+00   -0.196001823173787670E+01    0.125135801689566728E+00   -0.198336109978764141E+01   -0.424755973408768625E+03
    0.639200501949002201E-34    0.844998402450357844E+03    0.809702175189357054E+00    0.573301686583179218E-01    0.198820101466719509E-01    0.980216433509888740E+00    0.114242088022423260E+01    0.187835752665616429E+01   -0.196609363412107996E+00   -0.362970832487690076E+00   -0.248115437293904506E+01   -0.543836088426132847E+00    0.118057016246098123E+01    0.101001242738506591E+01   -0.421489188797793872E+03
    0.868641146851356052E-34    0.844364978628934978E+03    0.812573143617919325E+00    0.577945288781802555E-01    0.201570361729861980E-01    0.101710326234953707E+01    0.227053140173561319E+00    0.224820001327614882E+01   -0.339572666595131523E+00   -0.223510689069144008E+00   -0.993723784118855979E+00   -0.192786673426894595E+01    0.474135055959550522E+00    0.183170748376215631E+01   -0.420350781830705330E+03
    0.963534417049964806E-34    0.844137622393659512E+03    0.813468692791044168E+00    0.551866397635405945E-01    0.202167861935525599E-01    0.107300890579301589E+01    0.827548387214674164E+00   -0.755629095637230463E+00    0.514023144531847720E+00    0.163719484306739160E+00   -0.848939623898558926E+00   -0.120821294397160273E+01    0.197956295644530678E+01    0.185338636886060715E+01   -0.420215424827969173E+03
    0.156090022231287800E-33    0.843152802811034348E+03    0.819174958232069428E+00    0.564685290659113215E-01    0.214927836844067688E-01    0.998181081872397069E+00    0.452518323533841027E+00    0.431252018090004796E+00    0.128486488267753884E-01   -0.120555563802213328E+01   -0.127597215403397946E+01   -0.140821328206698126E+01    0.160457430332030548E+01    0.175527739964871055E+01   -0.419821124005868455E+03
    0.161652089402687051E-33    0.843062775764705520E+03    0.798415825612595942E+00    0.543022436105453296E-01    0.202678361397120865E-01    0.108865852617990311E+01    0.113229294242069134E+01    0.196535358769944590E+01    0.125182539967568118E+01   -0.756240627209763261E+00   -0.112238558594867732E+01   -0.746963452792215321E+00    0.997304922594821841E+00    0.115686608125053136E+01   -0.420374521801102219E+03
    0.219234434197313825E-33    0.842433385357721704E+03    0.819257009718501350E+00    0.558105074528084111E-01    0.222070321816680329E-01    0.105844831778911064E+01    0.453195776450928900E+00    0.144795097290975860E+01    0.807402549052085305E+00    0.469535753916262011E-01    0.628623812350497468E+00   -0.297321259381419623E+01    0.773420466729249023E+00   -0.877806850868031896E+00   -0.422094499529728864E+03
    0.434477450633918718E-33    0.841045380531660044E+03    0.800612998130159070E+00    0.529910611419714891E-01    0.192655159853535457E-01    0.108215521147802129E+01    0.471343356302502903E+00   -0.264210809819902881E+01   -0.967177047415361812E+00   -0.861736014941243411E+00   -0.908099648901270262E+00   -0.192080744688723826E+01    0.127106498911985022E+01    0.149367961326804588E+01   -0.419029010652561965E+03
    0.659668308313669858E-33    0.840190194332762758E+03    0.818042450301248003E+00    0.549171732900628415E-01    0.226823852155239175E-01    0.107436668725783324E+01    0.392463573190325099E+00    0.988975002604908227E+00    0.991935908178902537E+00   -0.164018981642016115E+01   -0.302988709826194968E+00   -0.158343419038033062E+01    0.178575074114291987E+01    0.316169214718988734E+00   -0.419778927951662411E+03
    0.818086709396858322E-33    0.839739731958441894E+03    0.817023440684924718E+00    0.516955431199463550E-01    0.241227825530380170E-01    0.109497513774089583E+01    0.115838087786265809E+01   -0.122402205444910273E+01   -0.504467470719873745E+00   -0.879901962036910290E-01   -0.102148655203450267E+01   -0.478205352238774140E+00    0.120205869886945060E+01    0.179400964002552699E+01   -0.418075856339195411E+03
    0.913487427993991767E-33    0.839499129397297793E+03    0.815040352328471496E+00    0.542666940752070046E-01    0.212652463640155970E-01    0.104583366848643755E+01    0.474217817344453896E+00   -0.152611382884878743E+01    0.140379576866394018E+01   -0.668608035749684859E+00   -0.109754480815467992E+01   -0.217728203016690713E+01    0.408318133630700908E+00    0.574518956675885484E+00   -0.419175045741973008E+03
    0.968683420318623173E-33    0.839361792922041786E+03    0.798349610171383284E+00    0.516357298414491794E-01    0.211764015891231505E-01    0.940601104418852807E+00    0.526456476088525194E+00   -0.186892818190203336E+01   -0.489192979006247697E+00   -0.202758203633834455E+01   -0.230126057769098225E+01    0.202025711894293636E-01   -0.908802665120447051E+00   -0.354651344964644544E+01   -0.423227409910667348E+03
    0.112897965776862355E-32    0.839035529531691850E+03    0.791532891408363359E+00    0.521132929895826019E-01    0.217038681574169279E-01    0.893838843379961889E+00    0.940390841663427013E+00    0.337002092347243831E+01    0.189801790019714645E+01   -0.700138075272889182E+00   -0.599888260541092455E+00   -0.134477857438128012E+01    0.891264113923853296E+00    0.214537607578625167E+00   -0.419303227158267305E+03
    0.182722765268445576E-32    0.838052558317308240E+03    0.796445196925295473E+00    0.541579906356098040E-01    0.204900169460667109E-01    0.102678667490106545E+01    0.883915855611529300E+00    0.310886447483090045E+01    0.753079971502756962E-01    0.254003690121180681E+00   -0.140418904207649553E+01    0.186212607028437560E+00   -0.316934057187836293E+00   -0.290364585278994003E+00   -0.419316643743933128E+03
    0.249168387069883387E-32    0.837412240595436629E+03    0.803511941143914887E+00    0.542443909547689826E-01    0.213802478563771756E-01    0.100492521938243295E+01    0.537943646666086850E+00    0.149897665395393886E+01    0.755150366998122990E+00   -0.257650956222050753E+00   -0.183401140140290386E+01   -0.132626580070450473E+01    0.772996403528623199E+00    0.167817715618402663E+01   -0.417027943141534308E+03
    0.449541358501125410E-32    0.836212042718453745E+03    0.807042141913324684E+00    0.557598241652532828E-01    0.190226088061706024E-01    0.991448171519647037E+00    0.110267931180725554E+01   -0.193115260481268258E+00    0.268301741053846854E+00   -0.372400424467969005E+00   -0.116350221408652010E+01   -0.148976275052177698E+01    0.242484161867309922E+01    0.161888560187313679E+01   -0.416487135757353713E+03
    0.463382964516984544E-32    0.836131390739074050E+03    0.796304907962595010E+00    0.517351371999196230E-01    0.209719822436738902E-01    0.961475351272795598E+00    0.263820668016678805E+00    0.215555144272569166E+00    0.178016137508279826E+01    0.887240917847976207E-01   -0.481183661453314704E+00   -0.194297151818886960E+01    0.154145621804559618E+01    0.344814888399401664E+00   -0.417720880481137613E+03
    0.556398648691124705E-32    0.835745528375075196E+03    0.800601318104499193E+00    0.517230149586367441E-01    0.218192773857893985E-01    0.101399117202728895E+01    0.310376489247320364E+00   -0.104948367596720971E+01    0.246708445496324202E+00    0.250417015819266509E+00   -0.316285934266375079E+01   -0.491529572760782685E+00   -0.111235125970096993E+00   -0.123401645876951749E+01   -0.419106780646307129E+03
    0.255404125296945138E-31    0.832677634060318724E+03    0.805471553095472026E+00    0.510653273378582073E-01    0.225207047567009197E-01    0.100103611967976103E+01    0.252232378898050169E+00    0.371626730379357006E+00    0.149655200909478481E+01    0.857949875887698554E-01    0.721993916600922825E+00   -0.127729081290226532E+00    0.837932189277808215E+00   -0.137597274573165596E+01   -0.417714789775891006E+03
    0.339356391679810605E-31    0.832089226535773150E+03    0.802419851464850176E+00    0.522299652081447685E-01    0.223958400299416951E-01    0.934830313219064180E+00    0.433891864383888937E+00    0.720303750555686406E-01   -0.190242336908568177E+00   -0.260905415062779811E+00   -0.256890073767294780E+01   -0.112051351383911424E+01    0.136860109479926018E+01    0.122321089713507547E+01   -0.414821402370751514E+03
    0.466351398520111272E-31    0.831433449403786653E+03    0.814736280420280012E+00    0.547964645123074912E-01    0.211388380320860804E-01    0.973846840377158407E+00    0.551385999894779322E+00   -0.381643419942227169E+00   -0.690056774318463795E+00   -0.347304125594973756E+00   -0.844113080751185185E+00   -0.553376362717017400E+00    0.971176607278039450E+00    0.166713619797287360E+01   -0.414049588503920461E+03
    0.482607506774523693E-31    0.831344920835994799E+03    0.808151818640306385E+00    0.518451614906898714E-01    0.220801255484039879E-01    0.994797922293827908E+00    0.110031580996903489E+01   -0.116916332886771279E+01    0.685017944521177924E+00    0.744711565188254099E+00   -0.162512261661163371E+01   -0.109729885251567794E+01    0.212403387379822561E+01    0.114267911537988698E+01   -0.414529781302617494E+03
    0.738491038912629258E-31    0.830474110316402971E+03    0.816695563002720393E+00    0.534013224734030262E-01    0.221333055783072413E-01    0.100075064382302625E+01    0.954274853312124027E+00   -0.677700716392455327E+00   -0.779808275353843783E-01    0.408701202180736856E+00   -0.345821860813657400E+00   -0.145427904810617292E+01    0.337617128215583762E+01   -0.347444368590271502E+00   -0.415584499526791774E+03
    0.104001808882623960E-30    0.829769341481678339E+03    0.812542704179439634E+00    0.567313074104779450E-01    0.222679531738381245E-01    0.100369172334388157E+01    0.768197684463403418E+00    0.365166667136233336E+01    0.161527836206687425E+00    0.302131167728703132E+00   -0.120697650828674319E+01   -0.423753013544569512E+01    0.114000592947263635E+01   -0.183052315107687980E+01   -0.416715193891916044E+03
    0.186730778524869410E-30    0.828578822280909435E+03    0.794397560607984721E+00    0.521144854350876416E-01    0.214037371770047710E-01    0.993639343141337283E+00    0.103294057189451238E+01    0.229552129823181872E+01   -0.127300732400499328E+00    0.338108077309016208E+00   -0.936922293952875185E+00   -0.323606736969850317E-02    0.241195533170639687E+00    0.701324600746076499E+00   -0.413588086539708627E+03
    0.220910925065341032E-30    0.828222638933329449E+03    0.815540355271969553E+00    0.579190015028920591E-01    0.206241010110904746E-01    0.911110610966918921E+00    0.828739851664271110E+00    0.208772560118415917E+01    0.178952836696453232E+00   -0.997930323811715425E+00   -0.258437947425250059E+01   -0.152853588398897955E+01    0.115790912192892415E+01    0.900485901194756133E+00   -0.413210833565469954E+03
    0.296558502146155359E-30    0.827613669049726468E+03    0.812074301892837913E+00    0.517596017824521401E-01    0.232889473123388431E-01    0.106429058785312569E+01    0.998861461849151810E+00   -0.828692323273125808E+00   -0.211238224293310850E+00   -0.271853307691571844E+00   -0.117199045446909600E+01   -0.833095999379338537E+00    0.173887650596384469E+01    0.205322621025289287E+01   -0.411753608314610346E+03
    0.373167438038315118E-30    0.827134103636931968E+03    0.814294371638591752E+00    0.570176177451093488E-01    0.197378601861807092E-01    0.108664022927568671E+01    0.822835256002721227E+00    0.118936783852970329E+01    0.175795815902120012E+00    0.448423595491931892E-01   -0.501935614489638970E+00   -0.194565875450848580E+01    0.204282331828949282E+01    0.167179039055846013E+01   -0.411895261427907542E+03
    0.509515118700807745E-30    0.826491239014211487E+03    0.791089481403840722E+00    0.550128087811969438E-01    0.192157960690189297E-01    0.109637623003446683E+01    0.492653162071456374E+00    0.423014063327799050E+01    0.103092468321960951E+01    0.129156696287964279E+00   -0.198617525930444550E+01   -0.934973692900484821E+00    0.844868874220310540E+00    0.119432293343835516E+01   -0.412051296573667400E+03
    0.650869230428452629E-30    0.825981540571637652E+03    0.801053912453705053E+00    0.551650075189936626E-01    0.208423802439197843E-01    0.100682477070529575E+01    0.854585750382335863E+00    0.459254218803088676E+01    0.901405925197877878E+00   -0.459868461404084827E+00   -0.935914984025884911E+00   -0.120765116215920898E+01    0.543116965051240408E+00    0.161332281998430416E+01   -0.411377447465834507E+03
    0.669899110002176643E-30    0.825903903827942713E+03    0.802903663738101514E+00    0.540023788972961924E-01    0.195295752066412809E-01    0.108384103004510046E+01    0.643920692401889982E+00   -0.104217263747526179E+01    0.261701754230898587E+00   -0.121557523135265910E+01   -0.144791117238923994E+01   -0.140316263967747545E+01    0.171540765641680104E+01    0.162375741656168904E+01   -0.411328194497409640E+03
    0.716427356083767819E-30    0.825749604355971314E+03    0.812694496272391875E+00    0.548997379993601264E-01    0.200223093872359433E-01    0.986828567078622876E+00    0.201727762477109274E+00   -0.705805856224199779E+00    0.985378589379024561E+00    0.424762449111995066E+00   -0.337596157065717994E+00   -0.205491880582826525E+01    0.995947882303198861E+00    0.113052875931341212E+01   -0.411744273418672265E+03
    0.738435058265374637E-30    0.825669091744357843E+03    0.814525900970873962E+00    0.553753812164414216E-01    0.220412024175157054E-01    0.963706824987251354E+00    0.112822994541989718E+01    0.138155365914165174E+01    0.723844916811913208E+00   -0.598932722733707124E+00   -0.938789315310941452E+00   -0.248969518063290707E+01    0.115325698975198088E+01    0.138234491748610644E+01   -0.411452200954692842E+03
    0.841978943699498654E-30    0.825386648052969122E+03    0.810796131039054124E+00    0.528576709678042350E-01    0.214939604155392136E-01    0.911012103314179256E+00    0.108653038956525316E+01   -0.303696481763505943E+00    0.281224491341276917E+01    0.284320039091881027E+00   -0.718736713480438771E+00   -0.112324227572230484E+01    0.184919011283113854E+01   -0.199499765155931796E+01   -0.414688321678043906E+03
    0.894187036960423983E-30    0.825246328132075519E+03    0.786955792189395265E+00    0.529415228165434903E-01    0.199618577233413551E-01    0.968312934578857587E+00    0.855906459280065701E+00    0.269889723020224537E+01   -0.843728831501948662E+00    0.835065543832342883E+00   -0.210761425790337853E+01   -0.392714751513949523E+00   -0.347704618053512382E+00   -0.820713722888384734E+00   -0.413443877788926159E+03
    0.118393822735837019E-29    0.824664954783375492E+03    0.797220126640887927E+00    0.548057255908561206E-01    0.202078010263792331E-01    0.957268435060047773E+00    0.856239484022690789E+00    0.359950880635117798E+01    0.148188470208765466E+01   -0.756779123374826668E+00   -0.935922651711962095E+00   -0.140798691424265598E+01    0.208191163036417715E+00    0.514322913240802926E+00   -0.411818154478446957E+03
    0.161766683017891622E-29    0.824020677742230532E+03    0.811645656311875685E+00    0.566030115194170735E-01    0.206937772197163458E-01    0.877583075148730907E+00    0.117504534132608041E+01    0.305996265947762680E+01    0.509762225461827256E+00   -0.630050426328807589E+00   -0.569090432753682540E+00   -0.146032263336223878E+01    0.115059439783294715E+01    0.196601176831055291E+01   -0.410044327102804687E+03
    0.164672538806875572E-29    0.823965070102565733E+03    0.784271087644078380E+00    0.522057095506298224E-01    0.204976808823454683E-01    0.108755774831744900E+01    0.617200705509759251E+00    0.418640840011834747E+01   -0.165857256196204617E+00   -0.337262988520023954E+00   -0.875990726564168432E+00   -0.140771608562886286E+01    0.114271500715517527E+01    0.229083189365663875E+01   -0.409691703157626250E+03
    0.198002258237271929E-29    0.823576431008138229E+03    0.818792619089866891E+00    0.555739591969614879E-01    0.206726618417091869E-01    0.103910718231501709E+01    0.721486873843883103E+00   -0.432891291259798194E+00    0.611050145849958426E+00   -0.506014005308088599E+00   -0.977459797364872207E+00   -0.681881741012375642E+00    0.219714063921514935E+01    0.141472954220398783E+01   -0.410373485961865129E+03
    0.218635058486574747E-29    0.823358179999427534E+03    0.807000052412813029E+00    0.526792534734695783E-01    0.225221536887310544E-01    0.108144983196862698E+01    0.340977949381751078E+00    0.128963635800151799E+01    0.782022504866972668E+00   -0.329912047697007382E+00   -0.305377759922293768E+00   -0.725734961500847930E+00   -0.109998099886752021E+00    0.541889892472660062E+00   -0.411137200107241085E+03
    0.471539309940464044E-29    0.821800982938498123E+03    0.789554601728377325E+00    0.536427920331646740E-01    0.197467215168203453E-01    0.946856124337385419E+00    0.336441479807528920E+00    0.297619218655047568E+01    0.111405009753298145E+00    0.449785746958468791E+00   -0.274378630542400970E+01   -0.976017761514640370E+00    0.257923217255324744E+01   -0.139422774702592900E+00   -0.411039914243951671E+03
    0.801167821925390831E-29    0.820720846998603974E+03    0.787437493408409628E+00    0.537838160432938389E-01    0.193563867701471333E-01    0.922742498999723382E+00    0.563660736824990960E+00    0.366759203398022038E+01    0.101637158301741692E+01    0.813104202319436808E+00   -0.224170702134074418E+01   -0.984512609687726581E+00    0.154869858634015167E+01    0.576233134603476138E+00   -0.409784190364698532E+03
    0.106407612303722453E-28    0.820133263456774102E+03    0.797630417150076876E+00    0.527991576938110496E-01    0.203304407830108419E-01    0.931958407131455058E+00    0.618460833549222877E+00    0.140743667464639799E+01    0.261626138008409725E+01    0.676520771047535163E+00   -0.605553650212868666E+00   -0.978468451802427808E+00    0.236544412647390567E+00   -0.218119241531078334E+01   -0.412247824143697812E+03
    0.107420872690219557E-28    0.820094308676809192E+03    0.813890271625641759E+00    0.555615398688207654E-01    0.205569205067056733E-01    0.990285654361396261E+00    0.384441367361749831E+00    0.172346235435751005E+00    0.174921692176894794E+00    0.732988559697105302E+00   -0.130786892311903080E+01   -0.190995286359452621E+01    0.118680283061053182E+01    0.176352507563896710E+01   -0.408283629262765601E+03
    0.135704914320600306E-28    0.819606852132325571E+03    0.807010095380963133E+00    0.525454520933749114E-01    0.224337619675344102E-01    0.100692023801876163E+01    0.765961800103870383E+00    0.156365426600126867E+01    0.843838278325392821E+00   -0.147799764284968660E+01    0.295475280478285862E+00   -0.267664582236193382E-01   -0.135691715084931053E+00   -0.175008039920983061E+01   -0.411553506465372607E+03
    0.239867665853689796E-28    0.818447642935900490E+03    0.806928204652131997E+00    0.517009775536963201E-01    0.211154757018166932E-01    0.101196113036713253E+01    0.361042265100877890E+00   -0.269447841165312818E+01    0.582282168423944313E+00   -0.958935640038589554E+00   -0.152360259261627085E+01   -0.126375359068674697E+01    0.307235260462448645E+00    0.132681189605273442E+01   -0.407897009571897513E+03
    0.257430856443560984E-28    0.818286315363125823E+03    0.813538020846777732E+00    0.571713861317280705E-01    0.209752953007945470E-01    0.100310942610746001E+01    0.447926580523052009E+00    0.359697421538329998E+01    0.156437684813340638E+01   -0.106204888497927641E+01   -0.126075242982210489E+01   -0.180545142103596845E+01    0.108721758321166839E+01    0.628570442072157620E+00   -0.408514587239490766E+03
    0.337678866820164490E-28    0.817723627002509716E+03    0.801289117340123536E+00    0.510734823256287288E-01    0.231006370534895325E-01    0.105115586661046567E+01    0.117461602142640231E+00    0.944294164038401718E+00   -0.188845585387298343E-01   -0.313571970892780827E+00   -0.107681509903727579E+01   -0.120321823375093118E+01    0.147155372677048057E+01    0.230249415855613693E+01   -0.406559319342698700E+03
    0.458947794857147689E-28    0.817089944760091953E+03    0.794558580061362041E+00    0.536488121074940039E-01    0.206890184357326062E-01    0.100315904276143963E+01    0.476772884903814531E+00    0.281877198089231840E+01    0.118245139333339466E-02   -0.656310262783108556E+00   -0.116559500302741958E+01   -0.177421762168819441E+01    0.448170620246628681E+00    0.183171895400158768E+01   -0.406713253426044389E+03
    0.646119479243718300E-28    0.816385848815745362E+03    0.786269941900385350E+00    0.537717865320529384E-01    0.193285003595116099E-01    0.104284396901267029E+01    0.506465658404050778E+00    0.482247639498448244E+01   -0.171845131093164127E+01    0.782241195906868692E-02   -0.119769590777309509E+01   -0.603985443327701432E+00    0.152581619423699744E+00   -0.780659345810854610E-01   -0.408270990342453786E+03
    0.770779077679181319E-28    0.816013014108831044E+03    0.807480432104699553E+00    0.520204122282558537E-01    0.221857799980755763E-01    0.107237910736183517E+01    0.496661666191772544E+00    0.295470372216584565E+00    0.353297750133378941E+00    0.551611665767950399E+00   -0.223642037974511876E-01   -0.964330419354837431E+00    0.843511212300427582E+00    0.124792316629543953E+01   -0.406758583888120086E+03
    0.984811694437386537E-28    0.815502916794414318E+03    0.795751367450142855E+00    0.523113180311755438E-01    0.217276278184705303E-01    0.955298007412121453E+00    0.868293082590982701E+00    0.368976860853200250E+01   -0.537441921520667165E+00   -0.794545885152047049E+00    0.219339324881957731E+00   -0.113147218726339815E+01    0.952498980758491820E+00    0.105196849435249584E+01   -0.406699489902854680E+03
    0.131819107837455941E-27    0.814899786332767803E+03    0.818073793190428500E+00    0.523416592821351612E-01    0.230528863372988224E-01    0.109580556434913445E+01    0.921807261701108827E+00   -0.197413276470943888E+01   -0.219053916092661893E+00    0.808697413538084775E-01   -0.204368770886162565E+01   -0.112881875036805468E+01    0.941999352625089381E+00    0.176997560177920876E+01   -0.405679917564604693E+03
    0.136170550520542083E-27    0.814814831211858859E+03    0.808438500974142937E+00    0.563469076102884464E-01    0.218349648815009262E-01    0.102770143630454580E+01    0.394260003694666850E+00    0.469888288238209562E+01    0.302604747913619576E+00   -0.720165883884646973E+00   -0.150428076629282237E+01   -0.295668015329624723E+01    0.454516461285266127E+00    0.535005461244893121E+00   -0.406872410144684522E+03
    0.155358351511946716E-27    0.814531178720450043E+03    0.811486979943906728E+00    0.548322082055536994E-01    0.205199667693788598E-01    0.109230231418786272E+01    0.449717206219011012E+00   -0.585680786584665825E+00    0.302053608974119925E+00   -0.238215020002712663E+01   -0.116981653304378574E+01   -0.158058091880434404E+01    0.181442166969304730E+01   -0.286357427630760886E+00   -0.407551946787855798E+03
    0.174846703228004762E-27    0.814274828290952200E+03    0.801352649652910420E+00    0.517000631085590204E-01    0.226217627863336858E-01    0.107950593730541411E+01    0.267448085940307667E+00    0.112090958804774488E+00    0.271123036906146808E+00   -0.106806933281291094E+01   -0.207339998815200488E+01   -0.154174331258559505E+01    0.534430800018983465E-01    0.712761593488324907E+00   -0.406424652551987776E+03
    0.279272354435603180E-27    0.813318272535019446E+03    0.810093350586206573E+00    0.533399167677796257E-01    0.206502893305858665E-01    0.996903224887452977E+00    0.621686448738233088E+00   -0.159102068612186365E+01    0.448866548737214544E+00    0.171700298820951558E+00   -0.188960487183180681E+01   -0.902987480347974270E+00    0.663728663924985307E+00    0.158310011103143111E+01   -0.405076036156478267E+03
    0.350272404355752209E-27    0.812845225208046941E+03    0.788481302073516410E+00    0.530126069651676371E-01    0.198871265477513458E-01    0.989399536966289017E+00    0.589700103958084920E+00    0.438349301992371920E+01    0.726739617506382274E+00    0.438923869734253513E+00   -0.115414260540887859E+01   -0.850616734271625319E-01    0.941620465488313352E+00    0.984274404196412989E+00   -0.405438338199827058E+03
    0.348672171254297584E-27    0.812834383221161829E+03    0.799304102925325499E+00    0.511119954374587154E-01    0.197702174934034532E-01    0.105666914412154322E+01    0.773376244045843597E+00   -0.272444690488666641E+01    0.105217000115089832E+00    0.547380935207684161E+00   -0.685742594163229802E+00   -0.279700545223363406E+01    0.229840332256685542E+01    0.474160365605263534E+00   -0.405943031244975657E+03
    0.216995018537516507E-26    0.809177695194230978E+03    0.805145552285115529E+00    0.541780695339037291E-01    0.208246337159315835E-01    0.108798903623291010E+01    0.457244600721847916E+00    0.255398100338278056E+01    0.790962246986737227E+00   -0.807701330592180966E+00   -0.864461631773565164E+00    0.272044578601935427E+00    0.162993845656615144E+01    0.356291784183779048E+00   -0.404232555812931707E+03
    0.658426021647749248E-15    0.756300867600553033E+03    0.816437417530384901E+00    0.542430944925452393E-01    0.195435682981603097E-01    0.106186477771479693E+01    0.688056299213074651E+00   -0.616636756368540873E+00    0.139485960837305356E+01   -0.774690320953368428E+00   -0.399007546376423994E+00    0.539357414000960489E+00    0.108982415832201718E+01   -0.936285388645960670E+00   -0.379086719188922473E+03
    0.144328586110136922E-17    0.768546727218592309E+03    0.807889015804664545E+00    0.539797696145418310E-01    0.207729690714564541E-01    0.103289364207106793E+01    0.802170173482300464E+00    0.208068296675756059E+01    0.710300555882668050E+00   -0.962979413369566828E+00   -0.618697505373120071E+00   -0.727668799478351502E+00    0.125619248827774777E+01    0.145033043469506495E+01   -0.382823033174601107E+03
    0.241575428380122137E-06    0.716859676754598809E+03    0.808140212923101009E+00    0.520275046268180719E-01    0.194734593211074135E-01    0.108296115634490531E+01    0.320965344989231238E+00   -0.457536214302189492E+00    0.949246499498030971E+00   -0.638396504098181494E-01    0.266513255343170608E+00   -0.393359348278181642E+00    0.816245702686728913E+00    0.344608787845258169E+00   -0.358085229589454173E+03
    0.809199261997687444E-27    0.811150523788119472E+03    0.803140701746333896E+00    0.511504591732621292E-01    0.219693556876248836E-01    0.106616279934482105E+01    0.490345119882594105E+00    0.228129065291690303E+00    0.266879913777984257E+00    0.778224783665564246E+00    0.425738334153038744E+00   -0.122032788626142974E+01    0.726269670477677431E+00    0.516448088230746283E+00   -0.405058813805829004E+03
    0.122931792629708694E-26    0.810314184648493892E+03    0.809963506037422620E+00    0.522461977419081958E-01    0.215334377320094035E-01    0.998641337215351310E+00    0.992876347621177602E+00   -0.153779729351595051E+01    0.194958942469725116E+01    0.142673815124680969E+00   -0.196710016957808853E+01   -0.153833066898528159E+01    0.116584364670302443E+01    0.164030847198647356E-01   -0.405140689239527092E+03
    0.329717540420761212E-13    0.748473758871208247E+03    0.806549027417431730E+00    0.517333121678691041E-01    0.209829257762668350E-01    0.104300687867445818E+01    0.755520055387870038E+00    0.375952089526563782E+00    0.198102102086750165E+00    0.600971229994229916E-01   -0.724849663257600474E+00    0.247695462313686221E+00    0.148540526221154345E+01    0.855363143855540242E+00   -0.373381516291748596E+03
    0.318176604062406556E-23    0.794596720256099161E+03    0.800169319526896849E+00    0.510936884730294125E-01    0.224962138886367798E-01    0.927320052842825371E+00    0.103273312127759165E+01    0.159316669672414690E+01    0.492157727827589042E+00    0.237889498737332006E-01   -0.119484598651865759E+01   -0.863696538352769494E+00    0.243243830364804126E+01    0.138345702551404681E+01   -0.395914903102535561E+03
    0.203758214929294133E-25    0.804698405662741038E+03    0.809605136947210480E+00    0.526533021367773871E-01    0.208604407050354025E-01    0.109268525887489631E+01    0.541161955510320647E+00   -0.896105310432129265E+00    0.130863954656206261E+00    0.101590236818196900E+01   -0.159204464031290405E+00   -0.103797801553696445E+01    0.673608979715254685E+00    0.936272677810457976E+00   -0.401412930153560069E+03
    0.387107822445643030E-22    0.789599356714344708E+03    0.804320524949536875E+00    0.518043314246430242E-01    0.209963133595390782E-01    0.102266238849707469E+01    0.589844227941962895E+00   -0.621622041071544729E+00    0.209256245461006074E+01    0.463668774160623853E+00   -0.143955545749008684E+01   -0.143952723297729790E+01    0.920912577338413252E+00   -0.159967443301642587E+00   -0.394959645800473993E+03
    0.145432747328808415E-16    0.763926314604638151E+03    0.808830577634819470E+00    0.529042227435600476E-01    0.199570653440207940E-01    0.963499282680703839E+00    0.548324138305518960E+00   -0.438779547169428241E+00    0.939639748563649846E+00   -0.334217841763120249E+00   -0.900066798848228933E+00    0.539944069131479409E+00    0.132386917036569707E+01    0.276077687119835602E-02   -0.381960396525447891E+03
    0.874497199545722829E-20    0.778759124688550855E+03    0.802725381330520182E+00    0.510504185063079055E-01    0.213129390477758140E-01    0.997620840333213188E+00    0.627142510959233346E+00   -0.802569642069927092E+00    0.223742929607624319E+00   -0.722423172070421060E+00   -0.148306958944317535E+01   -0.469707757599735487E-01    0.132138594785715235E+01    0.120036158189887487E+01   -0.388179200762376581E+03
    0.113675286873856096E-22    0.792050071198056344E+03    0.806612268536145649E+00    0.535497951203021336E-01    0.192095946394484282E-01    0.103891254297214042E+01    0.140902861090961756E+00   -0.142451587427543558E+01    0.378674573963735384E+00   -0.313358776876384526E+00   -0.214264755651356387E+00   -0.192992887995956153E+01    0.124972149276459299E+01    0.172691447527043929E+01   -0.394298121123757710E+03
    0.879699913354070230E-24    0.797167941933184579E+03    0.797097178214569158E+00    0.521798658795165349E-01    0.190662717960360210E-01    0.107329333397361371E+01    0.581331023555443749E+00   -0.111356288572313034E+01    0.219033872987779432E+01   -0.292752600299763743E+00   -0.687334479895298278E+00   -0.198080897616250695E+01    0.109383565061421018E+01   -0.328860865762432786E+00   -0.398912831832354698E+03
    0.532257654457857430E-21    0.784357337688766393E+03    0.802290885331191750E+00    0.516071644703211194E-01    0.203894751310667345E-01    0.108985499853975032E+01    0.934494206580879894E+00   -0.170547967596774352E+01   -0.305614247323546806E+00   -0.119848477133814413E+01   -0.100491417020862150E+01   -0.118973648194582893E+01    0.163160026895297983E+01    0.169360948397733879E+01   -0.390485059360405842E+03
    0.119637630699366999E-10    0.736685786152912897E+03    0.813292135452907794E+00    0.515003909999531412E-01    0.211987571169773986E-01    0.101538197762085347E+01    0.677438985924839199E+00   -0.215693568810833414E+01    0.216821404595748390E+00   -0.467285828154899663E+00   -0.155994426130860098E+01   -0.179733158239400836E+01    0.177903010352224578E+01    0.197297380599682737E+01   -0.366369919270459604E+03
    0.238977103318261536E-20    0.781353687382106614E+03    0.812189883120957301E+00    0.557878639160277051E-01    0.193374065043193481E-01    0.101857036799601763E+01    0.567716472135691985E+00    0.446770357790819972E+00   -0.130353766572852692E+00    0.428592588085621229E+00   -0.453075081362612542E+00   -0.298928273005799383E+01    0.233963419791166416E+01    0.933722686861777618E-01   -0.390583471422367154E+03
    0.424592398257748737E-19    0.775598993395158914E+03    0.806967372652119597E+00    0.524990025563870713E-01    0.197541788896212697E-01    0.105846817120642367E+01    0.105547007066689202E+01   -0.224543147419444455E+01    0.609359338437798215E+00   -0.745011864597699969E+00   -0.147120195335560289E+01   -0.194597729491874816E+01    0.215890851611106882E+01    0.139046137207103193E+01   -0.386409035325508398E+03
    0.125139946076369251E-22    0.791857897885408534E+03    0.810243793010778868E+00    0.534672917130281922E-01    0.203659280183789392E-01    0.107862943029725566E+01    0.245067915098316158E+00   -0.117826777703973296E+01    0.233019875103082086E+00   -0.259462034633770544E+00   -0.139848233579073145E+01   -0.117832648106400484E+01    0.174194264586844860E+01    0.214268394214943037E+01   -0.393786265000554863E+03
    0.793525576776977575E-27    0.811189642630055914E+03    0.806468440011280929E+00    0.535774150054324563E-01    0.205803692412516864E-01    0.935844632388128872E+00    0.306712196353743360E+00   -0.313337315215211021E+00    0.446535012143840504E+00    0.187376144721156435E+00   -0.138402454904849015E+01   -0.173145876955572930E+01    0.202534054476359415E+01    0.180097999725833113E+01   -0.403793841317769648E+03
    0.135310119745615112E-12    0.745649922730359890E+03    0.817029659526891106E+00    0.529372010944695742E-01    0.224277590127819684E-01    0.108792113809490232E+01    0.234045756054790194E+00    0.913981222692398454E+00    0.556362349806249767E+00    0.265532256252072385E+00   -0.767407260876779906E+00   -0.178297622399327338E+01    0.189626213926544573E+01    0.176407442639032519E+01   -0.371060886938789622E+03
    0.358850809687802879E-15    0.757514758482391130E+03    0.813072497083774381E+00    0.531534432078970137E-01    0.217484300976866114E-01    0.100118897122498107E+01    0.605611843544889283E+00    0.849006385578391587E+00    0.144336891481771090E+00   -0.791138227685905804E+00   -0.735090044121306851E+00   -0.121710565027910889E+01    0.209730471250736628E+01    0.172271469621114770E+01   -0.377034664544984423E+03
    0.398521461431648081E-17    0.766515389610160469E+03    0.805459908753537679E+00    0.529609721424968288E-01    0.209658941763919936E-01    0.104014426846172059E+01    0.190169301097635329E+00    0.132756920214386298E+01    0.219610133375454097E+00    0.100457467708906734E+01   -0.835781581696437348E+00   -0.174072093530071470E+01    0.137218897787647642E+01    0.152172104401691088E+01   -0.381735973761063349E+03
    0.130708881653109829E-19    0.777955307541129514E+03    0.815640947952982698E+00    0.531821761477164132E-01    0.209835030169980667E-01    0.107625578065189198E+01    0.152583354924294340E+00   -0.128973410764849117E+01    0.109920362214097622E+00   -0.551212677484045344E+00   -0.674686633179817141E+00   -0.782746638293474462E+00    0.166293988083111821E+01    0.191580911454091618E+01   -0.387061844656023823E+03
    0.480671513971068465E-26    0.807587075761347364E+03    0.814600253500424643E+00    0.555243889650497424E-01    0.191927283903652428E-01    0.105409717703245853E+01    0.360155507253724472E+00   -0.157428286620999636E+01    0.467267044645041096E+00   -0.636982822437630603E+00   -0.540838460748318317E+00   -0.256877716818621593E+01    0.149346465111079874E+01    0.126165678809744697E+01   -0.402531881092576214E+03
    0.237742124602001660E-23    0.795179560278375106E+03    0.811160376261573557E+00    0.542806824050221376E-01    0.196418003533441569E-01    0.102795900375233806E+01    0.124502823041733479E+01   -0.112176022919789542E+01    0.296616326899084015E+00   -0.139951236461115514E+01   -0.135749127547341919E+00   -0.155200617534887897E+01    0.190627303318137842E+01    0.872832881969349161E+00   -0.396716947257218180E+03
    0.202169514570415543E-20    0.781688209819705094E+03    0.813008955736688632E+00    0.545368741499164394E-01    0.197816171870733408E-01    0.109271667102458681E+01    0.103500630482067213E+01   -0.907425980105650787E+00    0.170663449334938377E+01   -0.191082433657243200E+01   -0.753887739064111662E+00   -0.195704496517578264E+01    0.201502870840727155E+01   -0.110334044065069636E+01   -0.391947445350503244E+03
    0.139993564823773447E-22    0.791633570332719160E+03    0.809307426763466120E+00    0.539341807322697292E-01    0.212200861770340393E-01    0.102645958407415905E+01    0.403159970254559297E+00    0.312690148602848694E+01    0.607389679578318464E-01    0.834505565022709561E+00    0.114529306278768694E+01   -0.175659675044812502E+01    0.248002066579033453E+01   -0.151242440271050382E+01   -0.397329209569070088E+03
    0.624779771543337389E-11    0.737985092754646075E+03    0.806879956173089496E+00    0.519875440658275206E-01    0.202526127887203838E-01    0.102995963125090140E+01    0.100000183418742172E+01   -0.655458067230725305E+00    0.113793701395593416E+01   -0.953271099116363985E+00   -0.794217493672704000E+00   -0.150522497891529383E+01    0.260953359862355683E+01    0.446262081660991683E+00   -0.368546284295662019E+03
    0.434903891622784880E-26    0.807787193852928453E+03    0.809462764366565501E+00    0.532347666174596348E-01    0.212227616111056727E-01    0.100890185938915389E+01    0.386660621042656194E+00   -0.432855720152446111E+00    0.149539279922237256E+00   -0.662134654334067818E+00   -0.827696763388985124E+00   -0.153448167715509953E+01    0.247528481058566285E+01    0.144283703322595658E+01   -0.402450759893238285E+03
    0.425103202534412054E-25    0.803227609864822512E+03    0.800864108128633068E+00    0.534140862723972779E-01    0.193476483903792275E-01    0.998033699436794652E+00    0.587228067104839435E+00   -0.430392856446895067E+00    0.233145332202866484E+00    0.138255418797257335E+01   -0.109915258294336105E+01   -0.255722586917840999E+01    0.177386798639531684E+01    0.297287243506635601E+00   -0.401316517688904639E+03
    0.267565013618557215E-17    0.767312187158053575E+03    0.812632792848968277E+00    0.512751939488768557E-01    0.229906592162874394E-01    0.960781486046176081E+00    0.615183233913354610E+00    0.191864440250134294E+01    0.724782973122728436E-01    0.696203174157972171E+00    0.951775100205623170E+00    0.322580557566425341E+00    0.185026772578908116E+01   -0.180740508102618258E+01   -0.385463498660052949E+03
    0.125088692054219222E-08    0.727386334596634470E+03    0.805102614941942241E+00    0.527031040528508354E-01    0.208448376850964151E-01    0.106889101475912218E+01    0.323028315099354923E+00    0.215249174297107970E+01    0.730831281936161758E+00   -0.876546362477483854E+00   -0.913220036592292450E+00   -0.124949045572861905E+01    0.204819304482839470E+01    0.150614018236883940E+01   -0.362187027115948410E+03
    0.218708752989460423E-25    0.804556791903308181E+03    0.808421498627801105E+00    0.515513596820570130E-01    0.205805753787608320E-01    0.108764376819258435E+01    0.879739176545187185E+00   -0.228200728790251439E+01    0.843478379226780817E-01    0.662462893241126949E+00    0.266018192004367160E+00   -0.135314253992760314E+01    0.122755713630226659E+01    0.104417095346033850E+01   -0.401234224998193724E+03
    0.133009812788356194E-01    0.695027343527258608E+03    0.810334498763906952E+00    0.522406325125103141E-01    0.196984144837739940E-01    0.103729411133808003E+01    0.674211237718965739E+00   -0.838740535574699742E+00    0.492655635003984571E+00   -0.233967989021266420E+00   -0.618413093767457900E+00   -0.210931105926761120E+01    0.152629735174855363E+01    0.181888836616296135E+01   -0.345694783397466324E+03
    0.309724304015817693E-14    0.753204036637039962E+03    0.816962389979782544E+00    0.542890458460344172E-01    0.210412958934858008E-01    0.105080342575829033E+01    0.460659610972688704E+00    0.136448461858775438E+01   -0.595743903660377327E+00   -0.107063562592202233E+00    0.123017956003650619E+00   -0.569828808396550812E+00    0.159765213741252432E+01    0.101559529068015242E+01   -0.375586423027839828E+03
    0.111956967373059917E-17    0.769054683159634806E+03    0.799776710307538385E+00    0.513147615262200124E-01    0.194738480970031262E-01    0.948834335605236445E+00    0.858704022395375688E+00   -0.137659430557499629E+01    0.120549209793239243E+01    0.456553716438747925E+00   -0.303335676195501724E+00   -0.190493529003447293E+01    0.138148223568464368E+01    0.959735407308131006E+00   -0.383567606172509272E+03
    0.494189852419970292E-22    0.789110923724742293E+03    0.817792856803688517E+00    0.537140783969097743E-01    0.229410250100137991E-01    0.978676297663711225E+00    0.305224244240825615E+00    0.149396067031445501E+01    0.636352379982554339E+00    0.606777958972770648E+00   -0.138809722059590945E+01   -0.687225931079638030E+00    0.193635047545399197E+01    0.132446703745292238E+01   -0.393230994824918241E+03
    0.481799849493899204E-17    0.766135854759199901E+03    0.810290083659544913E+00    0.537039497836279411E-01    0.201055489109399597E-01    0.101595178024115285E+01    0.635279132719074768E+00   -0.415662339400515890E+00   -0.337853377060355342E+00   -0.510356498451756124E+00   -0.632117440242154549E+00   -0.159659131455441639E+01    0.211908826972262432E+01    0.174118400886220148E+01   -0.381326743370737745E+03
    0.773989646793841211E-24    0.797423986622182269E+03    0.811412563464769976E+00    0.547872252817333955E-01    0.205364752889489674E-01    0.106645072818102449E+01    0.850013792091430465E+00   -0.786819843376617811E+00    0.464502431331084153E+00   -0.154248402691450792E+01   -0.230925067579050847E+01   -0.250383090248192275E+01    0.212754208760657093E+01   -0.388811037070617260E+00   -0.399100804348161773E+03
    0.732677104278296166E-18    0.769902672316280132E+03    0.811094746993473947E+00    0.532536975984151881E-01    0.213862255740973721E-01    0.109805845777907884E+01    0.927323725194427739E+00    0.813505986491904309E+00    0.791777220071026022E+00   -0.585702214463026394E+00   -0.854134865404603039E+00   -0.479434124862336830E+00    0.884926864169983896E+00    0.143229386033885420E+01   -0.383519042297801207E+03
    0.339927225702995075E-16    0.762228279023507525E+03    0.811211937270851946E+00    0.515461248696376800E-01    0.224025251576406223E-01    0.103991809270628321E+01    0.685388234511582262E+00   -0.716743653107437595E+00    0.118545644954451745E+01   -0.353499024200800649E+00   -0.181003428315193537E+01   -0.141455116018391891E+01    0.660381704780093282E+00    0.120620488060301878E+01   -0.379907934631150738E+03
    0.497045541902917010E-23    0.793704570119712002E+03    0.812569492384836112E+00    0.522704937348114906E-01    0.235366615719269680E-01    0.106864406648838806E+01    0.882666756583734835E+00    0.167632834544323295E+01    0.595760951981674225E+00   -0.937476823570477791E+00   -0.141116192720460254E+01    0.645029980336175868E+00    0.123972891505104621E+01   -0.238390777308864932E+00   -0.397090675837164838E+03
    0.247544713537778502E-20    0.781283240419859226E+03    0.817598216016824919E+00    0.561764920964987410E-01    0.205579475149569278E-01    0.102228670839387403E+01    0.297359983200167322E+00    0.263279287413315188E+00    0.481910158088112439E+00   -0.502005781148682217E+00   -0.203437089102976643E+01   -0.236750200869778382E+01    0.114196446090204540E+01    0.127641231985263381E+01   -0.389365207890076988E+03
    0.158697293539446344E-24    0.800593106469821691E+03    0.815239993970559795E+00    0.555063758403565310E-01    0.229622002257573454E-01    0.105697907947335756E+01    0.263324875659681212E+00    0.305328183274914089E+01    0.994997823238463752E-01   -0.858361364086022149E+00   -0.312056760495465824E+01   -0.106497349481173842E+01    0.667829160391875343E+00   -0.136582513723480736E+00   -0.400433135748634299E+03
    0.378218978776930906E-20    0.780435476199122490E+03    0.813112992387208022E+00    0.545579894604228677E-01    0.214379760610602758E-01    0.104714730549646329E+01    0.688777416119757513E+00    0.127738916095702670E+01    0.526078971034849019E+00   -0.141600203061557295E+01   -0.114843807655347496E+01   -0.115345980462166153E+01    0.991015626144644779E+00    0.138329525423552147E+01   -0.388834442845325725E+03
    0.245716450244484398E-08    0.726036024181206813E+03    0.812089917384630322E+00    0.539121727748153243E-01    0.212037407567937305E-01    0.104488966416866025E+01    0.784402372799432923E+00    0.162157886257099015E+01    0.926215376522350198E+00   -0.138071041777834580E+01   -0.127416413740206713E+01   -0.178197662656316425E+01    0.233941718375945351E+00    0.583252116418557565E+00   -0.362434759974184828E+03
    0.863650088382217547E-17    0.764968576921845511E+03    0.814445170618243064E+00    0.546223265704616837E-01    0.220159974551878065E-01    0.106813995732630529E+01    0.760386314647872874E+00    0.247021537106653000E+01    0.253576599981215622E+00   -0.105836327704878386E+01   -0.128801188748070650E+01   -0.976237132837241006E+00    0.366550862735266714E+00    0.142756868073389453E+01   -0.381056719780188871E+03
    0.142893735012768215E-15    0.759356369458385984E+03    0.816231194461027987E+00    0.553370287225034632E-01    0.212378703112785956E-01    0.107296970408797221E+01    0.482385478200321849E+00    0.262486769745794390E+01    0.585234472706588349E+00   -0.817981521046249327E+00    0.488768345201153753E-01   -0.196113549500182671E+01    0.567581557467065290E+00    0.902661975109112502E+00   -0.378775522754083852E+03
    0.119214001974127640E-25    0.805770433374783124E+03    0.810195281403132128E+00    0.548863591992948610E-01    0.225364144965120097E-01    0.982495367976885414E+00    0.668803259924093285E+00    0.284350560039819200E+01    0.154919683447019452E+01   -0.197925435764204849E+01   -0.176539395909117025E+01   -0.237424251313882451E+01    0.901807106266687919E+00   -0.122531479461546833E+01   -0.404110531482007048E+03
    0.139480671275360548E-22    0.791640911175744691E+03    0.819041788693496198E+00    0.567149557613142799E-01    0.209439222998382690E-01    0.100865578452487981E+01    0.399542212733379087E+00    0.771923392717479118E+00   -0.121993531763564533E-01   -0.967091415719778524E+00   -0.138416758997323064E+01   -0.278301302166141795E+01    0.897184170806895276E+00    0.974170579352759192E+00   -0.394846285008519601E+03
    0.812545924046724358E-03    0.700618184841941684E+03    0.806088557907840397E+00    0.529811995825954715E-01    0.194941459192605471E-01    0.108688582998639816E+01    0.663775464179558794E+00    0.277299964156292766E+00    0.451331784782951217E+00   -0.637079591041356252E+00   -0.991693820532191017E+00   -0.178137416344839039E+01   -0.254803695314649081E+00    0.909336302398787932E+00   -0.349399756118572043E+03
    0.678817959983082726E-12    0.742424355401972548E+03    0.807051661277679688E+00    0.524823073744709115E-01    0.218954609278907975E-01    0.108611280919549102E+01    0.104599357556823092E+00    0.123253885534665564E+01    0.326178575502353851E+00   -0.273301385578861245E+00   -0.139415248562158900E+01   -0.254380588675417130E+01    0.118751766594755304E+01    0.159102653758873136E+01   -0.369621151163397542E+03
    0.275483112856888215E-21    0.785674540398009754E+03    0.811240125194557127E+00    0.549742988280014777E-01    0.206907084240358398E-01    0.104198044125673617E+01    0.697003579168809062E+00    0.233263440910555175E+00   -0.181298881727798289E-01   -0.950889832107577604E+00   -0.166457801764295232E+01   -0.239942307855812942E+01    0.103053905840056381E+01    0.136950635936685172E+01   -0.391467763839638053E+03
    0.128034619185258231E-23    0.796417332051251833E+03    0.804823289183100532E+00    0.511201137130755656E-01    0.231354514494266084E-01    0.998336765518086366E+00    0.825487129778414874E+00    0.816507708730698667E+00    0.514710333833363620E+00   -0.852474358567860691E+00   -0.867323905023340336E+00   -0.534275230078264940E+00   -0.271585023449458784E-01    0.759124621454458470E+00   -0.397449541404171441E+03
    0.475607842602420183E-13    0.747741044261656612E+03    0.803402777750405361E+00    0.532489899914065923E-01    0.205048313609484181E-01    0.107763442592312586E+01    0.234197774404594522E+00    0.126229078008766571E+01    0.128796558741328226E+01   -0.308877976414009936E+01   -0.802367769434795042E+00   -0.180778268538119846E+01    0.445422550035348142E-01   -0.358255827818411010E+01   -0.377453080409012443E+03
    0.985886088899045721E+00    0.686415937514140410E+03    0.814828342485472645E+00    0.549657426098154600E-01    0.206102507484436336E-01    0.107842845641198437E+01    0.799685808537967446E+00    0.294021186585711014E+01    0.119381319457829704E+01   -0.152783003020317665E+01   -0.215852371296819001E+01   -0.147884893751438540E+01    0.334530711769503108E+00   -0.253940297217610356E+00   -0.343461909054287787E+03
    0.493933898402646141E-23    0.793717130032057639E+03    0.816679728409239747E+00    0.561486016937411750E-01    0.223689389797088189E-01    0.105411998394410089E+01    0.308228487514175087E+00    0.313017503686443632E+01    0.382289928530781253E+00   -0.266479941131024134E+01   -0.211127727596135628E+01   -0.130843799947683692E+01    0.146757677763389660E+00   -0.193622698146164840E+01   -0.398794791997490449E+03
    0.159536538280914245E-23    0.795977387478481660E+03    0.802852155612410523E+00    0.541778532221855180E-01    0.191419891411454580E-01    0.105889954470013525E+01    0.441934497978320295E+00    0.741864596647827668E-01    0.139752920119349255E+01   -0.408440807110537152E+00   -0.139025710866349050E+01   -0.479026155620658756E+00    0.216429937325983923E+00    0.340798850441436540E+00   -0.397647894888799385E+03
    0.413335940506417606E-20    0.780257901517583946E+03    0.811943562107201533E+00    0.558393290812189483E-01    0.208659753522567118E-01    0.997795184844773253E+00    0.720731657567259543E+00    0.358048033999970272E+01    0.115869883616937841E+01    0.475598852234497882E+00   -0.669517084746757751E+00   -0.133509643202728512E+01   -0.476946597092364533E+00   -0.151115216106644912E+00   -0.390280065974898605E+03
    0.269746313123345952E-24    0.799532139744130518E+03    0.817192200815398118E+00    0.561154433046817808E-01    0.200144334740056870E-01    0.105378483859015826E+01    0.670222684617523212E+00    0.446460814670588846E+00    0.732000297022068480E+00    0.860985533523717095E+00   -0.108447860386036132E+01   -0.970728592079694863E+00    0.493571255937013342E+00    0.115307401668543585E+01   -0.398612995855379836E+03
    0.590516270350260194E-13    0.747308237193298623E+03    0.805033763691862636E+00    0.531932520047676619E-01    0.200903384861923530E-01    0.954059952629542796E+00    0.745348896558983398E+00    0.104849960423106303E+01    0.785774225026898421E+00   -0.590713753589398038E+00   -0.882202045166877502E+00   -0.702532228452810159E+00    0.829785914489775900E+00    0.159867244050452251E+01   -0.372055446156144797E+03
    0.526703836663375863E-24    0.798193826795100790E+03    0.800157617607631821E+00    0.532018490062554639E-01    0.192494398700934419E-01    0.911354240925952519E+00    0.833676076243520248E+00   -0.429834218208580587E+00    0.693617513558137944E+00    0.354907049701296329E+00   -0.113176584898042143E+01   -0.104439816120134310E+01    0.843822675348065099E+00    0.181718941765212261E+01   -0.397279723979898279E+03
    0.136062681884469309E-19    0.777875021335240945E+03    0.806114493902137408E+00    0.553471264089722206E-01    0.190050711239614749E-01    0.104908988765661437E+01    0.883687954831938960E+00    0.768607317613733798E+00    0.379177297292017101E+00    0.491575739705467696E+00   -0.156478231053029027E+01   -0.149527102029082926E+01    0.401980877073811138E+00    0.157282470712520484E+01   -0.387364685960495251E+03
    0.211084392941210509E-07    0.721734694414800970E+03    0.809969194498262102E+00    0.544717326405042834E-01    0.193372523556912881E-01    0.941347974425848277E+00    0.729703580986653000E+00    0.189031194643266964E+01    0.114788535638922440E+01    0.859992414215184908E+00   -0.780861701792900709E+00   -0.106492799881721112E+01    0.137953929412901766E+01    0.103588070180636960E+01   -0.359831466505594108E+03
    0.145137513678831389E-24    0.800771740290311072E+03    0.805395071962117681E+00    0.556047257892752153E-01    0.200556781836840718E-01    0.994593680206673048E+00    0.119009616046321942E+01    0.282757845944165531E+01    0.119389328269448924E+01    0.133324536403733929E+00   -0.173411085151315070E+01   -0.380687333250762094E+00   -0.132798648027119048E+00   -0.964502446445711925E-01   -0.400482320389800122E+03
    0.433670879512124373E-27    0.812398042366125196E+03    0.800002329490838160E+00    0.556384517878467308E-01    0.195639381539781908E-01    0.103526747341765546E+01    0.106405528277955175E+01    0.366992140298056313E+01    0.851565108640670587E+00   -0.627989498456145157E+00   -0.156921955756274634E+01   -0.130234022832382834E+00   -0.506842336051247511E-01    0.118481434549953857E+00   -0.406080539748512649E+03
    0.348764963539624155E-21    0.785202796581903954E+03    0.816749348045943679E+00    0.590650102181246583E-01    0.191764496208494464E-01    0.897025663749119517E+00    0.114953736550240038E+01    0.402108387539122702E+01    0.791301271532347528E+00   -0.383416981936761603E+00   -0.233316566151529514E+01   -0.204110124517455915E+00   -0.102850285071553804E+00   -0.374515736811119382E+00   -0.392975914027763110E+03
    0.384032780599883222E-27    0.812641158344496830E+03    0.809063649976934252E+00    0.556794235026447509E-01    0.205671703855438530E-01    0.840993229874930526E+00    0.103734494288364898E+01    0.204189327573565649E+01    0.230929480164945744E+01   -0.120869583349417553E+01   -0.182136481575639642E+01   -0.724270000108617751E+00    0.577265938617302021E+00   -0.155721589172634722E+01   -0.407877795063974759E+03
    0.665059183397374219E-23    0.793122181362152332E+03    0.811836773395241296E+00    0.556464465348273860E-01    0.210988292119703401E-01    0.925665742412982606E+00    0.116201478131891656E+01    0.324665412139454190E+01    0.583003785892515225E+00   -0.815104207902094813E-01   -0.103362579972213076E+01   -0.107290826201847267E+01    0.136350906934580984E+01    0.211719723153319883E+01   -0.394443893449542941E+03
    0.398495550220432152E-19    0.775725860023081054E+03    0.813518118170051041E+00    0.555021322744331316E-01    0.200917184844780911E-01    0.998936369727451590E+00    0.121750807934990338E+00    0.684557518315662250E+00    0.531321455306397183E+00   -0.654458657288614076E-01   -0.863467875725518530E+00   -0.168057805347757494E+01   -0.463413456676562197E+00    0.639032479863076652E+00   -0.387223897531677437E+03
    0.598571141007370488E-27    0.811753523407789430E+03    0.803300661003275684E+00    0.555149325989801809E-01    0.199158586637417090E-01    0.102684369967331746E+01    0.476842180018338113E+00    0.198787570774472222E+01   -0.999614728573305911E-01   -0.604910925152353229E+00   -0.749558553883389100E+00   -0.255024896930649447E+01    0.113402231377563134E+01    0.151605002835989744E+01   -0.404360711675534844E+03
    0.152242530690998300E-23    0.796070983738952577E+03    0.810203729324560862E+00    0.557464174744018715E-01    0.190910780135668430E-01    0.103260868167118902E+01    0.737699514958138347E+00    0.628404038337199822E+00    0.403532450621923999E+00    0.646123778852825126E+00   -0.383909880150667737E+00   -0.176181434176555740E+01    0.119340523702817358E+01    0.159480428944437214E+01   -0.396440687580031920E+03
    0.230726291636405289E-21    0.786029128812147746E+03    0.807806036886909107E+00    0.568761334891382114E-01    0.203003863824268022E-01    0.941122756949207107E+00    0.881546095966211585E+00    0.470143558858994659E+01    0.645286962804902942E+00    0.332023738766338339E+00   -0.184939496684023630E+01   -0.187567414495902085E+01   -0.944430072570410228E-01    0.699019867592785449E+00   -0.392315544538481106E+03
    0.334051227279645046E-21    0.785289004346138427E+03    0.811967552576095764E+00    0.566364472805177266E-01    0.205834970958049708E-01    0.970497100251431100E+00    0.929171984152353470E+00    0.517382352535984502E+01    0.839864500748035425E+00    0.427149595888067835E+00   -0.878289234609610281E+00   -0.140006900153252900E+01    0.158235405052550981E+01    0.173690935956765768E+01   -0.390907592813501537E+03
    0.168702009033525093E-24    0.800470835819925242E+03    0.809695772076427178E+00    0.546999254919467923E-01    0.225288162346450119E-01    0.963620266803879244E+00    0.641438460283668466E+00    0.519607543415586015E+01    0.140813317853258013E+01    0.336495644421575535E-01   -0.152815779321144651E+00   -0.226108115322972480E+01    0.728944519704555427E+00    0.360449519219797176E+00   -0.399874968390742822E+03
    0.223021533013807992E-10    0.735440184358081865E+03    0.808709361184943742E+00    0.534862100299694915E-01    0.194879773609634190E-01    0.916572672618566342E+00    0.413664050254667570E+00    0.682480635822786397E-01    0.231719121994728994E+00    0.759264057782047530E+00   -0.278751042873181865E+00   -0.223163264812569651E+01    0.115447674416714130E+01    0.118126577006063016E+01   -0.366538826408980299E+03
    0.168737434858804542E-19    0.777444564953002896E+03    0.805199763865012907E+00    0.542647295223876863E-01    0.194177064498439848E-01    0.104814405247578946E+01    0.996119291783318705E+00    0.781822218635036315E+00    0.445414305000895183E+00   -0.488315104428238000E-01   -0.832975773006410014E+00   -0.718575719362206655E+00    0.111464519573360143E+01    0.196535249350758612E+01   -0.386756929982993881E+03
    0.325435131467109302E-24    0.799156777310911252E+03    0.814443554087542432E+00    0.579390208627753589E-01    0.201692559526578802E-01    0.958892762516295738E+00    0.966296483713567800E+00    0.486874966697352463E+01    0.682996447759478542E+00   -0.100586773755935610E+01   -0.147535489579354340E+01   -0.688965710565980771E+00    0.691466449867448540E+00    0.129783295685362488E+01   -0.398280555698602029E+03
    0.509275326785611879E-19    0.775235275112028262E+03    0.814950346195336350E+00    0.553947829708339168E-01    0.200899672401114379E-01    0.109032956872005182E+01    0.214837954399467679E+00    0.628010128386470967E+00   -0.144996853953216487E-01    0.160070077491013762E+01   -0.446618134234313180E+00   -0.313672739578692017E+01    0.128882617488557139E+01   -0.972729601586455050E+00   -0.388590367157600610E+03
    0.329971105183866530E-16    0.762287731947651309E+03    0.791453222668664580E+00    0.513085785623055707E-01    0.196678746829606517E-01    0.102620439026586485E+01    0.369746181194783419E+00    0.121767757952715350E+01    0.259224591496831636E+00    0.620838264338772206E+00   -0.391439702540310241E+00   -0.119893326874830564E+01    0.136097847003952688E+01    0.171467063739772074E+01   -0.379429195336427938E+03
    0.465951357704419909E-13    0.747782069078705376E+03    0.796844761423817438E+00    0.520533182287978360E-01    0.191039525026162407E-01    0.967276784444369042E+00    0.712365295883583882E+00    0.353932735602404236E+00    0.716421468540602291E+00    0.694752061459666947E+00   -0.832935166155266193E+00   -0.111074785338473703E+01    0.137445621713254718E+01    0.162685996723783788E+01   -0.372264174572114825E+03
    0.438829991571565949E-24    0.798558879466442932E+03    0.790726064383128424E+00    0.522635713783602615E-01    0.213280941545555651E-01    0.104206694328016014E+01    0.834563120871334885E+00    0.413170010806248733E+01    0.131329822148813946E+01   -0.227853767408987495E+00   -0.718375348088784227E+00   -0.181142498448139122E+01   -0.469284681743147081E+00   -0.179002145203997820E+00   -0.399458441878425447E+03
    0.427535423483560552E-26    0.807821369694900682E+03    0.798287928403730529E+00    0.543765896952387931E-01    0.202130637419454043E-01    0.886915488798242335E+00    0.630795606052734437E+00    0.473055264526552932E+01   -0.860377391155680016E+00    0.894331270615117413E-02   -0.542147841091491278E+00   -0.597604304971355305E-02    0.632042719292940314E+00    0.637329966438782147E+00   -0.403273354881011585E+03
    0.698483081906839332E-26    0.806839622073092528E+03    0.788517391379213728E+00    0.518349404791434640E-01    0.206891789920420760E-01    0.105206336620216279E+01    0.596556666877886443E+00    0.309979820058880762E+01   -0.127053059539207425E+01    0.997262471347539758E+00   -0.162823005368068130E+01   -0.104762169499963420E+00    0.130202939408150109E+01   -0.116865736170275292E+00   -0.403536676772716532E+03
    0.314635889019213564E-24    0.799224271491965396E+03    0.798592335880116355E+00    0.525112305958969142E-01    0.213908202176717986E-01    0.920022131556270439E+00    0.761189376230778314E+00    0.265671446626702767E+01   -0.390745782784733819E+00    0.146402369292786716E+01   -0.108984701909207593E+01   -0.114768564299652098E+01    0.203718035343513293E+01    0.593423973790673909E+00   -0.399018711772192034E+03
    0.317115967257511362E-25    0.803813738734121102E+03    0.798548006515676811E+00    0.537509124915615324E-01    0.208333166469050930E-01    0.108371342968052797E+01    0.298661427691328252E+00    0.428402753844673612E+01    0.111606426179491791E+01    0.731255639482242814E-01   -0.691248560281108038E-01   -0.150515867072840592E+01    0.104076124704874950E+01    0.112372397079102360E+01   -0.400783145396269504E+03
    0.117464649568723210E-06    0.718301765401758303E+03    0.798454673386742364E+00    0.518568093100317887E-01    0.203280412308017230E-01    0.106552445565578879E+01    0.657847633336346993E+00    0.177372829667408816E+01    0.567069681184193541E+00   -0.258890178605497512E+00   -0.691567121249363259E+00   -0.209786087411771405E+01    0.893376872244289411E+00    0.178431403099031360E+01   -0.357366568669888863E+03
    0.347809447593694170E-17    0.766787602783954640E+03    0.796457466177070472E+00    0.533500671671836429E-01    0.201578420875695719E-01    0.104813914134469943E+01    0.242252655013935336E+00    0.438735801649212043E+01    0.851229970322719964E+00    0.864859334520815537E+00   -0.132382731015922905E+00   -0.182888488413595951E+01    0.116385756355271064E+01    0.865415288481084843E+00   -0.382528386103496246E+03
    0.104098253887826318E-21    0.787620922654611036E+03    0.802734367483637579E+00    0.545496891217310542E-01    0.210131486902873296E-01    0.104856055389191161E+01    0.179983352748896736E+00    0.501550333466877873E+01    0.498536527298938381E+00   -0.329446306624276930E+00   -0.675790509252464977E+00   -0.126049167490123182E+01    0.610989404791553392E+00    0.189926549583373783E+01   -0.391911195831471787E+03
    0.189538448567224678E-14    0.754186217959319265E+03    0.791300900092953063E+00    0.512762136806269309E-01    0.192980644084214358E-01    0.107667428345756533E+01    0.412592397030503100E+00    0.210920630014504340E+00   -0.123271898098664678E-01    0.612907589094220384E+00   -0.158964456073931593E+01   -0.126166922751394850E+01    0.204295064569691931E+01    0.160999088519068301E+01   -0.375483118094468978E+03
    0.152680475392218371E-18    0.773039387817737406E+03    0.793947756243643554E+00    0.523851288539080931E-01    0.197605770556253252E-01    0.845130051249852410E+00    0.835431523687723221E+00    0.274593035966308108E+01    0.261802913715882823E+00    0.425485209924545471E+00   -0.274301840933048657E+00    0.151407332067492462E+00    0.606317455568614827E+00    0.371735688562112587E+00   -0.386147958220306577E+03
    0.673373319221026392E-19    0.774676652916880357E+03    0.792256236322400609E+00    0.515404597339788190E-01    0.206594620931620961E-01    0.981303049502573521E+00    0.585060586637335178E+00    0.259077946744048404E+01    0.809839758113639618E+00    0.876347964211845465E+00   -0.217236720944810946E+00   -0.236372519541532711E+01    0.195495996045679044E+01    0.359070760875150219E+00   -0.386979255697565009E+03
    0.631045169408468781E-16    0.760990987241151743E+03    0.790914825185812687E+00    0.512231046150473934E-01    0.194748273686395079E-01    0.997894629490377549E+00    0.461714456682255858E+00    0.530080606417389077E+00   -0.614699203293866958E+00    0.186249862632053009E+01   -0.212093014659899382E+01   -0.103375203656582926E+01    0.270949738998638168E+01   -0.154466405583965471E+01   -0.382040157676415504E+03
    0.639330889496948320E-24    0.797806259328128363E+03    0.792884979587564209E+00    0.512675900660521378E-01    0.210413972158469374E-01    0.101079764545971407E+01    0.478180720903719325E+00    0.202962328608527187E+01   -0.623062325109913218E-01    0.553694339822641268E+00    0.283003686535039600E+00   -0.162014834902151961E+01    0.119828464713350535E+01    0.108210318451879939E+01   -0.397821026479545367E+03
    0.359118274381518621E-23    0.794354629852060839E+03    0.791817397533083556E+00    0.535825580771595034E-01    0.193739863474108320E-01    0.926523789466459968E+00    0.162702732627646340E+00    0.294354681497661375E+01   -0.186846143820957877E+00    0.128207664142450994E+01   -0.190065538815019841E+01   -0.712958880386622695E+00    0.147522685405078868E+01    0.696725047364439853E+00   -0.396480589878665967E+03
    0.427839659381303175E-20    0.780188925877204611E+03    0.798146056812701676E+00    0.549696792199889095E-01    0.196365164047076733E-01    0.976456771423670933E+00    0.475775538200887915E+00    0.438935062953681054E+01    0.160877328268838937E+01   -0.805284989293113540E+00   -0.124547111282140555E+01   -0.141913742403062315E+01    0.836150447636328176E+00    0.761367998765529963E+00   -0.389333094939836769E+03
    0.199938328652763167E-25    0.804736255878179918E+03    0.798520205161565411E+00    0.526223350944913584E-01    0.220988323756371001E-01    0.107046018714604618E+01    0.929142972265374234E+00    0.331352425319518851E+01   -0.193067372921404967E+00   -0.150217240519054940E+01    0.203264160867320465E+00   -0.200574726782065227E+01   -0.346912995004231339E+00   -0.887621911433018607E+00   -0.403255749850522989E+03
    0.222172018628449285E-14    0.753868497875809226E+03    0.795783165373591839E+00    0.516102793327141984E-01    0.205175728879935411E-01    0.103105214924996691E+01    0.721876417039382767E+00    0.247808145221567777E+01    0.722916895989555996E+00    0.660876347284329313E+00   -0.195619047032095983E+00   -0.112989484627746606E+01    0.130163062874430602E+01    0.128219325071162116E+01   -0.375652055687193013E+03
    0.578937443875857444E-26    0.807215055128546510E+03    0.795000127479269958E+00    0.528251937879158015E-01    0.201857354397652553E-01    0.101329191263535390E+01    0.149097886726157675E+00    0.233820164691380405E+01    0.439758163773831257E+00    0.104236677205449269E+01   -0.110824316725597760E+01   -0.444013817226505125E+00    0.209672015512637699E+01    0.708658236193283608E+00   -0.402898869328079968E+03
