    0.812522093178932092E+00    0.229758359771694676E+00    0.238723950520045858E-01    0.108267307981011740E+01    0.732358295518343860E+00   -0.109812482591780736E+01   -0.415955693805472038E+00    0.348007195191258334E-01   -0.240796104196874694E+01   -0.150476119374502559E+01    0.942469489256154924E+00    0.776987209079726604E+01    0.225784112710134766E+01   -0.976964371200444788E+02   -0.999542782471458224E+02
    0.687286167407146431E+00    0.211038833792456415E+00    0.240612865295871982E-01    0.109199617280977335E+01    0.762911077045790420E+00   -0.407837526494136071E+00    0.914720694566995007E+00   -0.993397445616892583E+00    0.334799364501350505E+00   -0.567343823844339568E+00    0.861762040777876104E+00    0.782121715996631917E+01    0.105214165018737860E+01   -0.984561480593916514E+02   -0.995082897095790315E+02
    0.663371616821355814E+00    0.244193526641425573E+00    0.200954228103063445E-01    0.983706006816398970E+00    0.739247709678856557E+00    0.131496192069664453E+00    0.274356909716289010E+00   -0.521408905757425600E+00   -0.171511578740705750E+01   -0.114574642890488576E+01    0.159385594767059069E+01    0.798633797456931394E+01    0.290422951510959049E+01   -0.965027363695469802E+02   -0.994069658846565716E+02
    0.766325903606626002E+00    0.241425427803417691E+00    0.253964032949162907E-01    0.104635517991840676E+01    0.710116969617998306E+00   -0.682200810139754310E+00   -0.123074836186674474E+01   -0.283386058875976177E+00   -0.125151808104305906E+01   -0.700593425018496418E+00    0.215047202280970851E+01    0.799919586651729997E+01    0.186226733166513725E+01   -0.970368674210228903E+02   -0.988991347526880276E+02
    0.766699305915044760E+00    0.240713070931456108E+00    0.216068083208047559E-01    0.102983011480540498E+01    0.789506488908541249E+00    0.311570228653906156E+00    0.360152726835849535E+00   -0.407966023591370630E+00   -0.116152729610462280E+01   -0.306871413898761602E+00    0.109513565814836533E+01    0.762210432223295165E+01    0.256964566057953725E+01   -0.956322480068716629E+02   -0.982018936674512020E+02
    0.759463690384824308E+00    0.228955073802566772E+00    0.247579286456631360E-01    0.107756654271111296E+01    0.815341679744934766E+00   -0.178202365394254159E+00   -0.333536474537368122E+00   -0.196331087667999782E+01   -0.987788000414866252E+00   -0.363989042633647841E+00    0.186706017166329752E+01    0.763952592934856867E+01    0.903886601052258598E+00   -0.970592353131197143E+02   -0.979631219141719782E+02
    0.669253499181368783E+00    0.198307486540135719E+00    0.217584377825645880E-01    0.108354806368984824E+01    0.722548714090221034E+00    0.388081969030408480E+00   -0.137096289403189076E+00   -0.157750093228628430E+01   -0.200113711804192462E+01   -0.147976712416379996E+01    0.306508134434011481E+01    0.789671361069698108E+01    0.262716869630753580E+00   -0.973744891184567933E+02   -0.976372059880875440E+02
    0.712751947146105569E+00    0.251242211463986675E+00    0.253860592800399729E-01    0.105919292846403668E+01    0.801559608413810465E+00    0.942067343328873541E+00    0.431057325739629960E+00   -0.353220636612832040E+00   -0.231410153813499164E+01   -0.607905817417986327E+00   -0.376989912899714508E-01    0.782353712281341540E+01    0.127708743319396723E+01   -0.963173236404719546E+02   -0.975944110736659241E+02
    0.646497882900818110E+00    0.206464458455251632E+00    0.219685661556142803E-01    0.109892873193414498E+01    0.802921643862263723E+00   -0.333615520868200122E-01   -0.644053881270565398E+00    0.115088096953286423E+00   -0.171862761808938536E+01   -0.180256872691074932E+01    0.120578292424283995E+01    0.776432294643084298E+01    0.274676379529166947E+01   -0.935748430055340918E+02   -0.963216068008257622E+02
    0.682166778367771842E+00    0.251239580942908491E+00    0.214596378472908071E-01    0.104946065191695537E+01    0.685116857803020785E+00    0.808113810346249295E+00    0.166315063314982581E+01    0.782237689396652058E+00   -0.158139844556558251E+01   -0.230868272950033315E+01    0.261678309661988351E+01    0.784850372371441907E+01   -0.210996896792301492E-01   -0.962857401181561698E+02   -0.962646404284769375E+02
    0.647810739856138684E+00    0.234617886536506171E+00    0.242084698502851373E-01    0.109018141791337908E+01    0.680893174398946366E+00    0.895478701519001774E+00   -0.288308605078100300E+00    0.857703932103959787E-01   -0.177264456978832619E+01   -0.179894277879384390E+00    0.210960415763224773E+01    0.765468056454485435E+01    0.187641172054643302E+01   -0.936937002036739131E+02   -0.955701119242203418E+02
    0.774789852958423175E+00    0.227820737409404006E+00    0.201470113652296133E-01    0.108046903760187196E+01    0.784468768416827222E+00   -0.521488082775638517E-01    0.169599608160865500E+01   -0.146791679953707899E+01   -0.167133821452466669E+01   -0.179936865606237006E+01    0.733819390871986110E+00    0.785643618775334218E+01    0.621361331035384268E+00   -0.949096277168471545E+02   -0.955309890478825423E+02
    0.797953078218176515E+00    0.232326163360083937E+00    0.229396739645153780E-01    0.109618441347819728E+01    0.813200007213679243E+00    0.772668967563810760E+00    0.119595437907946689E+00   -0.594845961960572822E+00   -0.343318776682508320E+00   -0.115580494497521613E+01    0.253293365984859520E+01    0.791320638523267927E+01    0.204890298656302017E+01   -0.932246776687621121E+02   -0.952735806553251336E+02
    0.644799871184551510E+00    0.223170191141762758E+00    0.224911981597380323E-01    0.105564811375158141E+01    0.724433136986464832E+00    0.370973069375734710E+00   -0.207220132148563607E+01    0.814042160735652942E+00   -0.137036040904263223E+01   -0.249692006137934186E+01    0.127546721760495552E+01    0.769673367330102476E+01   -0.151022424406539457E-01   -0.952094844015164199E+02   -0.951943821590757722E+02
    0.654310712508829218E+00    0.248040504823267755E+00    0.223985331809144483E-01    0.103889568522715758E+01    0.720238315002395990E+00    0.779203573729571275E+00   -0.683772775095121688E+00    0.800350905875575336E+00   -0.121009978132065021E+01   -0.190037237769388412E+01    0.139350162721143556E+01    0.763875225056267837E+01    0.241175948873098944E+01   -0.927795626312666997E+02   -0.951913221199976931E+02
    0.665263169928981712E+00    0.227012009200840054E+00    0.192042197011891499E-01    0.108016035094355667E+01    0.727931407295299815E+00   -0.447694857165416238E+00   -0.699312891605359255E+00   -0.243433955780574196E+00   -0.163831040845820985E+01   -0.129426126126190866E+00    0.607294617026355121E+00    0.792751196742024788E+01    0.186487282626443340E+01   -0.932561526890060009E+02   -0.951210255152704320E+02
    0.685655766605171135E+00    0.234174762845050177E+00    0.246987793441136617E-01    0.107856491508032670E+01    0.765240009421025769E+00   -0.100328916527463008E+00    0.419250376056652385E+00    0.634925495147626862E+00   -0.407841612740184933E+00   -0.990150177786972563E+00    0.190722344207074479E+01    0.770855387230044808E+01    0.231258082004625543E+01   -0.927915540117861042E+02   -0.951041348318323543E+02
    0.776987424425486628E+00    0.247019792392662751E+00    0.226714581815693032E-01    0.107982998192111590E+01    0.737082903312755167E+00    0.321462079418422420E+00    0.680132819471737093E+00   -0.255050853280636092E+00   -0.220456354542989175E+01   -0.208475840247615452E+01   -0.266665337574065742E-01    0.783789918515631001E+01    0.136287251812246235E+01   -0.936341179904213874E+02   -0.949969905085438455E+02
    0.699232615552818126E+00    0.249686557865096220E+00    0.222304679109449795E-01    0.107165120577815198E+01    0.702078988723306652E+00    0.499264576929990156E+00   -0.818801916558413723E+00   -0.385075399459537893E+00   -0.100147657850243355E+01   -0.191103962133979621E+01    0.642155303095251151E+00    0.764090073300457817E+01    0.257897728647287350E+01   -0.922965140682228196E+02   -0.948754913546956971E+02
    0.670565773893390116E+00    0.248310401953569626E+00    0.223188339192198978E-01    0.108866610580721601E+01    0.672381321895742401E+00    0.608417548835012312E+00    0.156065592913137152E+00   -0.227061608053418185E+00   -0.116938394163412318E+01   -0.212617383342944777E+01    0.995979519087768717E+00    0.780026426314083920E+01    0.294952793652225553E+01   -0.918818551797389205E+02   -0.948313831162611791E+02
    0.753573620574096381E+00    0.234228501028875408E+00    0.206325148156404591E-01    0.108733745939280468E+01    0.750684530531725458E+00   -0.234355395622557694E+00    0.348717562875435760E+00    0.137979641282640841E+01    0.228946659252642570E+00    0.130240842891794273E+01    0.981164472251521369E+00    0.786845226729636238E+01   -0.258549735802236391E+01   -0.971848971826845798E+02   -0.945993998246622141E+02
    0.708645760221473964E+00    0.254147551208263212E+00    0.244389806519360389E-01    0.104082552151662955E+01    0.750208430733153353E+00   -0.376766378329840279E-01    0.350815407360869358E+00    0.263745740729746159E+00   -0.204051820736026457E+01    0.143203595415570817E+00    0.131574246875629819E+01    0.770422147729787365E+01    0.149033410159280821E+01   -0.931035407830120363E+02   -0.945938748846048441E+02
    0.693737986866510781E+00    0.253567854659741576E+00    0.223631938515559507E-01    0.106164886962202765E+01    0.776246102603699972E+00    0.612501225959573681E+00    0.105859001496924066E+01   -0.177910169982283151E+01   -0.478271453961269577E+00   -0.254082301800622190E+01    0.109788608618487182E+01    0.778405941631936837E+01    0.560793696502784544E+00   -0.939566087950555442E+02   -0.945174024915583288E+02
    0.773824888147220724E+00    0.246344487299946874E+00    0.237959416056542430E-01    0.106283655022123402E+01    0.822939607140686147E+00    0.314667383750562024E+00    0.107305938996091754E+01   -0.894380598322185860E-01   -0.159707542936871483E+01   -0.325184807240361806E+01    0.165963602686247236E+01    0.772343109373268799E+01    0.767671392793170315E+00   -0.936934084119523902E+02   -0.944610798047455660E+02
    0.785158682086858017E+00    0.245418617677371581E+00    0.203140627437856623E-01    0.105145630289376024E+01    0.793070419708044039E+00    0.116357551507352497E+00   -0.652037211026481600E+00   -0.354895186684416275E+00   -0.196865235366317370E+01   -0.859417641623849704E+00    0.219549919762698664E+01    0.786734820692825476E+01    0.209534725804186994E+01   -0.923556490687579981E+02   -0.944509963267998671E+02
    0.730510327320824215E+00    0.250640173295555380E+00    0.229042162785718303E-01    0.108061058113451502E+01    0.771017864628279592E+00    0.866824796204845427E+00   -0.527875100541450593E+00    0.766543180174039662E+00    0.951229304979506418E+00   -0.114252977880255457E+01    0.147423479581561900E+01    0.795635865268619202E+01    0.501685400147352079E+00   -0.939338584911684222E+02   -0.944355438913157741E+02
    0.809570105348141889E+00    0.244671006049052953E+00    0.225729928768660243E-01    0.107454892364714838E+01    0.826947405410462522E+00    0.221694699727768452E+00   -0.167408701572981045E+01    0.144087513717636284E+01   -0.151904690134074349E+01   -0.119711574961797851E+01   -0.140564906986355487E+00    0.770121398121308776E+01   -0.539544444092397768E+00   -0.949400671099907072E+02   -0.944005226658983077E+02
    0.766768374706673805E+00    0.246745058187110733E+00    0.239703407501682605E-01    0.108749140208037609E+01    0.722959719169894433E+00    0.421246096740759413E+00   -0.425695457555548273E+00    0.578674004917729690E+00   -0.164991073177475278E+01   -0.114664804110702789E+01    0.720408685045868191E+00    0.794781001913414631E+01    0.256398222500615347E+01   -0.917668623247724469E+02   -0.943308445497786039E+02
    0.707421006107500361E+00    0.231626555281883334E+00    0.204833056759104043E-01    0.107839339423956537E+01    0.763859452691425633E+00    0.133878917340251036E-01    0.532252568256126324E+00   -0.839939537873988229E+00   -0.750510692276975311E+00   -0.376987338146932416E+01    0.755799197205533568E+00    0.781815308366585615E+01   -0.104994024247802020E+00   -0.944313838455366579E+02   -0.943263898212888563E+02
    0.667587372613060115E+00    0.212254678983718387E+00    0.225974759782715945E-01    0.108062528339191455E+01    0.743390159317362964E+00    0.800544681144406134E+00    0.155119462471816405E+01    0.117526450676564309E+01   -0.127751372557327136E+01    0.174092159933252333E+00    0.269949205723946761E+01    0.787167520343221394E+01   -0.112874451626543060E+01   -0.954103971489544449E+02   -0.942816526326890170E+02
    0.710981534797335279E+00    0.228978582568890726E+00    0.207568587408929160E-01    0.104977566968049585E+01    0.755253125510795820E+00    0.103954534165241697E+00   -0.197155291675358058E+01    0.400171057261786756E+00   -0.176759661954861236E+01   -0.873074526197115119E+00    0.316134217597777933E+01    0.778031503254573131E+01   -0.994843101779063321E+00   -0.952586099223731679E+02   -0.942637668205940997E+02
    0.646181339515005226E+00    0.240700328923308587E+00    0.212251825291218423E-01    0.107990573779073928E+01    0.742533394724715468E+00    0.890055954616580713E+00   -0.781562644120867844E+00    0.848907158502925085E+00   -0.124712581888388518E+00   -0.172590856402280224E+01   -0.296866722281947437E+00    0.788058182732124557E+01    0.672389653206636018E+00   -0.934344375569047969E+02   -0.941068272101114331E+02
    0.800140263491336601E+00    0.243174583206267947E+00    0.238437978865123495E-01    0.106858461625440482E+01    0.799718118552550372E+00    0.652385168103652546E+00    0.111715210576790014E+01    0.102870448625935806E+00   -0.122198903311186746E+01   -0.218939201755915747E+01    0.303725839564435773E+01    0.796112357818364291E+01    0.711468179691388869E+00   -0.933625108240266712E+02   -0.940739790037180654E+02
    0.668908472211038663E+00    0.251060083189454220E+00    0.243827904477860666E-01    0.104439554693484893E+01    0.718761180179351977E+00    0.533897014004253379E+00   -0.915403801592447053E+00    0.507039632492478631E+00   -0.117036533642362861E+01   -0.197361450668836369E+01    0.138289482924960816E+01    0.789322245997736616E+01    0.243617354631631677E+01   -0.915106541509110656E+02   -0.939468276972273770E+02
    0.684828246831786558E+00    0.216287535803645070E+00    0.216541098390062546E-01    0.107832327348223522E+01    0.764975212258178550E+00    0.352812895528689552E+00   -0.546411662261334641E+00   -0.754274701636177269E+00   -0.199666957851036364E+01   -0.158931591704345010E+01    0.189132785586366503E+01    0.786546086870839023E+01    0.234630493607213708E+01   -0.915633137438045708E+02   -0.939096186798767008E+02
    0.645452166060697774E+00    0.226132840887272146E+00    0.216903521433008464E-01    0.108355467216921997E+01    0.739948009889834779E+00   -0.781936781080174725E-01   -0.884581425965507151E+00   -0.895989257422797891E+00   -0.873600931439568518E+00   -0.765126643378835070E+00    0.155212198875460894E+00    0.787470859409878887E+01    0.177904989726150475E+01   -0.920637843502127566E+02   -0.938428342474742578E+02
    0.698651606438293271E+00    0.230128273633098707E+00    0.216620205558360097E-01    0.106156870369568335E+01    0.775459701157521941E+00    0.609138731299822211E+00   -0.111598556014655514E+01    0.122814957590094309E+01   -0.111025634781640270E+01   -0.251368206675465444E+01    0.251309172772266720E+01    0.796499308327017896E+01    0.247869384859312758E+00   -0.935515817074161617E+02   -0.937994510922754756E+02
    0.808194994544455980E+00    0.246818625056376389E+00    0.217721802575683264E-01    0.109760762066123396E+01    0.770241465416822146E+00   -0.457928789125944924E+00   -0.371032890708420382E+00   -0.839163148672241732E+00    0.489784512245705850E+00   -0.147692251603643854E+01    0.203710547513651363E+01    0.783182807452642837E+01    0.140151743759505720E+01   -0.922974641759149250E+02   -0.936989816135099858E+02
    0.695257470931153643E+00    0.229289342551289882E+00    0.233945174470491825E-01    0.109407357313304487E+01    0.810778954895147397E+00    0.193132127366702377E+00    0.102726823212947238E+01    0.946769739285855394E+00   -0.253788957487699918E+01   -0.932634307192756751E+00    0.496411879195193473E+00    0.785395444564504519E+01    0.682762341738686773E+00   -0.929991708713296958E+02   -0.936819332130683762E+02
    0.701233580429089565E+00    0.239161278671093547E+00    0.252921242244842047E-01    0.106413100179551634E+01    0.740473131106927585E+00    0.131278001414612433E+00    0.538831414884270998E+00   -0.772162273575531799E+00   -0.133507146815531974E+01   -0.110643378898771516E+01    0.173601882935940943E+01    0.778420283534997459E+01    0.277022458577330521E+01   -0.909083286417385494E+02   -0.936785532275118555E+02
    0.782073761516020038E+00    0.239368074856119689E+00    0.209528292320637285E-01    0.107242213156539989E+01    0.780503594892931307E+00   -0.952087986472793801E-02    0.138247069453313998E+01   -0.168807057356161694E+00   -0.143897959786841034E+01   -0.193888544259493756E+01    0.239919565032437276E+01    0.761784077067288390E+01    0.146711752382506955E+01   -0.921854935900234409E+02   -0.936526111138485078E+02
    0.694682958331237277E+00    0.221681197760540433E+00    0.232423943195486683E-01    0.108866326814739556E+01    0.788695878241208348E+00    0.257912481716007669E+00    0.603102992066624211E+00   -0.374905684610666812E+00   -0.156694895434725345E+01   -0.134742455909304226E+01    0.100571455225349404E+01    0.767581954515446974E+01    0.292821015700239107E+01   -0.906147124173881338E+02   -0.935429225743905306E+02
    0.736545618994055462E+00    0.242334403006229160E+00    0.196783537953230010E-01    0.107607108377547345E+01    0.715961052006560239E+00   -0.307890667376153004E+00   -0.366217854137858012E+00    0.842460212101059369E+00   -0.623558105791061967E+00    0.111715653263559034E+01    0.179865375617168888E+01    0.790052910911226824E+01   -0.738940577193107240E+00   -0.942804231620109050E+02   -0.935414825848177998E+02
    0.676561450959636712E+00    0.251385123552690715E+00    0.202973317332946386E-01    0.105382086043036471E+01    0.776972511072134719E+00    0.629738050314170295E+00   -0.796550818469086153E+00    0.475078843209075841E+00   -0.212217442997257422E+01   -0.405844495320479837E+00    0.344553013520681128E+00    0.774784384934912040E+01    0.131048333074059231E+01   -0.921202073642485715E+02   -0.934306906949891669E+02
    0.707914918768533297E+00    0.227772958159645766E+00    0.202000464394834524E-01    0.106090635448591541E+01    0.746406038904805946E+00    0.205174644017016128E+00   -0.108897750157098017E+01    0.175422558364744019E+00   -0.171977906392044111E+01   -0.208632896507538135E+01    0.347170369623995612E+01    0.766558312699135858E+01   -0.248084413173771168E+00   -0.936648986154817322E+02   -0.934168142023079611E+02
    0.758896216373201038E+00    0.248458558474775021E+00    0.238363451785384393E-01    0.107326773369514084E+01    0.762115151635840871E+00    0.737399725927753380E+00    0.947145754659004524E+00    0.653150265067097280E+00   -0.563601488166795894E+00   -0.134147790714791881E+01    0.193425442263219360E+01    0.782275758035873281E+01    0.209691924239441541E+01   -0.913102185377847633E+02   -0.934071377801791840E+02
    0.711972858255038088E+00    0.231961249621516180E+00    0.224612165132179742E-01    0.109940421567047419E+01    0.745677915700005967E+00   -0.383776264121554078E+00    0.635404037708440228E+00    0.231220317688212218E+00   -0.836899346228392238E+00   -0.133484178898584105E+01    0.223996503570674577E+01    0.764922825586577648E+01    0.246681199034687770E+01   -0.908838695534840753E+02   -0.933506815438309587E+02
    0.738528044113193061E+00    0.245880943088532589E+00    0.200196989957401282E-01    0.107473531659752064E+01    0.743523459276760224E+00    0.267298934301010149E+00    0.619095056259766352E+00   -0.169681060580728627E+01   -0.128597231082835584E+01   -0.638471928094759278E+00    0.125070838950364327E+01    0.787611534196224117E+01    0.162579097559291386E+01   -0.916539902984657289E+02   -0.932797812740586494E+02
    0.648622576670062512E+00    0.229248916544410319E+00    0.215782479142704112E-01    0.108209455645631802E+01    0.725843647739259468E+00    0.788312346830992716E+00   -0.107677523661777741E+00    0.901471535729569950E+00   -0.333679272395101867E+00   -0.211117449456764916E+01    0.172448694114450540E+01    0.762465610739190858E+01    0.201300027890562472E+01   -0.912384111459868592E+02   -0.932514114248924813E+02
    0.757579763169945464E+00    0.244130120513059407E+00    0.248403594862291605E-01    0.108040839011214040E+01    0.781733654329994310E+00    0.371963541843580714E+00   -0.374466976041958333E+00   -0.215007440616545809E+00   -0.564174499598948165E+00   -0.811795765683882564E+00    0.110481511033071933E+01    0.788850174155440342E+01    0.286547689179225618E+01   -0.903721770228366665E+02   -0.932376539146289218E+02
    0.671800293320007014E+00    0.244953657911887862E+00    0.212653748159820355E-01    0.107357544011929251E+01    0.757366158561125991E+00    0.593965224366399092E+00   -0.587803021051058749E-01   -0.620033380527047484E+00    0.476100842080313891E+00   -0.181027194845114536E+01    0.179160898157874748E+01    0.782251363174622849E+01    0.168717926770410176E+01   -0.914901365209888695E+02   -0.931773157886929653E+02
    0.685430967250950096E+00    0.243783905815761148E+00    0.247186937010812381E-01    0.109465830194468561E+01    0.765078477584771655E+00    0.920533457157794111E+00    0.490753743118830243E+00   -0.249550291201785457E+00   -0.161709339308003996E+01    0.290241551954295574E-01    0.680447498829153341E+00    0.779641493714017830E+01    0.183190957555945211E+01   -0.913187990079310055E+02   -0.931507085834904558E+02
    0.658809304725519684E+00    0.235224814565663021E+00    0.232736350233525222E-01    0.109863417981883282E+01    0.784791665768032720E+00    0.969463873689361932E+00    0.632164516458715298E+00    0.102432397838242650E+01   -0.339507403990637391E+00   -0.259468656283047494E+01    0.301192267703527472E+00    0.788232635053164099E+01    0.860888878664818780E+00   -0.922719274882739313E+02   -0.931328163669387550E+02
    0.646856470205003253E+00    0.247501953415728143E+00    0.241614869371677421E-01    0.106498760364772016E+01    0.732700588243720641E+00    0.555416407749310004E+00    0.841191302595234447E-01   -0.169321091874508001E+00    0.286617918221736767E+00   -0.102217541084314689E+01    0.107095471237357764E+01    0.779442273123780893E+01    0.220082093901991804E+01   -0.909015854071186169E+02   -0.931024063461385367E+02
    0.670613671949112478E+00    0.232035333024270041E+00    0.203354965138642027E-01    0.109332528685467789E+01    0.700853319602734892E+00   -0.461255922440746424E+00   -0.715837776516536906E+00   -0.137231504394208059E+01   -0.109491455714419295E+01   -0.133182390443266740E+01    0.185930543299150508E+01    0.792735636341368721E+01    0.212348733345355223E+01   -0.908584060343932407E+02   -0.929818933678467943E+02
    0.734887381953578056E+00    0.242957156694210530E+00    0.236602254447279003E-01    0.107702389560111556E+01    0.760502409547213598E+00    0.386381505062533215E+00   -0.187971840298473580E+01    0.183645092841970892E+00   -0.329977918726171771E+00   -0.119629918080022435E+01    0.169702734071620420E+01    0.773945053334303967E+01    0.101758812811676336E+01   -0.918273945664791142E+02   -0.928449826945958847E+02
    0.684134239273104350E+00    0.244927784089956524E+00    0.238233315485324205E-01    0.107972020926116996E+01    0.769892312656221267E+00    0.114341535402839867E+00   -0.306517479629064837E+00   -0.992569435072709338E-01   -0.842698376264934046E+00    0.165681025158619377E+00    0.137377130718846296E+01    0.779559115058842611E+01    0.195820307511325042E+01   -0.907946826443260591E+02   -0.927528857194393055E+02
    0.644478256059840215E+00    0.223280790669327267E+00    0.193073435853909001E-01    0.109344208823889022E+01    0.718075070818564143E+00    0.439957106994758540E+00   -0.989431647428773431E-01   -0.122425839722723140E+01   -0.200556751470912564E+00   -0.611002476538260453E+00    0.169022972054904153E+01    0.794433174133316911E+01    0.190765518643825449E+01   -0.908265680077309412E+02   -0.927342231941691892E+02
    0.807149119695415362E+00    0.251142241785215103E+00    0.223897892961867073E-01    0.108414372194588715E+01    0.819622687826958130E+00    0.478057896696488349E+00    0.182364742441905037E+00    0.857626507555551143E+00   -0.817005829165964093E+00   -0.276647546381013854E+01    0.329202463088904773E+00    0.771422433620759662E+01    0.129076908844534932E+01   -0.913729066721369918E+02   -0.926636757605823362E+02
    0.709153245532297416E+00    0.251666991129224693E+00    0.251851103815763158E-01    0.105651814076253503E+01    0.755106745148689251E+00   -0.795208261014375140E-01    0.798356306487448819E+00   -0.723415211870133135E+00   -0.284985671503704907E+01   -0.139534219984284391E+01    0.260962568212448787E+01    0.783704299619629374E+01    0.384670437636542406E+00   -0.922784556772532056E+02   -0.926631261148897494E+02
    0.707111347852469763E+00    0.242833067568255095E+00    0.248213935803254168E-01    0.108465781732817534E+01    0.759477420589979579E+00    0.293900909457065929E+00    0.393519395353223445E+00   -0.659137497030997110E+00    0.923776438115737841E+00   -0.229665147188711671E+01    0.262530207084751055E+01    0.760214021402144979E+01   -0.323534510545363974E+00   -0.929709169630842212E+02   -0.926473824525388636E+02
    0.742914800401463737E+00    0.246598105650628147E+00    0.195110566019143644E-01    0.109093699797260957E+01    0.805853477508254423E+00    0.651187540295330436E+00    0.209796422211638856E-01   -0.151200344829817368E+01   -0.106186252539259818E+01   -0.266492492527845570E+01    0.214354404679056643E+01    0.765319913517164618E+01    0.118858558060645092E+01   -0.914258176624898766E+02   -0.926144032430963335E+02
    0.650697542300695431E+00    0.238383770845571802E+00    0.200489397914146578E-01    0.109063421711757247E+01    0.691583508204136721E+00   -0.416682104040853929E+00   -0.132001866188602435E-01   -0.422239904145271738E+00   -0.203264678892878692E+01   -0.107631788337471335E+01    0.878259891445623220E+00    0.787722628872475106E+01    0.268763671200882825E+01   -0.899017561126438807E+02   -0.925893928246527054E+02
    0.659505540941653257E+00    0.226720595956798859E+00    0.230133242592222044E-01    0.109346585808587338E+01    0.701288800975972904E+00    0.149385736640089029E+00   -0.137380042666222835E+01    0.194405626632488393E-01   -0.111209289925341159E+01   -0.542068730102300833E+00    0.992115503742070581E+00    0.762508521975084630E+01    0.190329077464293128E+01   -0.906638663627964831E+02   -0.925671571374394091E+02
    0.770231084898372220E+00    0.254844365456448785E+00    0.250936379476028315E-01    0.108003620148318769E+01    0.751360398977871657E+00    0.223233022845064966E+00   -0.159317510966729969E+00    0.962449038354407649E-01    0.628059015260760356E+00   -0.534534513982407589E+00    0.183797217421556547E+01    0.780283129886474036E+01    0.117212687442655428E+01   -0.913718574070873473E+02   -0.925439842815139002E+02
    0.775822453784604571E+00    0.243237555851237408E+00    0.233576331720236861E-01    0.109416807658536541E+01    0.820992850250794715E+00    0.665445094336012843E+00   -0.264284290580008019E+00    0.679428495728870985E+00   -0.878191799996556943E+00   -0.138984777065957132E+01    0.176607946564331564E+01    0.764855769955071896E+01    0.271051102999172233E+01   -0.898288496533891134E+02   -0.925393606833808349E+02
    0.774351149843370612E+00    0.251719815572029326E+00    0.221143392668382080E-01    0.107376495934713501E+01    0.809885582554746075E+00    0.261740704866619822E+00   -0.185066417782309145E-01   -0.131041841853743790E+01   -0.223056865767944146E+01   -0.286531251295741640E+01    0.132395672015150034E+01    0.770638784345982053E+01    0.919575151666639834E+00   -0.916103857034444928E+02   -0.925299608551111277E+02
    0.756181742835986048E+00    0.252651823385928731E+00    0.191585317034039873E-01    0.109580113079776487E+01    0.753992113829855204E+00   -0.477908312725273454E+00    0.546260640134050846E+00   -0.773177342981625770E+00   -0.139394717106483745E+01   -0.638886774985394368E+00    0.111592792604483315E+01    0.777754623621567109E+01    0.260620863985351336E+01   -0.898417675981597768E+02   -0.924479762380132968E+02
    0.679543485000177916E+00    0.249524635036876580E+00    0.213984831773309826E-01    0.106326282211410295E+01    0.726240618852787234E+00    0.400291645872882462E+00   -0.238795221908617350E+01    0.174746583207820549E+01   -0.543944270779092909E+00   -0.163376104189978832E+01    0.560315845197010498E+00    0.766456364459617312E+01   -0.187962714371824058E+01   -0.942906783695243007E+02   -0.924110512258060623E+02
    0.710443533710381825E+00    0.237390188559312876E+00    0.231661722282053076E-01    0.108073512355139800E+01    0.740359117335866346E+00    0.604663507878628437E+00    0.133250410885807469E+01   -0.895076442951676654E+00   -0.201719326456327508E+01   -0.129172741472189045E+01    0.308122965465940979E+01    0.770661523642400592E+01    0.591101446665347474E-01   -0.923395926514253205E+02   -0.923987027960918539E+02
    0.684770109730796772E+00    0.231045474824180086E+00    0.233396496705319603E-01    0.108220456806649734E+01    0.763841673843665525E+00    0.315001070502581193E+00   -0.645533032492267012E+00   -0.103873274603074550E+00   -0.874441290710592289E+00   -0.259947078708250956E+01    0.136696440308810474E+01    0.761805081438850085E+01    0.229837585533749778E+01   -0.900848534342639766E+02   -0.923832292896014735E+02
    0.715585404936556535E+00    0.227789222546165154E+00    0.215152170641899794E-01    0.108100729924940842E+01    0.782362625057400729E+00    0.491848928653441320E+00    0.950146818746588906E+00    0.180277749463698456E+01   -0.133230653455370862E+01   -0.288852452730338882E+01    0.129437315770815098E+01    0.775988871121631352E+01   -0.291501478159909677E+00   -0.926747264488668492E+02   -0.923832249707069337E+02
    0.672163982674656268E+00    0.244905426473373239E+00    0.223288624708813631E-01    0.107328574646988195E+01    0.774643234538583081E+00    0.451216966020179910E+00   -0.188832441312911214E+01   -0.529345335927473570E+00   -0.139497931535402109E+01   -0.389889838705812508E+00    0.195497319618539245E+01    0.780935765213235111E+01    0.640705720092942244E+00   -0.917313231489200263E+02   -0.923720288690129649E+02
    0.710040024317200480E+00    0.250554571921984215E+00    0.243175546336191033E-01    0.109376042177739108E+01    0.713806952394123506E+00   -0.250382298959057614E+00    0.251569831701772273E+00   -0.102442569267395756E+00    0.646567855411604109E+00   -0.113144609720507106E+01    0.181397292590986603E+01    0.780036928944134189E+01    0.150511322328345409E+01   -0.908550689826153217E+02   -0.923601822058987807E+02
    0.691349314670268944E+00    0.241607454371947999E+00    0.225443476707609183E-01    0.108049725522806028E+01    0.721509509001961979E+00   -0.938697689134730950E-01    0.109269713051958206E+01    0.135331360088116526E+01   -0.967740870049737856E+00   -0.103372349266237507E+00    0.162363497222372666E+01    0.786115748826649074E+01    0.585391862023840526E+00   -0.917462431254577950E+02   -0.923316349874816353E+02
    0.741932879212000573E+00    0.250375673745118266E+00    0.217429330760690841E-01    0.108640149869037583E+01    0.761084392612814353E+00   -0.244374679240287662E+00   -0.105187497468932634E+00   -0.132631615918285206E+01   -0.190386783588451158E+01   -0.233670753922638141E+01    0.251195040949596882E+00    0.775041713508655050E+01    0.133419721052319185E+01   -0.909963798171027776E+02   -0.923305770276259636E+02
    0.753017683028726292E+00    0.232375829030889630E+00    0.194106649870058670E-01    0.108447958014178503E+01    0.770604581684011913E+00    0.102355312475102878E+00   -0.375812230612382336E+00   -0.297572230871310184E+00   -0.324242998689328488E+01   -0.254323443356383905E+01    0.932828074061262891E+00    0.787825067174934013E+01    0.202592795472546605E+00   -0.921262936069864651E+02   -0.923288864024590055E+02
    0.666965013049490851E+00    0.252162722307103404E+00    0.249819288213409124E-01    0.107447874361554674E+01    0.789196520087049769E+00    0.562485659343442634E+00   -0.526467794871905426E+00   -0.544782992166119584E+00   -0.195440040185871999E+01   -0.206388955195393464E+01    0.105899511728353013E+01    0.773726483619254957E+01    0.246183898646826194E+01   -0.898548368344875286E+02   -0.923166758209557941E+02
    0.645082975784809554E+00    0.235180186605719488E+00    0.224820732489668142E-01    0.106068849142034249E+01    0.738281704428597862E+00    0.522622546446821268E+00    0.113909005878554126E+01   -0.743018844548259394E-01   -0.266579517695049617E+01   -0.133526854541173634E+01    0.116798086428048031E+01    0.786187236880020190E+01    0.139682890928405867E+01   -0.909136872442766446E+02   -0.923105161535606982E+02
    0.730198411818783644E+00    0.251102515860302633E+00    0.232835972749878030E-01    0.109839146627908701E+01    0.699486631520882196E+00   -0.463491899329674162E+00   -0.992201073457863458E+00    0.623600532770751670E+00   -0.774501437773551293E+00    0.255859941618155062E+00    0.702192074487584472E+00    0.771054475449462107E+01    0.874776039908729652E+00   -0.914081998172277821E+02   -0.922829758571365062E+02
    0.761009592599547258E+00    0.246725693543561914E+00    0.220146190845286055E-01    0.107874364409378165E+01    0.768341341070186812E+00    0.518858737995210539E+00    0.652105401560447717E+00    0.344113139054798067E+00   -0.497529668990636997E+00   -0.527343673430777926E+00    0.207883852309009853E+01    0.796473097066651725E+01    0.202239092390919506E+01   -0.902341980686067018E+02   -0.922565889925159013E+02
    0.737211870012929538E+00    0.251906653059918273E+00    0.223726860175248315E-01    0.108303320540494630E+01    0.801020505822781392E+00    0.630129420396386308E+00    0.601091741197024021E+00   -0.688198566098208175E+00   -0.227930160788332614E+01   -0.122537011761664871E+01    0.656712546173139566E+00    0.773650853323027654E+01    0.207571590998602051E+01   -0.901806429109825700E+02   -0.922563588209685861E+02
    0.689870704538102952E+00    0.246117151930405009E+00    0.256594190689843835E-01    0.107719010220827838E+01    0.758117912249592574E+00    0.810483295379717639E+00    0.119706188771715460E+00    0.603610474259994589E+00   -0.109506756544647010E+01   -0.822097874416840568E+00    0.181249890334925134E+01    0.779133323892992191E+01    0.263895481011085042E+01   -0.896117802248116107E+02   -0.922507350349224566E+02
    0.644845949727523182E+00    0.246059508253503728E+00    0.233665891541400932E-01    0.108036913417444125E+01    0.770530930032341077E+00    0.837734564489538869E+00   -0.232432523545185177E+00    0.137574375459848852E+01   -0.284025808033106841E+01    0.171932736257645047E+01    0.182339118038157744E+01    0.785937555231631890E+01   -0.447302849560789273E+01   -0.967230172005864688E+02   -0.922499887049785769E+02
    0.754630229802119024E+00    0.249711230656196409E+00    0.250364429843620423E-01    0.108756424217241476E+01    0.804043606055534710E+00    0.411103642567052674E+00    0.471705981977947886E+00   -0.183399513103950029E+00   -0.134080934473217872E+01   -0.171236574176759859E+01    0.294369708043405121E+00    0.783167328007621766E+01    0.260870911900720914E+01   -0.896134615746355507E+02   -0.922221706936427665E+02
    0.705013434251926752E+00    0.241597432877629886E+00    0.254916914850947321E-01    0.109543702616284522E+01    0.773352552437186258E+00    0.981850989854809342E+00    0.158799429046553087E+01    0.126791712376643828E+00   -0.125245242725327421E+01   -0.257605188926277151E+01    0.149200491976330363E+01    0.788411726105538690E+01    0.122643928146067371E+01   -0.909448689485411847E+02   -0.921713082300018556E+02
    0.684594947719621594E+00    0.233862815198209395E+00    0.219790063266676466E-01    0.108350766978348423E+01    0.746815040041128086E+00    0.844984821746024295E-01   -0.932343549294500917E+00    0.150101281987076618E+01   -0.100197110988460714E+01   -0.178636513332207869E+01    0.628643286207761998E+00    0.795911027701604468E+01    0.113391463222478617E+01   -0.910197430289694296E+02   -0.921536576611942166E+02
    0.648703981677121955E+00    0.251574891086463637E+00    0.218416922556515236E-01    0.106421780177580905E+01    0.690903184677155835E+00    0.168973253301979653E+00   -0.540641956557692538E+00    0.477681085409358330E+00   -0.437443505541066369E-01   -0.468715063256013309E+00    0.132470929843407270E+01    0.761962114802794410E+01    0.190571153431915441E+01   -0.902255717421495262E+02   -0.921312832764686789E+02
    0.666795959522277326E+00    0.252645677476174113E+00    0.218588914289480560E-01    0.107432060023839515E+01    0.768818981491235398E+00    0.125086072626253930E+00    0.392643456533505741E+00   -0.980132932908190924E+00   -0.124030375664574399E+01   -0.142865167680270133E+01    0.188656971971681764E+01    0.794141156379948754E+01    0.266940245560248890E+01   -0.894390260956118510E+02   -0.921084285512143452E+02
    0.738446726889554372E+00    0.244951358021643556E+00    0.226097787473835098E-01    0.107843604624858469E+01    0.760335677623285466E+00   -0.324049572156361876E-01   -0.337249926349159068E-01   -0.123208408782261358E+01   -0.138358613452396617E+01   -0.691466308850294809E+00    0.209091248656363859E+01    0.770976236810520899E+01    0.208909603129406340E+01   -0.900177444099651325E+02   -0.921068404412591946E+02
    0.728053882904481364E+00    0.253222692336884714E+00    0.237948094538386543E-01    0.109188519738907464E+01    0.780530896048865719E+00   -0.855905488795354330E-01   -0.274765149549693888E-01    0.999654024002438746E+00   -0.158459312555919474E+01   -0.854670336858589508E+00    0.472076829356638195E+00    0.779518758317491756E+01    0.199771342146478714E+01   -0.901062773951808822E+02   -0.921039908166456627E+02
    0.711771415501404103E+00    0.236437241647529550E+00    0.218120211727998725E-01    0.109800005067036466E+01    0.756289057658787178E+00    0.791794279585877447E+00    0.126759697320380837E+01    0.795269847901636795E-01   -0.173144406116421101E+01   -0.131813640021505307E+01    0.548557749667679895E+00    0.772688255540258506E+01    0.197799051598487940E+01   -0.900843999424724444E+02   -0.920623904584573296E+02
    0.689883036195562460E+00    0.236469611162309523E+00    0.241214728849921609E-01    0.108575775228130933E+01    0.796251576312787090E+00    0.316581392268547646E+00   -0.495750832805015307E+00   -0.173634034449946739E+01   -0.298889513491872094E+01   -0.202539280413589040E+01    0.202661701513420667E+01    0.781920122531728534E+01   -0.318253654142800935E+00   -0.923616981226932694E+02   -0.920434444685504616E+02
    0.675531024430393701E+00    0.234927987778991376E+00    0.238598085498301637E-01    0.108432274137849838E+01    0.710459090505502600E+00    0.143655110070216807E+00    0.171416809947686488E+00   -0.843482794183501028E+00   -0.180422144292720055E+01   -0.755507574859848319E+00    0.173250848461634654E+01    0.773552901700227213E+01    0.247916116414841259E+01   -0.895304333331068847E+02   -0.920095944972552928E+02
    0.741886175542140203E+00    0.231886428157118296E+00    0.191873457128200128E-01    0.107893112882580655E+01    0.744236363421321268E+00    0.291256531608821589E+00   -0.141293488703695402E+00    0.876226901979180184E+00   -0.958113317386732666E+00   -0.361323178105976694E-01    0.375876781287047379E+01    0.774491743001551392E+01   -0.134505687917146588E+01   -0.933419473959454820E+02   -0.919968905167740161E+02
    0.699312612203346062E+00    0.239660749011473162E+00    0.229175693178163033E-01    0.108605273893527476E+01    0.696121877942912581E+00    0.318397464133113317E-01    0.542730787276468618E-01    0.159109157991338179E+01   -0.131054971856087810E+01   -0.121438330228897939E+01    0.263530710691270542E+01    0.780805600792764487E+01    0.721104688700820784E+00   -0.912576167371740752E+02   -0.919787214258748946E+02
    0.727450620545407434E+00    0.242532305846560770E+00    0.214196034009299166E-01    0.108656690470892969E+01    0.706472053483308549E+00   -0.408120192301790752E-01    0.247488636717889676E+00    0.454108992220199126E+00   -0.216047383082354827E+01   -0.936962404513224101E+00    0.224684857824399842E+01    0.774408898365951259E+01    0.189705663220543475E+01   -0.900811952280563446E+02   -0.919782518602617785E+02
    0.810917474984986342E+00    0.245299011237285813E+00    0.240808190245242609E-01    0.109035209144668355E+01    0.824214777359952522E+00    0.537277169589869708E+00   -0.101242475936601295E+01    0.132291410410857679E+01   -0.131959139299738104E+01   -0.696457867076105686E+00    0.251026317622631723E+01    0.780310789006430117E+01    0.583358046485370263E+00   -0.913583620651595822E+02   -0.919417201116449547E+02
    0.680121197936521371E+00    0.246681802226945052E+00    0.229732343368923841E-01    0.109042137033524189E+01    0.766784137363402118E+00    0.833652460162034536E+00    0.490864759150326790E+00    0.261658604362082825E+00    0.466848048824888284E-01   -0.257097288849195138E+01    0.125564624887033482E+01    0.785574588955437214E+01    0.168911667183631842E+01   -0.902409076225309263E+02   -0.919300242943672430E+02
    0.697481771357131519E+00    0.251952904562019742E+00    0.216899930221412379E-01    0.107564627005187385E+01    0.725976325078869000E+00   -0.334787107657330552E+00   -0.126788267085316875E+01   -0.933144090197401410E-01   -0.172206043975279477E+01   -0.275354948019526091E+01    0.165767742647062755E+01    0.765043247962818729E+01    0.127318109860717943E+01   -0.906496327362691829E+02   -0.919228138348763650E+02
    0.710990778576785498E+00    0.246641271573954435E+00    0.213680142138335978E-01    0.108376675884613682E+01    0.792441103238943678E+00    0.974749479049235035E-01    0.275492951410569731E+00   -0.416536486819722940E+00   -0.214065591026724178E+01   -0.962531348969832834E+00    0.165457055244928619E+01    0.777442039181274680E+01    0.250181395135494977E+01   -0.894034505073298646E+02   -0.919052644586848118E+02
    0.668112401544108114E+00    0.244076100142125579E+00    0.194194933053479686E-01    0.108171004797284276E+01    0.684054147920991618E+00   -0.912452774134848710E-01   -0.237158664004937236E+00   -0.165804155752766691E+00   -0.194645561982838422E+01   -0.158937661249751727E+01    0.158975399816540652E+01    0.763216354418790566E+01    0.281833354204528419E+01   -0.890571779551348612E+02   -0.918755114971801419E+02
    0.669221009977069237E+00    0.241657768606821977E+00    0.237095036541029175E-01    0.109018442072369171E+01    0.701982235519451159E+00    0.379339749994556996E+00   -0.546492666513813674E+00   -0.202850845295188209E+00   -0.702311457220048174E+00   -0.173197761536926009E+01    0.121260829569905604E+01    0.769735633047017398E+01    0.297720360729571398E+01   -0.888962295362214689E+02   -0.918734331435171896E+02
    0.668275182886866714E+00    0.240241945042214466E+00    0.255252927379491235E-01    0.109310526893830340E+01    0.701918084857834801E+00    0.311833900085659366E+00    0.355692702635224123E-01    0.740340627430674525E-02   -0.104695152005319847E+01   -0.154171485236361150E+01    0.566813598990165923E+00    0.762089351880846255E+01    0.299316101733644491E+01   -0.888680616672332064E+02   -0.918612226845696540E+02
    0.702837364419085286E+00    0.253646079678210234E+00    0.235922980820039707E-01    0.107724896031212958E+01    0.760277731785391930E+00    0.525994237945657694E+00   -0.817896896509182625E+00   -0.144680488924336714E+01   -0.892267503030552467E+00   -0.204764368327573720E+01    0.180535876778435544E+01    0.767794491470716167E+01    0.174974574700450547E+01   -0.901110886128322619E+02   -0.918608343598367725E+02
    0.764051196235814301E+00    0.243461875169491804E+00    0.254935290504199122E-01    0.108313260565864455E+01    0.783123811433835915E+00    0.187083679535617442E+00    0.491874185496499194E+00    0.146490503774543868E+01   -0.931644896808165646E+00   -0.311714200108781370E-01    0.226905409458026952E+01    0.795318611897811767E+01    0.342570244765848297E+00   -0.915054059428119473E+02   -0.918479761875777996E+02
    0.665273666949533826E+00    0.248089424155268190E+00    0.210185404350722443E-01    0.107153059865043132E+01    0.713682369964441010E+00   -0.437333012009251121E-01   -0.140969136068292755E+01    0.366670605563967966E+00   -0.794023981677580704E-01   -0.146179983889510368E+01    0.166083946769163071E+01    0.763576031212506567E+01    0.151279615814720669E+01   -0.903281252820676457E+02   -0.918409214402148564E+02
    0.724206263117938454E+00    0.249210236525197831E+00    0.214070376075487720E-01    0.109431968527107548E+01    0.747029726159524898E+00   -0.339870519329007692E+00    0.950065653761384965E+00   -0.501320353881737901E+00   -0.294078556027557170E+01    0.108401097979481165E+01    0.360075794820886808E+00    0.771249468777139757E+01   -0.239267061895265787E+01   -0.942221138491336347E+02   -0.918294432301809707E+02
    0.706517960051798233E+00    0.247501606743613628E+00    0.218654599325875769E-01    0.107968007829620882E+01    0.769175657947935409E+00    0.653791358906531173E+00    0.296785745855459027E+00   -0.410225847929268084E-01   -0.389530704700291386E+00   -0.212892922842797816E+01    0.178675531076464744E+01    0.765296286723300323E+01    0.254920774130288930E+01   -0.892685196499159446E+02   -0.918177273912188383E+02
    0.716390797445471073E+00    0.230321732291110193E+00    0.229090164306226668E-01    0.109306247922228161E+01    0.727695401456198487E+00    0.187996342532493088E+00    0.529045102450709237E-01    0.228314123371205824E+01   -0.813557925363283863E+00   -0.121335552591631313E+01    0.228443132760162371E+01    0.791764433587381067E+01   -0.349428048360724608E+00   -0.921548477230388414E+02   -0.918054196746781201E+02
    0.702631880254299457E+00    0.243114240135106352E+00    0.195312731729894926E-01    0.108445583855492389E+01    0.710142300688450301E+00    0.688800864974314919E-01   -0.455202095096183257E+00    0.691371693204700932E+00    0.760693901600009159E-01   -0.147241923500928351E+01    0.224372010714773751E+01    0.771254584241180474E+01    0.159857947879723250E+01   -0.901929145565196393E+02   -0.917914940353168731E+02
    0.657906739748698843E+00    0.243194887914749552E+00    0.208150877913616528E-01    0.109221981699537163E+01    0.656992874421982287E+00   -0.308683788425199168E-01    0.963074013992581968E+00   -0.992218923568088385E-01   -0.298918678262566573E+01   -0.181869126716833307E+01    0.334699646455987931E+01    0.767675973839852865E+01   -0.122185904359427866E+01   -0.929827096445234105E+02   -0.917608506009291318E+02
    0.693817151990907988E+00    0.246845619442957215E+00    0.252270436084357820E-01    0.108191952066734487E+01    0.737941441279835741E+00    0.450362092521458202E+00    0.806548933693420622E+00    0.448084891971802846E+00   -0.407543375093837090E+00   -0.144519920759307752E+01    0.602908926053942418E+00    0.787735231116858348E+01    0.227772440808636567E+01   -0.894443839242977958E+02   -0.917221083323841668E+02
    0.775586121085456992E+00    0.238756670410857991E+00    0.198061272862786603E-01    0.109446780001827637E+01    0.782617103756131360E+00    0.108924957973773218E+00   -0.448838045997490553E-01   -0.103737454104361859E+01   -0.205916736156154911E+01   -0.113597310868385648E+01    0.100959966794675915E+01    0.761189978534245526E+01    0.238370640484196672E+01   -0.893345747533438299E+02   -0.917182811581858033E+02
    0.774298674110145413E+00    0.247492472934415786E+00    0.198533083322894460E-01    0.108045978152115740E+01    0.789625963018108612E+00    0.526153604417546106E+00    0.769907117397679031E+00   -0.468634483365803489E-01   -0.128900101573094594E+01   -0.982098659345638225E+00    0.227302411442565244E+01    0.771070542628632793E+01    0.235332829025810764E+01   -0.893462610142035771E+02   -0.916995893044616821E+02
    0.640477126799931074E+00    0.240081964867418646E+00    0.241886954052551902E-01    0.107960032061199973E+01    0.763830056599054674E+00    0.204786251570529210E+00    0.583724583794946739E+00    0.757717878055927940E+00   -0.201475889941889363E+01   -0.454829793105773206E+00    0.138709375152416237E+01    0.779780793582324172E+01    0.179835322397980102E+01   -0.898991979367141312E+02   -0.916975511606939335E+02
    0.677040741978427452E+00    0.240211159943877373E+00    0.219508688996859005E-01    0.109494080023756402E+01    0.755454533263455685E+00   -0.218737481694175173E+00    0.197980880137720305E+00   -0.189291175249877597E+01   -0.135525580794023859E+01   -0.559898255820598933E+00    0.348517176148220642E+01    0.773942005511452269E+01   -0.106024930087398195E+01   -0.926711827139423008E+02   -0.916109334130683237E+02
    0.667207114761804609E+00    0.236906801883446427E+00    0.215518951209693194E-01    0.109422581715446521E+01    0.759074540110281193E+00    0.463392277903249550E+00    0.812744610440176984E+00    0.754339767212286461E+00   -0.159454865415796099E+01   -0.169618614867545148E+01    0.169912407070683025E+01    0.787915817885359804E+01    0.224333458767143679E+01   -0.866831180915279447E+02   -0.889264526791993859E+02
    0.667207114761804609E+00    0.236906801883446427E+00    0.215518951209693194E-01    0.109422581715446521E+01    0.759074540110281193E+00    0.463392277903249550E+00    0.812744610440176984E+00    0.754339767212286461E+00   -0.159454865415796099E+01   -0.169618614867545148E+01    0.169912407070683025E+01    0.787915817885359804E+01    0.224333458767143679E+01   -0.866831180915279447E+02   -0.889264526791993859E+02
    0.667207114761804609E+00    0.236906801883446427E+00    0.215518951209693194E-01    0.109422581715446521E+01    0.759074540110281193E+00    0.463392277903249550E+00    0.812744610440176984E+00    0.754339767212286461E+00   -0.159454865415796099E+01   -0.169618614867545148E+01    0.169912407070683025E+01    0.787915817885359804E+01    0.224333458767143679E+01   -0.866831180915279447E+02   -0.889264526791993859E+02
    0.648206346755793583E+00    0.231338786325229112E+00    0.227637940632324474E-01    0.109932764136693883E+01    0.739485678061171603E+00    0.741458970841041953E+00    0.101061886784577837E+01    0.376712417274802702E+00   -0.233608225106650025E+01   -0.109554597367491624E+01    0.225842689365549631E+01    0.798727112002241846E+01    0.131190331535473947E+01   -0.879380555202261007E+02   -0.892499588355808413E+02
    0.648206346755793583E+00    0.231338786325229112E+00    0.227637940632324474E-01    0.109932764136693883E+01    0.739485678061171603E+00    0.741458970841041953E+00    0.101061886784577837E+01    0.376712417274802702E+00   -0.233608225106650025E+01   -0.109554597367491624E+01    0.225842689365549631E+01    0.798727112002241846E+01    0.131190331535473947E+01   -0.879380555202261007E+02   -0.892499588355808413E+02
    0.644365463911729441E+00    0.232421394825813782E+00    0.252260018558292907E-01    0.108484155839274243E+01    0.727108663437655345E+00    0.554614192163045416E+00    0.927877688233138542E+00    0.536453606306395159E+00   -0.980539441774226139E+00   -0.184619951080890132E+01    0.239998386579713952E+01    0.780699868422252052E+01    0.182591078430270404E+01   -0.888203676820468502E+02   -0.906462784663495569E+02
    0.689744494143980758E+00    0.243756510961398776E+00    0.246516473315593794E-01    0.109701386724076366E+01    0.736248930908222632E+00    0.459404796089831535E+00    0.924460387408316819E+00    0.173236199742632435E+00   -0.236230789078831549E+01   -0.160864286580249427E+01    0.214929599184983999E+01    0.791004497949289931E+01    0.158001981935128111E+01   -0.868887108832181383E+02   -0.884687307025694167E+02
    0.689744494143980758E+00    0.243756510961398776E+00    0.246516473315593794E-01    0.109701386724076366E+01    0.736248930908222632E+00    0.459404796089831535E+00    0.924460387408316819E+00    0.173236199742632435E+00   -0.236230789078831549E+01   -0.160864286580249427E+01    0.214929599184983999E+01    0.791004497949289931E+01    0.158001981935128111E+01   -0.868887108832181383E+02   -0.884687307025694167E+02
    0.689744494143980758E+00    0.243756510961398776E+00    0.246516473315593794E-01    0.109701386724076366E+01    0.736248930908222632E+00    0.459404796089831535E+00    0.924460387408316819E+00    0.173236199742632435E+00   -0.236230789078831549E+01   -0.160864286580249427E+01    0.214929599184983999E+01    0.791004497949289931E+01    0.158001981935128111E+01   -0.868887108832181383E+02   -0.884687307025694167E+02
    0.689744494143980758E+00    0.243756510961398776E+00    0.246516473315593794E-01    0.109701386724076366E+01    0.736248930908222632E+00    0.459404796089831535E+00    0.924460387408316819E+00    0.173236199742632435E+00   -0.236230789078831549E+01   -0.160864286580249427E+01    0.214929599184983999E+01    0.791004497949289931E+01    0.158001981935128111E+01   -0.868887108832181383E+02   -0.884687307025694167E+02
    0.689744494143980758E+00    0.243756510961398776E+00    0.246516473315593794E-01    0.109701386724076366E+01    0.736248930908222632E+00    0.459404796089831535E+00    0.924460387408316819E+00    0.173236199742632435E+00   -0.236230789078831549E+01   -0.160864286580249427E+01    0.214929599184983999E+01    0.791004497949289931E+01    0.158001981935128111E+01   -0.868887108832181383E+02   -0.884687307025694167E+02
    0.656889963279416622E+00    0.243342436361772801E+00    0.224250970798313444E-01    0.108793050006142966E+01    0.715541540676910115E+00    0.728984237301773419E+00   -0.418447706837241640E+00   -0.335033050990887149E+00   -0.188674680837834763E+01   -0.101505104078114528E-01    0.210902037944492804E+01    0.789229752826772391E+01    0.155185444110775617E+01   -0.896363521826071832E+02   -0.911882066237149331E+02
    0.662641949303422462E+00    0.227014372973729728E+00    0.208896391180243488E-01    0.109020578994255457E+01    0.756808144341471034E+00    0.382209732181097550E+00    0.221169407469687940E+00    0.209725150327471965E+01   -0.531269782760545928E+00   -0.229852472594870960E+01    0.280387185836275421E+01    0.781489468398315079E+01   -0.111135517487154534E+01   -0.913502245730977762E+02   -0.902388693982262282E+02
    0.649946380939123380E+00    0.240189161087443093E+00    0.213480117357731126E-01    0.109468135417706036E+01    0.706911995195975473E+00    0.149730362126398120E+00    0.186316163750575470E+01    0.318835566509960755E+00   -0.120752657682601217E+01   -0.146561127926702284E+01    0.252546611501998086E+01    0.789918072298537854E+01    0.605784283178163241E+00   -0.885042728477754395E+02   -0.891100571309536065E+02
    0.649946380939123380E+00    0.240189161087443093E+00    0.213480117357731126E-01    0.109468135417706036E+01    0.706911995195975473E+00    0.149730362126398120E+00    0.186316163750575470E+01    0.318835566509960755E+00   -0.120752657682601217E+01   -0.146561127926702284E+01    0.252546611501998086E+01    0.789918072298537854E+01    0.605784283178163241E+00   -0.885042728477754395E+02   -0.891100571309536065E+02
    0.649946380939123380E+00    0.240189161087443093E+00    0.213480117357731126E-01    0.109468135417706036E+01    0.706911995195975473E+00    0.149730362126398120E+00    0.186316163750575470E+01    0.318835566509960755E+00   -0.120752657682601217E+01   -0.146561127926702284E+01    0.252546611501998086E+01    0.789918072298537854E+01    0.605784283178163241E+00   -0.885042728477754395E+02   -0.891100571309536065E+02
    0.665395115490433509E+00    0.227046282827371909E+00    0.190278292831972465E-01    0.109745631583215575E+01    0.717261817539029178E+00    0.628223771103755269E-01    0.281392379887392963E+00   -0.247683681840271619E+00   -0.129326050638269385E+01   -0.899035934486391852E+00    0.109317668889957553E+01    0.791760593955435521E+01    0.307166562891903361E+01   -0.882506728427224090E+02   -0.913223384716414444E+02
    0.668292682677796623E+00    0.226984797149942463E+00    0.224020605184263970E-01    0.109548119591455628E+01    0.720448007866354878E+00    0.344058601291683530E+00    0.810010238025142826E+00   -0.715185693733246808E+00   -0.112832388649508153E+01   -0.129616948934994980E+01    0.270304496230551194E+01    0.797308366151413406E+01    0.175825008553987971E+01   -0.894446195509446085E+02   -0.912028696364844933E+02
    0.667117624275445631E+00    0.238564905203785566E+00    0.220401186129310506E-01    0.109902417318665924E+01    0.689387003997968817E+00    0.233425126211194822E+00    0.717808743239629621E+00   -0.248887065264398133E+00   -0.161884267306390917E+01   -0.117788244321104685E+01    0.222101969214577366E+01    0.795020937354768442E+01    0.239807753188483774E+01   -0.881872080022387621E+02   -0.905852855341235994E+02
    0.655071747038333707E+00    0.241196646832097766E+00    0.193080279329727392E-01    0.107728314577924422E+01    0.731602594935634065E+00    0.645777443556593056E+00    0.110413849843212120E+01   -0.630777101317789857E+00   -0.129367379119571502E+01    0.948682366504272068E-01    0.155304694805977328E+01    0.796754736993379353E+01    0.138910596370504602E+01   -0.901563784371475663E+02   -0.915454844008526152E+02
    0.641366999336210220E+00    0.226824807866015693E+00    0.219610163153283675E-01    0.108980929403280857E+01    0.697947589459232742E+00    0.464508650527495348E+00    0.170034910569256681E+00    0.800416352182082846E+00   -0.833195769042731404E+00   -0.898691554372135215E+00    0.310404123491366590E+01    0.791420732850953446E+01    0.919471207052810158E+00   -0.902779491573340493E+02   -0.911974203643868577E+02
    0.667237513974214047E+00    0.241540075604957577E+00    0.213788592716303502E-01    0.108376128460254173E+01    0.714971097558538160E+00    0.404792819501940571E+00    0.339986236932645625E+00   -0.208911362680055335E+00   -0.157776783593931191E+01   -0.719006191053495058E+00    0.247255838990326993E+01    0.784194776565165519E+01    0.214285316593453334E+01   -0.878946676784481298E+02   -0.900375208443826693E+02
    0.654905360398329917E+00    0.240021927293799092E+00    0.259460828545380259E-01    0.109076824017845020E+01    0.736463659338437715E+00    0.436865174669438971E+00   -0.820661111481513217E-01    0.424136083717030543E+00   -0.170017292124043684E+01   -0.229852372219397694E+01    0.160525304844554761E+01    0.789217960576079669E+01    0.244134590175694566E+01   -0.867213598916313089E+02   -0.891627057933882554E+02
    0.654905360398329917E+00    0.240021927293799092E+00    0.259460828545380259E-01    0.109076824017845020E+01    0.736463659338437715E+00    0.436865174669438971E+00   -0.820661111481513217E-01    0.424136083717030543E+00   -0.170017292124043684E+01   -0.229852372219397694E+01    0.160525304844554761E+01    0.789217960576079669E+01    0.244134590175694566E+01   -0.867213598916313089E+02   -0.891627057933882554E+02
    0.654905360398329917E+00    0.240021927293799092E+00    0.259460828545380259E-01    0.109076824017845020E+01    0.736463659338437715E+00    0.436865174669438971E+00   -0.820661111481513217E-01    0.424136083717030543E+00   -0.170017292124043684E+01   -0.229852372219397694E+01    0.160525304844554761E+01    0.789217960576079669E+01    0.244134590175694566E+01   -0.867213598916313089E+02   -0.891627057933882554E+02
    0.667107215809057963E+00    0.238745341022486318E+00    0.254389555183935356E-01    0.107940514293564638E+01    0.721775765139014203E+00   -0.348698201185406731E-01   -0.295367823167680399E+00    0.547579434547742494E+00   -0.932951514834030382E+00   -0.154313592929270271E+01    0.438100551466618526E+01    0.789167826948740903E+01   -0.192240163502365258E+01   -0.923257855313615323E+02   -0.904033838963378855E+02
    0.645018688315551758E+00    0.250750508069578548E+00    0.239091739550333846E-01    0.109086929670366106E+01    0.737342232073493364E+00    0.387303382219137404E-01   -0.702684804988393807E+00    0.390199305164742383E+00   -0.790614131439042245E+00   -0.233009995959605476E+01    0.168545363725797892E+01    0.789858957479393275E+01    0.228140627524988338E+01   -0.873573446437980863E+02   -0.896387509190479648E+02
    0.645018688315551758E+00    0.250750508069578548E+00    0.239091739550333846E-01    0.109086929670366106E+01    0.737342232073493364E+00    0.387303382219137404E-01   -0.702684804988393807E+00    0.390199305164742383E+00   -0.790614131439042245E+00   -0.233009995959605476E+01    0.168545363725797892E+01    0.789858957479393275E+01    0.228140627524988338E+01   -0.873573446437980863E+02   -0.896387509190479648E+02
    0.659111648842390263E+00    0.238803824242624474E+00    0.229860418445721817E-01    0.108631330812301674E+01    0.734246805747008291E+00    0.190504359507731813E+00   -0.106339522571602174E+01   -0.178490132906290400E+00   -0.851316720924159887E+00   -0.198597552995011029E+01    0.278141555825982323E+01    0.797277239110451319E+01    0.134477334686216166E+01   -0.883356472650030469E+02   -0.896804206118652019E+02
    0.659111648842390263E+00    0.238803824242624474E+00    0.229860418445721817E-01    0.108631330812301674E+01    0.734246805747008291E+00    0.190504359507731813E+00   -0.106339522571602174E+01   -0.178490132906290400E+00   -0.851316720924159887E+00   -0.198597552995011029E+01    0.278141555825982323E+01    0.797277239110451319E+01    0.134477334686216166E+01   -0.883356472650030469E+02   -0.896804206118652019E+02
    0.665104366155637949E+00    0.242016262930656034E+00    0.251782412647375484E-01    0.108761503373324775E+01    0.743377239906933052E+00    0.310177184499242031E+00   -0.788592560013512411E-01    0.112042759570499584E+01   -0.117165933796854893E+01   -0.168441765331749593E+01    0.174425302510712776E+01    0.788274528760392990E+01    0.225943358861702093E+01   -0.872272419207659766E+02   -0.894866755093829909E+02
    0.665104366155637949E+00    0.242016262930656034E+00    0.251782412647375484E-01    0.108761503373324775E+01    0.743377239906933052E+00    0.310177184499242031E+00   -0.788592560013512411E-01    0.112042759570499584E+01   -0.117165933796854893E+01   -0.168441765331749593E+01    0.174425302510712776E+01    0.788274528760392990E+01    0.225943358861702093E+01   -0.872272419207659766E+02   -0.894866755093829909E+02
    0.708066368687919501E+00    0.247670607093631479E+00    0.221738130806830233E-01    0.109726812620706249E+01    0.706365243487761529E+00   -0.174875758265120140E+00   -0.157052608061576393E+00    0.592458671045505980E+00   -0.145056730710052739E+01   -0.204027948991210906E+01    0.161134146533754596E+01    0.782220576996426420E+01    0.263040985077247758E+01   -0.880386882105073596E+02   -0.906690980612798398E+02
    0.650094770886451179E+00    0.247281224273927874E+00    0.221204556017621165E-01    0.109062796085872815E+01    0.722671782755345493E+00    0.569322869268127363E-01   -0.219672510057762338E+00    0.734741550210173955E+00   -0.112505827784502777E+01   -0.286821226982851840E+01    0.180833468210153137E+01    0.791094188269659870E+01    0.159170767075136932E+01   -0.874309397827482542E+02   -0.890226474534996299E+02
    0.650094770886451179E+00    0.247281224273927874E+00    0.221204556017621165E-01    0.109062796085872815E+01    0.722671782755345493E+00    0.569322869268127363E-01   -0.219672510057762338E+00    0.734741550210173955E+00   -0.112505827784502777E+01   -0.286821226982851840E+01    0.180833468210153137E+01    0.791094188269659870E+01    0.159170767075136932E+01   -0.874309397827482542E+02   -0.890226474534996299E+02
    0.650094770886451179E+00    0.247281224273927874E+00    0.221204556017621165E-01    0.109062796085872815E+01    0.722671782755345493E+00    0.569322869268127363E-01   -0.219672510057762338E+00    0.734741550210173955E+00   -0.112505827784502777E+01   -0.286821226982851840E+01    0.180833468210153137E+01    0.791094188269659870E+01    0.159170767075136932E+01   -0.874309397827482542E+02   -0.890226474534996299E+02
    0.693495120763585993E+00    0.248638528173660889E+00    0.209404014524332098E-01    0.109419343829204507E+01    0.747663699566591622E+00    0.546383902384839359E+00    0.180439005056314272E+00   -0.108592552817640353E+01   -0.878064124941601909E+00   -0.140297169342716188E+01    0.124082622212540650E+01    0.794645033410899693E+01    0.281507852238774436E+01   -0.875529890177799786E+02   -0.903680675401677291E+02
    0.650283010370167669E+00    0.250339554956917176E+00    0.202872030943420101E-01    0.108495799242402802E+01    0.704576993747988212E+00    0.342116839700787878E+00   -0.114379213861298012E+01    0.580639521771217915E+00   -0.166173629928266542E+01   -0.824241913359173850E+00    0.218484396873350306E+01    0.792074332588094787E+01    0.158570088936714937E+01   -0.864634459269243081E+02   -0.880491468162914543E+02
    0.650283010370167669E+00    0.250339554956917176E+00    0.202872030943420101E-01    0.108495799242402802E+01    0.704576993747988212E+00    0.342116839700787878E+00   -0.114379213861298012E+01    0.580639521771217915E+00   -0.166173629928266542E+01   -0.824241913359173850E+00    0.218484396873350306E+01    0.792074332588094787E+01    0.158570088936714937E+01   -0.864634459269243081E+02   -0.880491468162914543E+02
    0.650283010370167669E+00    0.250339554956917176E+00    0.202872030943420101E-01    0.108495799242402802E+01    0.704576993747988212E+00    0.342116839700787878E+00   -0.114379213861298012E+01    0.580639521771217915E+00   -0.166173629928266542E+01   -0.824241913359173850E+00    0.218484396873350306E+01    0.792074332588094787E+01    0.158570088936714937E+01   -0.864634459269243081E+02   -0.880491468162914543E+02
    0.650283010370167669E+00    0.250339554956917176E+00    0.202872030943420101E-01    0.108495799242402802E+01    0.704576993747988212E+00    0.342116839700787878E+00   -0.114379213861298012E+01    0.580639521771217915E+00   -0.166173629928266542E+01   -0.824241913359173850E+00    0.218484396873350306E+01    0.792074332588094787E+01    0.158570088936714937E+01   -0.864634459269243081E+02   -0.880491468162914543E+02
    0.650283010370167669E+00    0.250339554956917176E+00    0.202872030943420101E-01    0.108495799242402802E+01    0.704576993747988212E+00    0.342116839700787878E+00   -0.114379213861298012E+01    0.580639521771217915E+00   -0.166173629928266542E+01   -0.824241913359173850E+00    0.218484396873350306E+01    0.792074332588094787E+01    0.158570088936714937E+01   -0.864634459269243081E+02   -0.880491468162914543E+02
    0.650283010370167669E+00    0.250339554956917176E+00    0.202872030943420101E-01    0.108495799242402802E+01    0.704576993747988212E+00    0.342116839700787878E+00   -0.114379213861298012E+01    0.580639521771217915E+00   -0.166173629928266542E+01   -0.824241913359173850E+00    0.218484396873350306E+01    0.792074332588094787E+01    0.158570088936714937E+01   -0.864634459269243081E+02   -0.880491468162914543E+02
    0.650283010370167669E+00    0.250339554956917176E+00    0.202872030943420101E-01    0.108495799242402802E+01    0.704576993747988212E+00    0.342116839700787878E+00   -0.114379213861298012E+01    0.580639521771217915E+00   -0.166173629928266542E+01   -0.824241913359173850E+00    0.218484396873350306E+01    0.792074332588094787E+01    0.158570088936714937E+01   -0.864634459269243081E+02   -0.880491468162914543E+02
    0.650283010370167669E+00    0.250339554956917176E+00    0.202872030943420101E-01    0.108495799242402802E+01    0.704576993747988212E+00    0.342116839700787878E+00   -0.114379213861298012E+01    0.580639521771217915E+00   -0.166173629928266542E+01   -0.824241913359173850E+00    0.218484396873350306E+01    0.792074332588094787E+01    0.158570088936714937E+01   -0.864634459269243081E+02   -0.880491468162914543E+02
    0.710627640536324212E+00    0.243669303016307459E+00    0.222381231920212863E-01    0.108913562087362292E+01    0.738772276032379938E+00    0.261444875546986921E+00   -0.245606944228029533E+00   -0.260709174369821439E-01   -0.187966870979494138E+01   -0.899391044509911808E+00    0.203918114546809193E+01    0.787154813729062042E+01    0.250717363158197593E+01   -0.872417832550297021E+02   -0.897489568866116798E+02
    0.670987957077181840E+00    0.234450847481375013E+00    0.208513508858988068E-01    0.108998371858100396E+01    0.717317297398372133E+00    0.313876699703151019E+00   -0.193882024930985608E+01   -0.240607607669289736E+00   -0.203731288762014628E+01   -0.393467641189317874E+00    0.179256427950008423E+01    0.784584419090774343E+01    0.316085154058370454E+00   -0.903650491045697919E+02   -0.906811342586281626E+02
    0.654372377383751203E+00    0.244237713791292138E+00    0.247127619198328173E-01    0.109023147287708100E+01    0.716425481208640691E+00    0.453084490992791800E+00    0.688782527014382140E+00    0.906164830709030866E+00   -0.940349969542921604E+00   -0.171592874639713955E+01    0.280977887859194198E+01    0.796161746837768103E+01    0.118079037247282681E+01   -0.873120153991288390E+02   -0.884928057716016667E+02
    0.654372377383751203E+00    0.244237713791292138E+00    0.247127619198328173E-01    0.109023147287708100E+01    0.716425481208640691E+00    0.453084490992791800E+00    0.688782527014382140E+00    0.906164830709030866E+00   -0.940349969542921604E+00   -0.171592874639713955E+01    0.280977887859194198E+01    0.796161746837768103E+01    0.118079037247282681E+01   -0.873120153991288390E+02   -0.884928057716016667E+02
    0.654372377383751203E+00    0.244237713791292138E+00    0.247127619198328173E-01    0.109023147287708100E+01    0.716425481208640691E+00    0.453084490992791800E+00    0.688782527014382140E+00    0.906164830709030866E+00   -0.940349969542921604E+00   -0.171592874639713955E+01    0.280977887859194198E+01    0.796161746837768103E+01    0.118079037247282681E+01   -0.873120153991288390E+02   -0.884928057716016667E+02
    0.654372377383751203E+00    0.244237713791292138E+00    0.247127619198328173E-01    0.109023147287708100E+01    0.716425481208640691E+00    0.453084490992791800E+00    0.688782527014382140E+00    0.906164830709030866E+00   -0.940349969542921604E+00   -0.171592874639713955E+01    0.280977887859194198E+01    0.796161746837768103E+01    0.118079037247282681E+01   -0.873120153991288390E+02   -0.884928057716016667E+02
    0.654372377383751203E+00    0.244237713791292138E+00    0.247127619198328173E-01    0.109023147287708100E+01    0.716425481208640691E+00    0.453084490992791800E+00    0.688782527014382140E+00    0.906164830709030866E+00   -0.940349969542921604E+00   -0.171592874639713955E+01    0.280977887859194198E+01    0.796161746837768103E+01    0.118079037247282681E+01   -0.873120153991288390E+02   -0.884928057716016667E+02
    0.646615086713848708E+00    0.239874917423489820E+00    0.201429462992149914E-01    0.108881366359859655E+01    0.728040552958368337E+00    0.500783316329329153E+00    0.650830705520775155E+00    0.455879252782551758E+00   -0.230927941015693250E+01   -0.147165270234040690E+01    0.115643257761234985E+01    0.787564698205026037E+01    0.212545912247929936E+01   -0.866588332089387023E+02   -0.887842923314180013E+02
    0.646615086713848708E+00    0.239874917423489820E+00    0.201429462992149914E-01    0.108881366359859655E+01    0.728040552958368337E+00    0.500783316329329153E+00    0.650830705520775155E+00    0.455879252782551758E+00   -0.230927941015693250E+01   -0.147165270234040690E+01    0.115643257761234985E+01    0.787564698205026037E+01    0.212545912247929936E+01   -0.866588332089387023E+02   -0.887842923314180013E+02
    0.646615086713848708E+00    0.239874917423489820E+00    0.201429462992149914E-01    0.108881366359859655E+01    0.728040552958368337E+00    0.500783316329329153E+00    0.650830705520775155E+00    0.455879252782551758E+00   -0.230927941015693250E+01   -0.147165270234040690E+01    0.115643257761234985E+01    0.787564698205026037E+01    0.212545912247929936E+01   -0.866588332089387023E+02   -0.887842923314180013E+02
    0.721201790177344870E+00    0.243561558342573148E+00    0.233340951711725995E-01    0.109864193879791139E+01    0.742453451218222038E+00    0.171804400567536319E+00   -0.728084580862287112E-01    0.151789411389700091E+00   -0.113126148925289249E+01   -0.112343395545508429E+01    0.240089894565130635E+01    0.799524141688949896E+01    0.252776560716485132E+01   -0.866949797918098284E+02   -0.892227453989746806E+02
    0.721201790177344870E+00    0.243561558342573148E+00    0.233340951711725995E-01    0.109864193879791139E+01    0.742453451218222038E+00    0.171804400567536319E+00   -0.728084580862287112E-01    0.151789411389700091E+00   -0.113126148925289249E+01   -0.112343395545508429E+01    0.240089894565130635E+01    0.799524141688949896E+01    0.252776560716485132E+01   -0.866949797918098284E+02   -0.892227453989746806E+02
    0.685416758247722413E+00    0.245309614915227958E+00    0.222394248831649169E-01    0.109812043315315799E+01    0.696987741935503391E+00   -0.204346799546232916E+00    0.106636666718145534E+01    0.171166840436512757E+01   -0.119377214982137025E+01   -0.742268680602364839E+00    0.223786127629068687E+01    0.784772625283642977E+01    0.218590545683267745E+00   -0.904159084423039019E+02   -0.906344989879871719E+02
    0.647214892171722567E+00    0.242789226263112723E+00    0.241230641335117464E-01    0.107152156448367419E+01    0.740797439680554892E+00    0.180117436057338764E+00    0.131998344890121189E+01    0.110644982545977655E+01   -0.831026315771623336E+00   -0.879323987643374494E+00    0.382304971078724520E+01    0.779292867283203794E+01   -0.187560104354088431E+01   -0.926644847853499130E+02   -0.907888837418090304E+02
    0.701865544635147720E+00    0.249800526645998111E+00    0.241908857674991741E-01    0.109197618761683080E+01    0.727287222543677725E+00    0.197888055205927671E+00    0.746515162928744758E+00    0.152287477396840232E-01   -0.701409706829281054E+00    0.535057685191304699E+00    0.187467642307979099E+01    0.781919911190430650E+01    0.838241506908869782E+00   -0.887985382074239027E+02   -0.896367797143327749E+02
    0.693318171121767968E+00    0.251300338710994164E+00    0.240496802857302523E-01    0.109372174304786185E+01    0.764933642980807238E+00    0.955093492504159869E-01    0.153775265113949899E+01    0.179507540107692876E+01   -0.106583116808565115E+01   -0.146055479037045188E+01    0.210927903511787918E+01    0.799214797117158859E+01   -0.226282475891099066E+00   -0.906143401631557879E+02   -0.903880576872646913E+02
    0.718053065180792927E+00    0.235755886474972004E+00    0.207539240494418950E-01    0.109457783287744825E+01    0.734095796709775206E+00    0.307979534884417205E-02    0.159624709372451434E+01    0.404042543476634874E+00   -0.112082341611198877E+01   -0.586269829365164696E+00    0.245270658254071350E+01    0.791069207782359207E+01    0.790479768547491135E+00   -0.901824001935783315E+02   -0.909728799621258162E+02
    0.762729580781574379E+00    0.251419068698460146E+00    0.230863378191755002E-01    0.109052675636336938E+01    0.776885547964659584E+00    0.553491449582134365E+00    0.236890907269867057E+01    0.967023698925686404E+00   -0.371611523538603938E+00   -0.533353006145489417E+00    0.214703401053498055E+01    0.781871352348573989E+01   -0.122963901375026818E+01   -0.915301062276658257E+02   -0.903004672139155531E+02
    0.753004279108342223E+00    0.247621104538010450E+00    0.199039052070564756E-01    0.108635525251989740E+01    0.793923844412841806E+00    0.473951669172539169E+00    0.120936088179291801E+01    0.124416379938452337E+01   -0.872118997623374304E+00   -0.159293247603386590E+01    0.375793561454315750E+01    0.791288955607770905E+01   -0.163404527583343873E+01   -0.911202680414226336E+02   -0.894862227655891900E+02
    0.753004279108342223E+00    0.247621104538010450E+00    0.199039052070564756E-01    0.108635525251989740E+01    0.793923844412841806E+00    0.473951669172539169E+00    0.120936088179291801E+01    0.124416379938452337E+01   -0.872118997623374304E+00   -0.159293247603386590E+01    0.375793561454315750E+01    0.791288955607770905E+01   -0.163404527583343873E+01   -0.911202680414226336E+02   -0.894862227655891900E+02
    0.729570977623185013E+00    0.249060019318144310E+00    0.215693015578051692E-01    0.109730712265395280E+01    0.796167164653668102E+00    0.688206194993254528E+00    0.165671338053812178E+01    0.271204504841762228E+00   -0.917971253016957922E+00   -0.158660172442637304E+01    0.437467953220334493E+01    0.785846218209876479E+01   -0.307841676624510718E+01   -0.922130681235323664E+02   -0.891346513572872539E+02
    0.729570977623185013E+00    0.249060019318144310E+00    0.215693015578051692E-01    0.109730712265395280E+01    0.796167164653668102E+00    0.688206194993254528E+00    0.165671338053812178E+01    0.271204504841762228E+00   -0.917971253016957922E+00   -0.158660172442637304E+01    0.437467953220334493E+01    0.785846218209876479E+01   -0.307841676624510718E+01   -0.922130681235323664E+02   -0.891346513572872539E+02
    0.729570977623185013E+00    0.249060019318144310E+00    0.215693015578051692E-01    0.109730712265395280E+01    0.796167164653668102E+00    0.688206194993254528E+00    0.165671338053812178E+01    0.271204504841762228E+00   -0.917971253016957922E+00   -0.158660172442637304E+01    0.437467953220334493E+01    0.785846218209876479E+01   -0.307841676624510718E+01   -0.922130681235323664E+02   -0.891346513572872539E+02
    0.650668550683324298E+00    0.243942416079944074E+00    0.252317899904232132E-01    0.109723397587509641E+01    0.754570982337801066E+00    0.353381560298127617E+00    0.112215149964640659E+00   -0.232502395132314577E+00   -0.985819373157710066E+00   -0.808137092802780899E+00    0.179829524224828696E+01    0.784311359084333759E+01    0.293828510426047362E+01   -0.863897940857579982E+02   -0.893280791900184710E+02
    0.650668550683324298E+00    0.243942416079944074E+00    0.252317899904232132E-01    0.109723397587509641E+01    0.754570982337801066E+00    0.353381560298127617E+00    0.112215149964640659E+00   -0.232502395132314577E+00   -0.985819373157710066E+00   -0.808137092802780899E+00    0.179829524224828696E+01    0.784311359084333759E+01    0.293828510426047362E+01   -0.863897940857579982E+02   -0.893280791900184710E+02
    0.672464062479602331E+00    0.242615310641823678E+00    0.215085601371268857E-01    0.108553681104617805E+01    0.728832224669453077E+00    0.606556972307057407E+00    0.267296051550829361E+00    0.547751161153655630E+00   -0.560824094915232996E+00   -0.649682008455556570E+00    0.180356566939849494E+01    0.789904291854213181E+01    0.239318808144042183E+01   -0.882151731278139124E+02   -0.906083612092543405E+02
    0.664664756898380782E+00    0.245815860437837291E+00    0.210433059979823617E-01    0.107598248557435983E+01    0.710588596658003335E+00    0.295429767126324627E+00    0.661832772435673178E+00   -0.130762371533137356E+00   -0.129520167015357379E+01   -0.877720241597899076E+00    0.258184650670159499E+01    0.783460957860604434E+01    0.202976924658110436E+01   -0.880780062869186509E+02   -0.901077755334997619E+02
    0.685824506134831258E+00    0.242360312285892776E+00    0.226734023813800686E-01    0.108329709880033476E+01    0.732358925863692667E+00    0.419473219170571454E+00    0.747738335470558013E+00   -0.177826034166627678E-01   -0.135804305055330565E+01   -0.101807621005377769E+01    0.214971001641401926E+01    0.779512521320507545E+01    0.248199320603012108E+01   -0.878575329763403232E+02   -0.903395261823704487E+02
    0.745178958340526498E+00    0.254524424462303001E+00    0.201682864909283714E-01    0.108237216690218196E+01    0.773707887797311145E+00    0.932734009004896336E-01   -0.279337958244241236E+00    0.206884851376457846E+01   -0.126076702380601069E+01   -0.505429643491197567E+00    0.187644311473263792E+01    0.791387937988783818E+01    0.104135416716629736E+00   -0.899595283162253168E+02   -0.900636637329419472E+02
    0.728126733379365509E+00    0.249784063072321177E+00    0.227549149444877669E-01    0.108977814560751729E+01    0.759668597014063751E+00    0.107336839953555696E+00   -0.149670916982927338E+01    0.110885446120732922E+01   -0.755933399096875069E+00   -0.139044386654745722E+01   -0.619389943432224532E+00    0.783105931584615522E+01   -0.522062292422320162E+00   -0.919189076171361705E+02   -0.913968453247138513E+02
    0.695264360299729045E+00    0.250157942523326071E+00    0.233192942937298850E-01    0.108097888611362092E+01    0.751749217182321461E+00    0.238762048842737329E+00   -0.490055345579776258E+00    0.103483032167673628E+01   -0.935476100802361321E+00   -0.126089720345703427E+01    0.471235293672407574E+00    0.787957721425979329E+01    0.206957274357774246E+01   -0.886445934763908241E+02   -0.907141662199685612E+02
    0.662119877318178229E+00    0.247996286485481970E+00    0.245655051469024326E-01    0.108986571018632050E+01    0.740596802183346448E+00    0.268256325142022689E+00    0.164804874306128113E+00    0.320463193542082136E+00    0.249179373321340103E+00   -0.107580722745183266E+01    0.470933419798029940E+00    0.789735582720769447E+01    0.183881367533158224E+01   -0.892470135454623517E+02   -0.910858272207939308E+02
    0.700653923802175838E+00    0.248640536036376952E+00    0.201877206307102368E-01    0.108571396763789263E+01    0.759128087028543841E+00    0.338385784574501969E+00   -0.264535336657445441E-01    0.577105382502622888E+00    0.281998048195646556E+00   -0.186706213428010415E+01    0.132642790385602916E+01    0.786713056684746448E+01    0.189817474392094887E+01   -0.889885556452329070E+02   -0.908867303891538540E+02
    0.670300498180825155E+00    0.253614046303507756E+00    0.196784458800207361E-01    0.108981055425110318E+01    0.711389642905299047E+00   -0.147827922746417428E-01   -0.421932103403150904E+00    0.384626032633832493E+00   -0.125664976575194465E+01   -0.165361513540915439E+01    0.125418935945276666E+01    0.787775341493978765E+01    0.297479166987817045E+01   -0.859640780584201423E+02   -0.889388697282983145E+02
    0.670300498180825155E+00    0.253614046303507756E+00    0.196784458800207361E-01    0.108981055425110318E+01    0.711389642905299047E+00   -0.147827922746417428E-01   -0.421932103403150904E+00    0.384626032633832493E+00   -0.125664976575194465E+01   -0.165361513540915439E+01    0.125418935945276666E+01    0.787775341493978765E+01    0.297479166987817045E+01   -0.859640780584201423E+02   -0.889388697282983145E+02
    0.670300498180825155E+00    0.253614046303507756E+00    0.196784458800207361E-01    0.108981055425110318E+01    0.711389642905299047E+00   -0.147827922746417428E-01   -0.421932103403150904E+00    0.384626032633832493E+00   -0.125664976575194465E+01   -0.165361513540915439E+01    0.125418935945276666E+01    0.787775341493978765E+01    0.297479166987817045E+01   -0.859640780584201423E+02   -0.889388697282983145E+02
    0.660607044845796909E+00    0.253657547393240590E+00    0.217007323956951714E-01    0.109044238557730910E+01    0.714810886068864226E+00    0.481001210237634425E+00   -0.212500426954420618E+00    0.713449193312959418E-02   -0.503892000004952711E+00   -0.139596409643786501E+01    0.115928422762749528E+01    0.783912921664692774E+01    0.303847649012973697E+01   -0.861436087891412399E+02   -0.891820852792709786E+02
    0.660607044845796909E+00    0.253657547393240590E+00    0.217007323956951714E-01    0.109044238557730910E+01    0.714810886068864226E+00    0.481001210237634425E+00   -0.212500426954420618E+00    0.713449193312959418E-02   -0.503892000004952711E+00   -0.139596409643786501E+01    0.115928422762749528E+01    0.783912921664692774E+01    0.303847649012973697E+01   -0.861436087891412399E+02   -0.891820852792709786E+02
    0.660607044845796909E+00    0.253657547393240590E+00    0.217007323956951714E-01    0.109044238557730910E+01    0.714810886068864226E+00    0.481001210237634425E+00   -0.212500426954420618E+00    0.713449193312959418E-02   -0.503892000004952711E+00   -0.139596409643786501E+01    0.115928422762749528E+01    0.783912921664692774E+01    0.303847649012973697E+01   -0.861436087891412399E+02   -0.891820852792709786E+02
    0.691726812059445528E+00    0.251619484218128575E+00    0.200832708917842578E-01    0.109545176883681261E+01    0.721555724710391644E+00   -0.858004267125256348E-01   -0.382346024059643241E-01    0.787020281444483771E+00   -0.690508016908779387E+00   -0.296338003993355414E+01    0.143156301115482187E+01    0.782099834425093121E+01    0.146699490005236521E+01   -0.884399317188694880E+02   -0.899069266189218581E+02
    0.691726812059445528E+00    0.251619484218128575E+00    0.200832708917842578E-01    0.109545176883681261E+01    0.721555724710391644E+00   -0.858004267125256348E-01   -0.382346024059643241E-01    0.787020281444483771E+00   -0.690508016908779387E+00   -0.296338003993355414E+01    0.143156301115482187E+01    0.782099834425093121E+01    0.146699490005236521E+01   -0.884399317188694880E+02   -0.899069266189218581E+02
    0.641330908940536903E+00    0.252642722900361993E+00    0.190224833882437112E-01    0.108979319343388581E+01    0.661204489061990142E+00   -0.985612524690058223E-01    0.138202460904039981E+00    0.115255697443103600E+01   -0.857963666942394010E-01   -0.131020664507673246E+01    0.148700809099068487E+01    0.788767160809834422E+01    0.181655147410184536E+01   -0.894707234437523908E+02   -0.912872749178542335E+02
    0.665360622124285817E+00    0.254715563842516257E+00    0.214367933398534639E-01    0.109776529485623286E+01    0.736388465262676095E+00    0.133544017958607597E+00   -0.562659594299930177E-01    0.928426023327801886E+00   -0.530164574516902354E+00    0.255766253320643955E+00    0.143461515321064348E+01    0.795994005678758310E+01    0.110602402853242143E+01   -0.872357170678896523E+02   -0.883417410964220693E+02
    0.665360622124285817E+00    0.254715563842516257E+00    0.214367933398534639E-01    0.109776529485623286E+01    0.736388465262676095E+00    0.133544017958607597E+00   -0.562659594299930177E-01    0.928426023327801886E+00   -0.530164574516902354E+00    0.255766253320643955E+00    0.143461515321064348E+01    0.795994005678758310E+01    0.110602402853242143E+01   -0.872357170678896523E+02   -0.883417410964220693E+02
    0.665360622124285817E+00    0.254715563842516257E+00    0.214367933398534639E-01    0.109776529485623286E+01    0.736388465262676095E+00    0.133544017958607597E+00   -0.562659594299930177E-01    0.928426023327801886E+00   -0.530164574516902354E+00    0.255766253320643955E+00    0.143461515321064348E+01    0.795994005678758310E+01    0.110602402853242143E+01   -0.872357170678896523E+02   -0.883417410964220693E+02
    0.665360622124285817E+00    0.254715563842516257E+00    0.214367933398534639E-01    0.109776529485623286E+01    0.736388465262676095E+00    0.133544017958607597E+00   -0.562659594299930177E-01    0.928426023327801886E+00   -0.530164574516902354E+00    0.255766253320643955E+00    0.143461515321064348E+01    0.795994005678758310E+01    0.110602402853242143E+01   -0.872357170678896523E+02   -0.883417410964220693E+02
    0.665360622124285817E+00    0.254715563842516257E+00    0.214367933398534639E-01    0.109776529485623286E+01    0.736388465262676095E+00    0.133544017958607597E+00   -0.562659594299930177E-01    0.928426023327801886E+00   -0.530164574516902354E+00    0.255766253320643955E+00    0.143461515321064348E+01    0.795994005678758310E+01    0.110602402853242143E+01   -0.872357170678896523E+02   -0.883417410964220693E+02
    0.640066417225836126E+00    0.245220979287887136E+00    0.217088396068380561E-01    0.107781158647613062E+01    0.746102008594212496E+00    0.374924813923261269E+00   -0.323993826383457417E+00    0.628067797396170135E+00    0.227804799670821234E+00   -0.104045242834104101E+01    0.144085882794229314E+01    0.799600465328557419E+01    0.191506648508180066E+01   -0.894376088500140582E+02   -0.913526753350958529E+02
    0.671493259036284429E+00    0.240135362474347580E+00    0.245273895599541700E-01    0.109784620159283142E+01    0.765864863866095424E+00    0.366609082929427288E+00   -0.256385561825709374E+00    0.808016072174950750E+00   -0.319780239382225551E+00   -0.261901478000936550E+00    0.712395131473613441E+00    0.783965887932459449E+01    0.163921482087954162E+01   -0.892919057219103678E+02   -0.909311205427899125E+02
    0.678480696385413529E+00    0.250602439238294339E+00    0.256181503079816117E-01    0.108737866479899115E+01    0.740613657629240585E+00    0.648690012334927957E+00    0.594323149051660948E+00    0.140298581627689600E+01   -0.449496914590099328E+00   -0.485108425292537504E+00    0.175575283503462765E+01    0.789802236231764709E+01    0.108440562005962993E+01   -0.883814716288532480E+02   -0.894658772489128751E+02
    0.678480696385413529E+00    0.250602439238294339E+00    0.256181503079816117E-01    0.108737866479899115E+01    0.740613657629240585E+00    0.648690012334927957E+00    0.594323149051660948E+00    0.140298581627689600E+01   -0.449496914590099328E+00   -0.485108425292537504E+00    0.175575283503462765E+01    0.789802236231764709E+01    0.108440562005962993E+01   -0.883814716288532480E+02   -0.894658772489128751E+02
    0.664074365003035738E+00    0.248571389316476099E+00    0.224313705784702638E-01    0.109104375978608625E+01    0.704827778609026234E+00    0.177169737788416271E+00   -0.718182310117754241E-01    0.769629448053592569E+00   -0.726941740000483838E+00   -0.140182143874994836E+01    0.100746588555352923E+01    0.767866127073627514E+01    0.270704473597096573E+01   -0.870754799063544453E+02   -0.897825246423254129E+02
    0.642862619996345641E+00    0.254280419292092164E+00    0.248529133285115521E-01    0.108783163532490335E+01    0.707724589671502202E+00   -0.911399468256757217E-01   -0.288565821118709209E+00    0.908779137249666746E+00   -0.580552187105922490E+00   -0.357891416111897342E+00    0.181117672060622703E+01    0.792778836509017815E+01    0.180547032392552520E+01   -0.881335679879099843E+02   -0.899390383118355032E+02
    0.674154387528911769E+00    0.242781525297364631E+00    0.193223525407638930E-01    0.108949640776175172E+01    0.718870529912392087E+00    0.541651220561208291E+00    0.910917734491931697E+00    0.373701027868946822E+00   -0.143381815736461227E+01   -0.110175842528747125E+01    0.242417124846838306E+01    0.774295168096137942E+01    0.193202825382652499E+01   -0.874421474389407081E+02   -0.893741756927672384E+02
    0.674154387528911769E+00    0.242781525297364631E+00    0.193223525407638930E-01    0.108949640776175172E+01    0.718870529912392087E+00    0.541651220561208291E+00    0.910917734491931697E+00    0.373701027868946822E+00   -0.143381815736461227E+01   -0.110175842528747125E+01    0.242417124846838306E+01    0.774295168096137942E+01    0.193202825382652499E+01   -0.874421474389407081E+02   -0.893741756927672384E+02
    0.658183002513042514E+00    0.246372193751584756E+00    0.242640615759089281E-01    0.109190965763541925E+01    0.720947347734847255E+00   -0.159290161988637990E+00    0.113406444733868739E+01    0.836956937502009168E+00   -0.149037399197254650E+01   -0.427153495276115791E+00    0.182662487093580261E+01    0.776940651844790242E+01    0.140843771849168764E+01   -0.894807676701239814E+02   -0.908892053886156646E+02
    0.740078017711574332E+00    0.253101916952124029E+00    0.227760164572897161E-01    0.108931909275875638E+01    0.719785217242175479E+00   -0.316139235867023416E-01   -0.375554374969624405E+00    0.245011344432327860E+01   -0.800018552114351911E+00   -0.690488967919691277E+00    0.101614153829245901E+01    0.776305752605377641E+01   -0.591053105669322676E+00   -0.917640145764299007E+02   -0.911729614707605833E+02
    0.678751240553726598E+00    0.235529598753483338E+00    0.229499752255563141E-01    0.108323956555804934E+01    0.750221355666216949E+00    0.766817535103332837E+00    0.103066407989103936E+01    0.255190483459841744E+01   -0.227448036278133259E+01   -0.777497678635654665E+00    0.180477572613313009E+01    0.780679487404716621E+01   -0.201183554341340942E+01   -0.920026143913429735E+02   -0.899907788479295618E+02
    0.712136475743682773E+00    0.245780031498448515E+00    0.246534137104845522E-01    0.109478272366372953E+01    0.728791491757775467E+00    0.894372896777664295E-01    0.104150810036912844E+01    0.900826504968108566E+00   -0.149867924328077584E+01   -0.163655285816162177E+01    0.176875029698862840E+01    0.780910360269001558E+01    0.190888812564647758E+01   -0.880357162000422733E+02   -0.899446043256887577E+02
    0.733831134498715176E+00    0.243403072838941442E+00    0.195319944800506316E-01    0.107473501095402590E+01    0.754274890572207202E+00    0.316679975433959982E+00    0.409854464454610934E+00    0.111020502288170064E+01   -0.226371935486326947E+01   -0.302771406153397038E+00    0.298353092806678433E+01    0.793940808647765106E+01   -0.388261817217082639E+00   -0.905336022338060360E+02   -0.901453404165889509E+02
    0.681489940730869437E+00    0.236558364574358276E+00    0.222017865521535879E-01    0.109747262543240587E+01    0.779484620003986328E+00    0.504190477133613868E+00    0.351024179577734685E+00    0.194832350861702253E+01   -0.552074817309175847E+00   -0.204064682446755796E+01    0.248860363718790722E+01    0.762549612793291764E+01   -0.173267555461980471E+00   -0.896874074466954880E+02   -0.895141398912335120E+02
    0.681489940730869437E+00    0.236558364574358276E+00    0.222017865521535879E-01    0.109747262543240587E+01    0.779484620003986328E+00    0.504190477133613868E+00    0.351024179577734685E+00    0.194832350861702253E+01   -0.552074817309175847E+00   -0.204064682446755796E+01    0.248860363718790722E+01    0.762549612793291764E+01   -0.173267555461980471E+00   -0.896874074466954880E+02   -0.895141398912335120E+02
    0.756882896396598115E+00    0.240695587275135375E+00    0.250662824029803735E-01    0.109127856159867509E+01    0.778367625822914078E+00    0.407614400680554212E+00   -0.265221016946952659E+00    0.578464407757337540E+00   -0.122991822269000273E+01   -0.115896524442746340E+01    0.292922945869008799E+01    0.765398616444122659E+01    0.152458340440733719E+01   -0.890533615404608838E+02   -0.905779449448682215E+02
    0.671268197699798730E+00    0.235345181631057498E+00    0.258645325760745344E-01    0.108907713031380959E+01    0.781028817363560224E+00    0.626037353898531990E+00    0.163426611958243484E+01    0.125944264915347048E+01   -0.777691202762298195E+00   -0.155697981492153303E+01    0.181633447460740194E+01    0.767927858832947940E+01    0.674855292634487514E+00   -0.906183744644503975E+02   -0.912932297570848874E+02
    0.735819443575495336E+00    0.247980037623404925E+00    0.213531006591665823E-01    0.109855837514729360E+01    0.749328528358104373E+00    0.132956200208546704E+00   -0.150995681821086691E+00    0.839617010711890543E+00   -0.874848498032178901E+00   -0.887004409227074575E+00    0.245500405829375268E+01    0.773723452071332307E+01    0.187106173703866396E+01   -0.868363296554621371E+02   -0.887073913925007957E+02
    0.735819443575495336E+00    0.247980037623404925E+00    0.213531006591665823E-01    0.109855837514729360E+01    0.749328528358104373E+00    0.132956200208546704E+00   -0.150995681821086691E+00    0.839617010711890543E+00   -0.874848498032178901E+00   -0.887004409227074575E+00    0.245500405829375268E+01    0.773723452071332307E+01    0.187106173703866396E+01   -0.868363296554621371E+02   -0.887073913925007957E+02
    0.735819443575495336E+00    0.247980037623404925E+00    0.213531006591665823E-01    0.109855837514729360E+01    0.749328528358104373E+00    0.132956200208546704E+00   -0.150995681821086691E+00    0.839617010711890543E+00   -0.874848498032178901E+00   -0.887004409227074575E+00    0.245500405829375268E+01    0.773723452071332307E+01    0.187106173703866396E+01   -0.868363296554621371E+02   -0.887073913925007957E+02
    0.735819443575495336E+00    0.247980037623404925E+00    0.213531006591665823E-01    0.109855837514729360E+01    0.749328528358104373E+00    0.132956200208546704E+00   -0.150995681821086691E+00    0.839617010711890543E+00   -0.874848498032178901E+00   -0.887004409227074575E+00    0.245500405829375268E+01    0.773723452071332307E+01    0.187106173703866396E+01   -0.868363296554621371E+02   -0.887073913925007957E+02
    0.711919144458379560E+00    0.226853196516766886E+00    0.195831007713849273E-01    0.109863826909095774E+01    0.756319607470619548E+00    0.284832748090671828E+00   -0.899280398232349398E-01    0.360249975866509031E+00   -0.192141177999360457E+01    0.607901320128121370E+00    0.151443257800906417E+01    0.791313682708352939E+01    0.751394842930460105E+00   -0.900036216252240990E+02   -0.907550164681545652E+02
    0.717857819983005685E+00    0.229236285588856475E+00    0.206038149278890970E-01    0.109547692680942421E+01    0.788187037142690561E+00    0.480013921796919263E+00    0.941287999295354894E+00    0.809371950050490341E+00   -0.217748850132124971E+01   -0.262270914107716635E+01    0.201686106201691473E+01    0.776635021084185961E+01    0.728545735629743119E+00   -0.893511095302939964E+02   -0.900796552659237335E+02
    0.684174436667126407E+00    0.239057327333853875E+00    0.204590663798538616E-01    0.107948581092230911E+01    0.787806731924848402E+00    0.182786313040400827E+00    0.889673852576606805E+00    0.220733697159403219E+00   -0.348302297489112789E+01   -0.110350487293203514E+01    0.262280832466672109E+01    0.779476115360799771E+01   -0.988356380976572080E+00   -0.918391893065510914E+02   -0.908508329255745224E+02
    0.701601188755934579E+00    0.226904608438987132E+00    0.211009381172948055E-01    0.109217988930240573E+01    0.769441513740706018E+00    0.254744617174696764E+00    0.350572843896088671E+00    0.222582526997712249E+00   -0.281345597093036304E+01   -0.173487094369875194E+00    0.161986435508083582E+01    0.792288729143301840E+01    0.865241375718515227E+00   -0.899674593603402286E+02   -0.908327007360587402E+02
    0.760177355042811476E+00    0.231540391234018095E+00    0.212665966901457587E-01    0.109419373251943708E+01    0.805275661809439214E+00    0.385716864581260310E+00    0.218450224069215437E+01    0.135443485663358842E+01   -0.309057470120137623E+01   -0.145326915521422961E+01    0.205811815818492505E+01    0.763702451183955500E+01   -0.257433521622346273E+01   -0.931210186131018673E+02   -0.905466833968784073E+02
    0.772884730168328593E+00    0.236741448801475740E+00    0.244268458359672494E-01    0.108928413829744097E+01    0.761886073697140009E+00    0.417794193834188476E+00    0.321828978034091051E+00    0.124713215580754877E+01   -0.246915869433109947E+01   -0.102143836628556528E+00    0.240028079276157769E+01    0.767245186077794816E+01   -0.207369789536107740E+00   -0.917762064415917820E+02   -0.915688366520556798E+02
    0.679354383141277163E+00    0.225273836311155190E+00    0.235286971928539597E-01    0.109170087344042188E+01    0.749739199387629895E+00    0.562818215533219757E+00    0.871945653790362485E+00    0.477333177381069673E+00   -0.234884576497165654E+01   -0.128002819497282871E+01    0.245189039929414321E+01    0.774845003438898594E+01    0.119284484977894545E+01   -0.895559309703442494E+02   -0.907487758201231998E+02
    0.689987089283184196E+00    0.241209123133314579E+00    0.225406269799141301E-01    0.108855771438340421E+01    0.724254872967000640E+00    0.348168479055157576E-01   -0.194523643555157832E+00    0.550406857574898822E+00   -0.202181911629281785E+01   -0.758488686266218792E+00    0.235359546017548382E+01    0.772395889235668065E+01    0.177082569598305950E+01   -0.878191789538287964E+02   -0.895900046498118598E+02
    0.689987089283184196E+00    0.241209123133314579E+00    0.225406269799141301E-01    0.108855771438340421E+01    0.724254872967000640E+00    0.348168479055157576E-01   -0.194523643555157832E+00    0.550406857574898822E+00   -0.202181911629281785E+01   -0.758488686266218792E+00    0.235359546017548382E+01    0.772395889235668065E+01    0.177082569598305950E+01   -0.878191789538287964E+02   -0.895900046498118598E+02
    0.655039711999845897E+00    0.223155951815556031E+00    0.193934398414238110E-01    0.107997488791755636E+01    0.736146287097909302E+00    0.559015009995736278E+00    0.281175474383985602E+01    0.143176521798864087E+01   -0.319796897577475647E+01   -0.171840816694952991E+01    0.172271264485402775E+01    0.788863963104962451E+01   -0.432231843946410876E+01   -0.953744976144012355E+02   -0.910521791749371232E+02
    0.662807284870611024E+00    0.216445632905643170E+00    0.213031906172778396E-01    0.109760630699805106E+01    0.784689235670466778E+00    0.268589751649495057E+00    0.125353488425616888E+00    0.609021350356897528E+00   -0.288743361012507194E+01   -0.259830700520637947E+01    0.109202571422997630E+01    0.790967373504601312E+01    0.629531169319813566E+00   -0.903491182257416057E+02   -0.909786493950614243E+02
    0.683008286682632582E+00    0.247963333686618104E+00    0.207165176460090660E-01    0.109434495527843834E+01    0.794370935491534702E+00    0.722815341085106589E+00    0.952392801201540351E+00    0.144093989304224124E+01   -0.202881980387360272E+01   -0.121440026749382923E+01    0.130432496036860379E+01    0.785894518727410762E+01    0.105995702406823122E+01   -0.882903817511494395E+02   -0.893503387752176650E+02
    0.683008286682632582E+00    0.247963333686618104E+00    0.207165176460090660E-01    0.109434495527843834E+01    0.794370935491534702E+00    0.722815341085106589E+00    0.952392801201540351E+00    0.144093989304224124E+01   -0.202881980387360272E+01   -0.121440026749382923E+01    0.130432496036860379E+01    0.785894518727410762E+01    0.105995702406823122E+01   -0.882903817511494395E+02   -0.893503387752176650E+02
    0.717137580275658881E+00    0.244251219045015316E+00    0.226328130588404168E-01    0.109166803633988962E+01    0.747957042916991166E+00    0.555394975947070435E+00    0.445659306338939132E+00    0.483553476911993185E+00   -0.171429667570578181E+01   -0.115743345735495495E+01    0.165982020415640585E+00    0.774671832838241059E+01    0.213317563276654276E+01   -0.889525693656372880E+02   -0.910857449984038254E+02
    0.715459488017072598E+00    0.252785442875563704E+00    0.203261648796281350E-01    0.109833355264208077E+01    0.778344243237461875E+00    0.684210150896244151E+00    0.114163799014818323E+01    0.194042859212686436E+00   -0.172918692585540135E+01   -0.113708785046469529E+01   -0.414223386491130219E+00    0.782411973225461743E+01    0.911175452937770913E+00   -0.888775668229460791E+02   -0.897887422758838483E+02
    0.687542504136018251E+00    0.230925697631041843E+00    0.211681299849403731E-01    0.109410026273009331E+01    0.786213335011933911E+00    0.441492216038971819E+00   -0.255379998986882129E-01    0.113473438274581895E+01   -0.292283882442575305E+01   -0.837448648538838825E+00   -0.166428862956990775E+00    0.776450190421596265E+01   -0.420999098753864098E+00   -0.911276282580112422E+02   -0.907066291592573748E+02
    0.739924618943486156E+00    0.247822746158138180E+00    0.202092040200563851E-01    0.109689768665985565E+01    0.765845204802280688E+00   -0.271507552445832800E+00    0.385397210719702343E+00    0.224025416122231091E+00   -0.240941110022163230E+01   -0.108761715834020833E+01    0.972546829060547902E+00    0.773861977135010193E+01    0.217749439339218931E+01   -0.889059737190390535E+02   -0.910834681124312482E+02
    0.646821868618245754E+00    0.249657686283028174E+00    0.211953376651140488E-01    0.108660250738510777E+01    0.720150694944971637E+00    0.116572332614710561E+00    0.421298153361249206E+00    0.107041756312241887E+01   -0.182525510046502837E+01   -0.120673635325715622E+01    0.165680515627514091E+01    0.796998791096388715E+01    0.204598263460584029E+01   -0.862507802947735627E+02   -0.882967629293793976E+02
    0.646821868618245754E+00    0.249657686283028174E+00    0.211953376651140488E-01    0.108660250738510777E+01    0.720150694944971637E+00    0.116572332614710561E+00    0.421298153361249206E+00    0.107041756312241887E+01   -0.182525510046502837E+01   -0.120673635325715622E+01    0.165680515627514091E+01    0.796998791096388715E+01    0.204598263460584029E+01   -0.862507802947735627E+02   -0.882967629293793976E+02
    0.646821868618245754E+00    0.249657686283028174E+00    0.211953376651140488E-01    0.108660250738510777E+01    0.720150694944971637E+00    0.116572332614710561E+00    0.421298153361249206E+00    0.107041756312241887E+01   -0.182525510046502837E+01   -0.120673635325715622E+01    0.165680515627514091E+01    0.796998791096388715E+01    0.204598263460584029E+01   -0.862507802947735627E+02   -0.882967629293793976E+02
    0.646821868618245754E+00    0.249657686283028174E+00    0.211953376651140488E-01    0.108660250738510777E+01    0.720150694944971637E+00    0.116572332614710561E+00    0.421298153361249206E+00    0.107041756312241887E+01   -0.182525510046502837E+01   -0.120673635325715622E+01    0.165680515627514091E+01    0.796998791096388715E+01    0.204598263460584029E+01   -0.862507802947735627E+02   -0.882967629293793976E+02
    0.646821868618245754E+00    0.249657686283028174E+00    0.211953376651140488E-01    0.108660250738510777E+01    0.720150694944971637E+00    0.116572332614710561E+00    0.421298153361249206E+00    0.107041756312241887E+01   -0.182525510046502837E+01   -0.120673635325715622E+01    0.165680515627514091E+01    0.796998791096388715E+01    0.204598263460584029E+01   -0.862507802947735627E+02   -0.882967629293793976E+02
    0.646821868618245754E+00    0.249657686283028174E+00    0.211953376651140488E-01    0.108660250738510777E+01    0.720150694944971637E+00    0.116572332614710561E+00    0.421298153361249206E+00    0.107041756312241887E+01   -0.182525510046502837E+01   -0.120673635325715622E+01    0.165680515627514091E+01    0.796998791096388715E+01    0.204598263460584029E+01   -0.862507802947735627E+02   -0.882967629293793976E+02
    0.746856516500237100E+00    0.232609585250362849E+00    0.194075199083257564E-01    0.109074772395203801E+01    0.790736296605269562E+00    0.718156707812992678E+00    0.125483190866248151E+01    0.686713208625633342E+00   -0.229436532156455542E+01   -0.491499309918026484E+00    0.325238644122123333E+01    0.782992446721145186E+01   -0.980110624817879028E+00   -0.921152066967771646E+02   -0.911350960719592820E+02
    0.654614483195216756E+00    0.223155451229315072E+00    0.213695620995589253E-01    0.108838350963280406E+01    0.765908991826812602E+00    0.762153234721415274E+00    0.112023121725655983E+01    0.227233533281605615E+00   -0.183476847979250102E+01   -0.156864229421330492E+01    0.319571836996715319E+01    0.787992177624927947E+01    0.415680321428882227E+00   -0.907612418798656364E+02   -0.911769222012945164E+02
    0.724711219892307024E+00    0.243538724099106096E+00    0.214908426878441597E-01    0.108940452923595754E+01    0.763319967850978998E+00    0.260770496874680902E+00   -0.256921355484109881E+00    0.476556899104708109E-01   -0.331551276982508858E+00   -0.838903589186656973E+00    0.252857896409409477E+01    0.782547769949653649E+01    0.195294911100904889E+01   -0.885348255430448461E+02   -0.904877746540538936E+02
    0.699151364563935562E+00    0.246377509735323769E+00    0.212318310588597708E-01    0.108114438754229814E+01    0.779583746612233952E+00    0.314117209315423196E+00   -0.909772784963251979E+00    0.140722700647302246E+00   -0.108215556350273778E+01   -0.181319703936310361E+01    0.275994244246362541E+01    0.790509749982722365E+01    0.159716933070593159E+01   -0.887563018881998005E+02   -0.903534712189057387E+02
    0.689438225125420079E+00    0.254269496350686353E+00    0.193336790666521000E-01    0.108312734039266090E+01    0.748302800204540874E+00    0.275097685127025038E+00   -0.135157050292377789E+01   -0.430210133951049956E+00   -0.298917182902868950E+00   -0.598902833302190629E+00    0.283903533628404148E+01    0.791156138715048307E+01    0.438992935157813013E+00   -0.887679058672282792E+02   -0.892068988023860925E+02
    0.689438225125420079E+00    0.254269496350686353E+00    0.193336790666521000E-01    0.108312734039266090E+01    0.748302800204540874E+00    0.275097685127025038E+00   -0.135157050292377789E+01   -0.430210133951049956E+00   -0.298917182902868950E+00   -0.598902833302190629E+00    0.283903533628404148E+01    0.791156138715048307E+01    0.438992935157813013E+00   -0.887679058672282792E+02   -0.892068988023860925E+02
    0.698592579729740093E+00    0.243657622755525244E+00    0.203226950445478220E-01    0.108591806829254001E+01    0.753248779431385351E+00    0.225785832261991004E+00   -0.758556181746143920E+00   -0.695748410474834600E+00   -0.985628141892220588E+00   -0.101523371262487672E+01    0.350146900406457462E+01    0.799660087138952846E+01    0.267094927614679900E+00   -0.891893453002912793E+02   -0.894564402279059578E+02
    0.745587972243497155E+00    0.245799246348626821E+00    0.229613368980751339E-01    0.108306918985628031E+01    0.766852367106731769E+00    0.217782271003724048E+00   -0.762533001909559971E-01    0.119285752620612584E+01   -0.578726834354483577E+00   -0.249034892646022854E+00    0.172597734557825810E+01    0.773843314370988899E+01    0.141738063769552447E+01   -0.898950360904054691E+02   -0.913124167281009989E+02
    0.701465283801701256E+00    0.250892393142176595E+00    0.245291295020033176E-01    0.108737352228059470E+01    0.757041838082807228E+00    0.393666762220759026E+00   -0.790666655210543468E+00    0.904016081541385574E+00   -0.198889205080354792E-02   -0.677086763138277092E+00    0.216024981583473163E+01    0.784013498507022089E+01    0.109453686991051002E+01   -0.889323007424640650E+02   -0.900268376123745782E+02
    0.686025712218498063E+00    0.254121727881455761E+00    0.247836539401516918E-01    0.108592772282610817E+01    0.753871078265268890E+00    0.427625768123069960E+00   -0.604257986248057932E+00    0.583799645904719000E+00   -0.102647444478975536E+01   -0.827944334522499048E+00    0.166506857909439554E+01    0.771767440392549986E+01    0.254870896700800564E+01   -0.865843683414542795E+02   -0.891330773084622905E+02
    0.686025712218498063E+00    0.254121727881455761E+00    0.247836539401516918E-01    0.108592772282610817E+01    0.753871078265268890E+00    0.427625768123069960E+00   -0.604257986248057932E+00    0.583799645904719000E+00   -0.102647444478975536E+01   -0.827944334522499048E+00    0.166506857909439554E+01    0.771767440392549986E+01    0.254870896700800564E+01   -0.865843683414542795E+02   -0.891330773084622905E+02
    0.686025712218498063E+00    0.254121727881455761E+00    0.247836539401516918E-01    0.108592772282610817E+01    0.753871078265268890E+00    0.427625768123069960E+00   -0.604257986248057932E+00    0.583799645904719000E+00   -0.102647444478975536E+01   -0.827944334522499048E+00    0.166506857909439554E+01    0.771767440392549986E+01    0.254870896700800564E+01   -0.865843683414542795E+02   -0.891330773084622905E+02
    0.694775442361068807E+00    0.251632724946927233E+00    0.246541303883216663E-01    0.108677718608599450E+01    0.768082762844491285E+00    0.450486002139914632E+00   -0.220865351381007713E+00    0.472090995286862436E+00   -0.213909832776834952E+00   -0.121693198947809833E+01    0.149479485059714556E+01    0.763541077270291790E+01    0.258662341567340137E+01   -0.880720689009502138E+02   -0.906586923166236147E+02
    0.688240882028403611E+00    0.254931882893598138E+00    0.224433194531618481E-01    0.109002296753211114E+01    0.745762786061182292E+00    0.790178750839825028E-01   -0.178634972014947380E+01    0.201290470233175256E+01   -0.330838557589458793E+00   -0.236102780395526679E+01    0.221235845941578191E+01    0.768636695249695823E+01   -0.195300291356677924E+01   -0.909727827795514088E+02   -0.890197798659846313E+02
    0.688240882028403611E+00    0.254931882893598138E+00    0.224433194531618481E-01    0.109002296753211114E+01    0.745762786061182292E+00    0.790178750839825028E-01   -0.178634972014947380E+01    0.201290470233175256E+01   -0.330838557589458793E+00   -0.236102780395526679E+01    0.221235845941578191E+01    0.768636695249695823E+01   -0.195300291356677924E+01   -0.909727827795514088E+02   -0.890197798659846313E+02
    0.677174322851324062E+00    0.244730190314089741E+00    0.201703413582230533E-01    0.108500692255257292E+01    0.731254350654791829E+00   -0.173121119196117057E+00   -0.972049984842442427E+00    0.128818700108126905E+01   -0.101966618688606991E+01   -0.678122124051014907E+00    0.134213158319539638E+01    0.769445541332673066E+01    0.145231633765852486E+01   -0.897918640714059251E+02   -0.912441804090644553E+02
    0.646822265609121039E+00    0.243260563889681841E+00    0.215362201359989291E-01    0.107810057875569254E+01    0.716292256889672352E+00    0.443534254721135390E+00   -0.162079970367017268E+01    0.112524541341940676E+01   -0.603369014686447880E-01   -0.461259313593700426E+00    0.932329581179374367E+00    0.789796970537844167E+01    0.592225017573366763E-01   -0.911498528649588167E+02   -0.912090753667161493E+02
    0.710315285389983897E+00    0.248949373667970542E+00    0.219866560393000947E-01    0.109146989308114861E+01    0.732564959640696234E+00    0.501989776146917421E+00   -0.124185607028380218E+01    0.441644883270555566E+00   -0.803838522473369954E+00   -0.705394311440841193E+00    0.148837970134422926E+01    0.785849637037541093E+01    0.199348258174383264E+01   -0.883978101213815393E+02   -0.903912927031253730E+02
    0.642298287104473564E+00    0.247882139000278334E+00    0.218042013097755442E-01    0.108281787547964758E+01    0.702370686262683952E+00    0.357633877601104544E+00   -0.467716222682383886E+00    0.380343762288930576E+00    0.265253102171527866E+00   -0.952390451542441951E+00    0.212697885378588580E+01    0.781858881724600785E+01    0.158597526211263062E+01   -0.883656674500799397E+02   -0.899516427121925659E+02
    0.672738961017500303E+00    0.252375258309375072E+00    0.226890073717748060E-01    0.108057102764505242E+01    0.717094694128469934E+00    0.413125852495666024E-01   -0.193931524250615439E+01   -0.447470780896992382E+00   -0.508783145190818464E+00   -0.135025293690205217E+00    0.127814534706999461E+01    0.766731827928016774E+01    0.377463303176613918E+00   -0.899382611035094328E+02   -0.903157244066860443E+02
    0.640344543409297029E+00    0.239981840876064112E+00    0.202709538919250316E-01    0.109164106525708560E+01    0.710878956192466216E+00    0.370686205114189704E+00   -0.101136572176187656E+01    0.824518425191627102E+00    0.145361019553206483E+01    0.516995193735283465E+00    0.124002996429794643E+01    0.787203838562073610E+01   -0.286316331215101672E+01   -0.940254290352284841E+02   -0.911622657230774678E+02
    0.676200478842355124E+00    0.253477782329551427E+00    0.205292006640512559E-01    0.107774071663413462E+01    0.710723781882487970E+00    0.103019457579891949E+00   -0.161490892818733300E+01    0.376699279562444700E+00    0.353395663836409080E+00   -0.832941711922785544E+00    0.170710728984545335E+01    0.793132016503103365E+01    0.482096541904429410E+00   -0.901856562524973810E+02   -0.906677527944018067E+02
    0.679662306751335987E+00    0.246676755668382514E+00    0.227881084635497139E-01    0.109140176511560916E+01    0.751861615528020000E+00    0.261924565595155201E+00    0.809116418644180158E+00    0.148021983709327287E+01   -0.121512328500898525E+01   -0.382720623533828075E+01    0.191736327576677490E+01    0.798192386209514471E+01   -0.161526449273597983E+01   -0.904859215289435070E+02   -0.888706570362075325E+02
    0.679662306751335987E+00    0.246676755668382514E+00    0.227881084635497139E-01    0.109140176511560916E+01    0.751861615528020000E+00    0.261924565595155201E+00    0.809116418644180158E+00    0.148021983709327287E+01   -0.121512328500898525E+01   -0.382720623533828075E+01    0.191736327576677490E+01    0.798192386209514471E+01   -0.161526449273597983E+01   -0.904859215289435070E+02   -0.888706570362075325E+02
    0.679662306751335987E+00    0.246676755668382514E+00    0.227881084635497139E-01    0.109140176511560916E+01    0.751861615528020000E+00    0.261924565595155201E+00    0.809116418644180158E+00    0.148021983709327287E+01   -0.121512328500898525E+01   -0.382720623533828075E+01    0.191736327576677490E+01    0.798192386209514471E+01   -0.161526449273597983E+01   -0.904859215289435070E+02   -0.888706570362075325E+02
    0.749191077885682621E+00    0.249143563355945785E+00    0.250179454076077078E-01    0.107159933250178163E+01    0.754241448201869114E+00    0.158486824079092870E+00   -0.116909174869306298E-01    0.975723757782134271E+00   -0.818314294639321593E+00   -0.519244121315978191E+00    0.314857291043495024E+01    0.790844258202704253E+01    0.399012656191699122E+00   -0.909668797412149672E+02   -0.913658923974066681E+02
    0.796561805961048974E+00    0.251584859583369624E+00    0.233099972984453646E-01    0.108069501268071155E+01    0.737233790831643865E+00    0.138436657128924168E+00    0.462345725837849386E+00    0.352010176692374499E+00   -0.175507771471188767E+01   -0.113675399273120092E+01    0.420647259211705205E+01    0.797190593624551624E+01   -0.154844651334184480E+01   -0.928241375760100453E+02   -0.912756910626682014E+02
    0.735570769605144226E+00    0.252644803443535571E+00    0.225866070292823733E-01    0.108726228171169348E+01    0.770497359108133884E+00    0.609701100251378136E+00   -0.626712050496962547E+00   -0.170081374404844554E+00   -0.976283703274702708E+00   -0.141975754328882431E+01    0.280348299711363325E+01    0.784908911373925555E+01    0.187886876672405290E+01   -0.884885294618023295E+02   -0.903673982285263833E+02
    0.777824780261387794E+00    0.235010155551511501E+00    0.218171022633686061E-01    0.109562262441146818E+01    0.774930281505356033E+00    0.308616077424925805E+00   -0.166125503840362398E+01    0.361271794450203743E+01   -0.167120657538248429E+01   -0.885223285887377642E+00    0.361390912779938844E+01    0.789987955862074021E+01   -0.835410784689150177E+01   -0.979002246765978157E+02   -0.895461168297063210E+02
    0.777824780261387794E+00    0.235010155551511501E+00    0.218171022633686061E-01    0.109562262441146818E+01    0.774930281505356033E+00    0.308616077424925805E+00   -0.166125503840362398E+01    0.361271794450203743E+01   -0.167120657538248429E+01   -0.885223285887377642E+00    0.361390912779938844E+01    0.789987955862074021E+01   -0.835410784689150177E+01   -0.979002246765978157E+02   -0.895461168297063210E+02
    0.754991495215172392E+00    0.248308824255389055E+00    0.211722330033875493E-01    0.107388065191132909E+01    0.788601277744161999E+00    0.713098581247843200E+00   -0.787475427597428279E+00    0.186628821825820523E+01   -0.160074692748935354E+01   -0.174588284709557229E+01    0.314680803492478844E+01    0.788107981336991870E+01   -0.109030586839188226E+01   -0.920275005706016316E+02   -0.909371947022097515E+02
    0.712015903803289052E+00    0.251503888714653845E+00    0.241422815755324635E-01    0.109680062665888811E+01    0.782650055956916169E+00    0.830743796100113840E+00   -0.583276795654228408E+00    0.650888205899491368E+00   -0.145113163884730034E+01   -0.210630548129188355E+01    0.184525644068457972E+01    0.792129953630275097E+01    0.227238701664033727E+01   -0.879082416832686562E+02   -0.901806286999089934E+02
    0.723451331399921016E+00    0.245776113737629420E+00    0.205670632799645446E-01    0.109579329392531899E+01    0.751092713388083144E+00   -0.120623711832641867E+00    0.749226240283178413E+00   -0.249814011982607498E+00   -0.836838623321227493E+00   -0.230499531806231062E+01    0.290855620574689056E+01    0.795868289399578721E+01    0.118299335750549073E+01   -0.890066077532870992E+02   -0.901896011107925943E+02
    0.755248173061953243E+00    0.252374889212790998E+00    0.213700207418450333E-01    0.108569754834317989E+01    0.752884823830577088E+00    0.230708611851541789E+00    0.920724468893467929E+00   -0.350973537271101976E+00   -0.132133566354127630E+01   -0.216716615231575815E+01    0.170990898927016155E+01    0.792936562583885252E+01    0.241028788562345708E+01   -0.882466367685085658E+02   -0.906569246541320268E+02
    0.718476555290199048E+00    0.252876115066536011E+00    0.195826264487193591E-01    0.108030997669077999E+01    0.768251542923322983E+00    0.265678412939426067E+00    0.226377739333997852E+01   -0.516795796228279869E+00   -0.221851129393257906E+01   -0.216162350424269789E+01    0.130062437965420963E+01    0.798155710984873767E+01   -0.259588612691219467E+00   -0.903002118970225496E+02   -0.900406232843313319E+02
    0.804934058556389553E+00    0.251409226478488845E+00    0.192951443286623302E-01    0.109848470579913027E+01    0.762086958243287649E+00    0.220943050734987878E+00   -0.999277420327189247E+00    0.331309400822874578E+00   -0.311845535262591289E+00   -0.572781935578632329E+00    0.202608109372363288E+01    0.785311425694143672E+01    0.169134692461328950E+01   -0.888522474225878085E+02   -0.905435943472010933E+02
    0.791467274653661068E+00    0.251927359525246475E+00    0.195001483322152086E-01    0.108540830238117714E+01    0.758963334590592065E+00    0.253617237984162358E+00   -0.136977995267670849E+00    0.205398349269785285E+01   -0.110228188551786821E+01   -0.420987738835947312E+00    0.227958108219013411E+01    0.781879946911108448E+01   -0.228000374954071106E+00   -0.904305273192815946E+02   -0.902025269443275164E+02
    0.762298702576006626E+00    0.252142997299603600E+00    0.231349153512644470E-01    0.109465981186430206E+01    0.770935372770666816E+00    0.684351380567836287E+00    0.113388521206729820E+01    0.660948967914691821E+00   -0.443711723600017427E+00   -0.132551134301706952E+01    0.222776758411214360E+01    0.788280334445570308E+01    0.158289187999323677E+01   -0.886940805287965475E+02   -0.902769724087897885E+02
    0.683924763362153132E+00    0.250082574398711233E+00    0.217623598091255567E-01    0.107890039841142560E+01    0.748117422207397298E+00   -0.997129154447051747E-03    0.845801582701142252E+00   -0.578375290091344141E+00   -0.168330129723130972E+01   -0.353675527163773040E+01    0.245294027502609424E+01    0.785721240508448115E+01   -0.332115948030323294E+00   -0.907097836004871567E+02   -0.903776676524568359E+02
    0.743169333775862029E+00    0.249444067305595096E+00    0.202791449305269010E-01    0.108791802744602983E+01    0.768491538481685499E+00    0.768826831145647205E+00    0.723363078498096002E-01    0.741110380192822604E-01   -0.165089174104537029E+01   -0.235549320117684147E+01    0.263236747167525209E+01    0.783343966443375717E+01    0.169046430482612764E+01   -0.891332039073665925E+02   -0.908236682121927146E+02
    0.766569104956947744E+00    0.251856388385317320E+00    0.248832348509931307E-01    0.107194468410292121E+01    0.784015997654232799E+00    0.520273062151233034E-02   -0.133168737191908804E+00   -0.171288210141256003E+00   -0.218928400620029606E+01   -0.820962260023634371E+00    0.423493158497763034E+01    0.783588980390676237E+01   -0.189832374169687501E+01   -0.929825242725441115E+02   -0.910842005308472409E+02
    0.769977279964722428E+00    0.243617397153612830E+00    0.228401005463260871E-01    0.108900496128190882E+01    0.762575267389753231E+00    0.249487031313204710E-01   -0.653458400262252326E+00   -0.808991063024677159E-01   -0.189423056175542093E+01   -0.159783924042699255E+01    0.201005435815091005E+01    0.776014376017281826E+01    0.244387613129912040E+01   -0.885547946973834996E+02   -0.909986708286826200E+02
    0.701074146984561497E+00    0.239590538706884237E+00    0.208128875280172813E-01    0.108509748641695181E+01    0.723125386721208629E+00   -0.202856614807895852E+00   -0.113285441418270239E+01   -0.662813955781302866E+00   -0.181797162697989712E+01    0.981661643203324275E+00    0.275505791597083771E+01    0.781397456902866505E+01   -0.167473656755511602E+01   -0.922399872672181118E+02   -0.905652506996629967E+02
    0.700414566543462458E+00    0.247120481121282737E+00    0.233284438618098396E-01    0.108514578069763346E+01    0.696186853707605358E+00   -0.142771833814147264E+00   -0.833064423924270159E+00    0.915241956101909282E-01   -0.309136206067364583E+01   -0.160446663945776891E+00    0.249038201696180295E+01    0.766825142307296659E+01   -0.591848376847843749E+00   -0.909783246688898259E+02   -0.903864762920419764E+02
    0.697662885411426181E+00    0.245016280456062135E+00    0.221000229281939804E-01    0.108712103430914575E+01    0.770314113011213664E+00    0.273446538436137310E+00   -0.272219451873070284E+00   -0.700433555369954775E+00   -0.282122756025614763E+01   -0.423476665226871773E+00    0.212497929836786170E+01    0.785047466215430578E+01    0.790205632702970728E+00   -0.888199052961388276E+02   -0.896101109288417916E+02
    0.766849224084249603E+00    0.233995012634509919E+00    0.222978026717712448E-01    0.109697336430511116E+01    0.770200604858438220E+00   -0.205836398751176652E+00   -0.190627721074065448E+01   -0.100203356651377362E+01   -0.276620559485877493E+01   -0.151998617738968278E+01    0.143109704701714713E+01    0.782495473225836680E+01   -0.279084003550416515E+00   -0.917830780190262487E+02   -0.915039940154758256E+02
    0.683376663119621308E+00    0.241531779863509516E+00    0.212169613483481727E-01    0.108703938039655323E+01    0.721964266533078880E+00    0.239429547968979861E+00   -0.285674466139198557E+00   -0.133815971369699582E+01   -0.197391297261333398E+01   -0.864567662132458281E+00    0.315542563226813400E+01    0.785958893795224789E+01    0.257002998194819199E+00   -0.894765688959921874E+02   -0.897335718941870084E+02
    0.776503366784281224E+00    0.246744137270128505E+00    0.203450743946730801E-01    0.109563813591000159E+01    0.732746342340823698E+00   -0.296794428817568345E+00   -0.163349600387618921E+00   -0.652867528204978953E+00   -0.246853337482548341E+01   -0.120462099381143162E+01    0.208193363749956006E+01    0.770665006483364312E+01    0.186873396986353835E+01   -0.893235839023638647E+02   -0.911923178722274059E+02
    0.672610346101294887E+00    0.251315203777513374E+00    0.205008257422489328E-01    0.107728358275967828E+01    0.758242486925273740E+00    0.301294263029177500E+00   -0.105867366534880603E+01   -0.255310300036626303E+00   -0.178579384514364370E+01    0.357848908075766303E+00    0.254068223629133172E+01    0.770332772277867939E+01    0.126596963189086642E+00   -0.894677970808413505E+02   -0.895943940440304374E+02
    0.753945620398406846E+00    0.254748028127271486E+00    0.244244755347777023E-01    0.108236101474216984E+01    0.779008711861944425E+00    0.887893451887933338E-02    0.576178740215027574E+00    0.132851629936681093E+01   -0.142321876173696160E+01   -0.110563107955726991E+01    0.327563742387951606E+01    0.774205476887493393E+01   -0.149538476709228263E+00   -0.907195095572396895E+02   -0.905699710805304647E+02
    0.808706294650338053E+00    0.246955550375003302E+00    0.204216670514209657E-01    0.108794050017498201E+01    0.772459856170651160E+00    0.211913695626543941E+00    0.354532813190644447E+00   -0.851300281851757878E-02   -0.208513598921740595E+01   -0.306140095277783075E+01    0.232928960066033142E+01    0.766322626424752595E+01    0.760053846826659774E+00   -0.907004191572872287E+02   -0.914604730041138936E+02
    0.791844558151029498E+00    0.253881481267590081E+00    0.237779852675627235E-01    0.109387695390730322E+01    0.800229942714463016E+00    0.237995768879437186E+00    0.465470437687827143E+00   -0.114138227388252744E+01   -0.126267868111767689E+01   -0.264059350481716137E+01    0.272912860896099119E+01    0.777096474228356726E+01    0.839282138800411692E+00   -0.895234281147819786E+02   -0.903627102535823923E+02
    0.695956758937618325E+00    0.248494861445320736E+00    0.259321677592956185E-01    0.109241302556946107E+01    0.733243576907822936E+00    0.549319574745666728E+00   -0.707085404304734766E+00   -0.100580306272490816E+01   -0.172329714831789693E+01   -0.237451567211678594E+01    0.330916517784430653E+01    0.768404061320641318E+01   -0.792089095956081124E-01   -0.898333424543019277E+02   -0.897541335447063204E+02
    0.696240881818257940E+00    0.251526842567531550E+00    0.251375561783315632E-01    0.108276288413008426E+01    0.767032346453811353E+00    0.362056377857962630E+00   -0.805396420047372885E+00   -0.150273374028643047E+01   -0.173733388297819125E+01   -0.228044467225458902E+01    0.266464537405340707E+01    0.764440713284542372E+01    0.501918472668079430E+00   -0.895494446685617191E+02   -0.900513631412297997E+02
    0.745119188790083986E+00    0.249275113098981260E+00    0.218399919529199509E-01    0.109331326796598738E+01    0.791988555801667382E+00    0.141229194694121318E+00   -0.103325051706065096E+01   -0.177848738792249605E+01   -0.253158840634000626E+01   -0.306645700104468233E+01    0.239572672829467592E+01    0.760025462224522652E+01   -0.158837498130032584E+01   -0.911477277499011933E+02   -0.895593527686008741E+02
    0.745119188790083986E+00    0.249275113098981260E+00    0.218399919529199509E-01    0.109331326796598738E+01    0.791988555801667382E+00    0.141229194694121318E+00   -0.103325051706065096E+01   -0.177848738792249605E+01   -0.253158840634000626E+01   -0.306645700104468233E+01    0.239572672829467592E+01    0.760025462224522652E+01   -0.158837498130032584E+01   -0.911477277499011933E+02   -0.895593527686008741E+02
    0.687153722658790822E+00    0.233429992468559860E+00    0.229185473449423430E-01    0.108530737185852200E+01    0.755019145987053664E+00    0.611503584012413448E+00    0.813155288661846498E+00   -0.397246075536941079E+00   -0.254151745576905341E+01   -0.289199794807814214E+01    0.198589751501117484E+01    0.791999660009023287E+01    0.509062730951828524E+00   -0.907098428856976682E+02   -0.912189056166494936E+02
    0.661477235354700488E+00    0.254667916048025411E+00    0.221763346920999631E-01    0.108752492376155807E+01    0.718151786024741834E+00   -0.219219012548355963E+00    0.190763962381197416E+00   -0.410384325924724125E+00   -0.238730393553737485E+01   -0.196363529321502028E+01    0.198619394085085355E+01    0.793792381673573288E+01    0.198603373068308953E+01   -0.874977554871956045E+02   -0.894837892178786944E+02
    0.724066029221795082E+00    0.250515192279871401E+00    0.218745118864751356E-01    0.109562227370337517E+01    0.746725526445165877E+00   -0.197980685009960133E+00    0.200038637887018922E+00   -0.622499064392059154E+00   -0.185381460695339206E+01   -0.204642647459309046E+01    0.278555942956131730E+01    0.797402177349279739E+01    0.150569658989293398E+01   -0.878606415954639459E+02   -0.893663381853568808E+02
    0.724066029221795082E+00    0.250515192279871401E+00    0.218745118864751356E-01    0.109562227370337517E+01    0.746725526445165877E+00   -0.197980685009960133E+00    0.200038637887018922E+00   -0.622499064392059154E+00   -0.185381460695339206E+01   -0.204642647459309046E+01    0.278555942956131730E+01    0.797402177349279739E+01    0.150569658989293398E+01   -0.878606415954639459E+02   -0.893663381853568808E+02
    0.713754325333554762E+00    0.247333778522819792E+00    0.246005883115027919E-01    0.108823974605197615E+01    0.745539757809133286E+00    0.262306288055949466E+00   -0.164190565975559366E+00   -0.886383641303609693E+00   -0.237298397853578535E+01   -0.334872902506390346E+01    0.138521332079221815E+01    0.795205935283335030E+01    0.292443080576618386E+00   -0.898784466392100256E+02   -0.901708897197866435E+02
    0.641443017444245034E+00    0.242029109246852170E+00    0.208025709677236367E-01    0.107689500498759205E+01    0.718832619904418713E+00    0.194041599592777558E+00    0.132294268229316003E+00   -0.283965369943643908E+00   -0.340047012734999043E+01   -0.372969854620691876E+01    0.775570770589411262E+00    0.791701545149011565E+01   -0.221433382846015547E+01   -0.921283589975683697E+02   -0.899140251691082142E+02
    0.692541623462670675E+00    0.252333338174534738E+00    0.204167628658680073E-01    0.109613338244725589E+01    0.725700923481535698E+00   -0.241387061496858735E+00   -0.417144786277958701E+00   -0.634232738117361805E+00   -0.228588073266905667E+01   -0.134353760886256168E+01    0.149128760517783143E+01    0.781820104932521343E+01    0.236003400869860602E+01   -0.866814635002208718E+02   -0.890414975089194769E+02
    0.692541623462670675E+00    0.252333338174534738E+00    0.204167628658680073E-01    0.109613338244725589E+01    0.725700923481535698E+00   -0.241387061496858735E+00   -0.417144786277958701E+00   -0.634232738117361805E+00   -0.228588073266905667E+01   -0.134353760886256168E+01    0.149128760517783143E+01    0.781820104932521343E+01    0.236003400869860602E+01   -0.866814635002208718E+02   -0.890414975089194769E+02
    0.692541623462670675E+00    0.252333338174534738E+00    0.204167628658680073E-01    0.109613338244725589E+01    0.725700923481535698E+00   -0.241387061496858735E+00   -0.417144786277958701E+00   -0.634232738117361805E+00   -0.228588073266905667E+01   -0.134353760886256168E+01    0.149128760517783143E+01    0.781820104932521343E+01    0.236003400869860602E+01   -0.866814635002208718E+02   -0.890414975089194769E+02
    0.703609808677966297E+00    0.252006148379772699E+00    0.225517705855323332E-01    0.108610235248746578E+01    0.801659713605274105E+00    0.431200753739023668E+00    0.215092392137421484E+00   -0.552908855598843729E+00   -0.281806172525307375E+01   -0.189619299593118740E+01    0.120659664549407375E+01    0.775990638197464477E+01    0.158969324907385201E+01   -0.890451481615752698E+02   -0.906348414106491163E+02
    0.670957440969525587E+00    0.243308278278502516E+00    0.243270711644762230E-01    0.109388875113362305E+01    0.777868564105008042E+00    0.639970894084611608E+00   -0.170675890078314296E+01   -0.401129387331593479E+00   -0.259259217733529113E+01   -0.331717560183847127E+01    0.169859436201363700E+01    0.777770689055848585E+01   -0.125313895574994572E+01   -0.910387805530838676E+02   -0.897856415973339210E+02
    0.671216385129809634E+00    0.236387943560451230E+00    0.249603116812552803E-01    0.109774599590221777E+01    0.768022336164741470E+00    0.267459570267385871E+00   -0.370492912066993085E+00   -0.553480138506756703E+00   -0.152647902619605680E+01   -0.176769128071441628E+01    0.238254448181464795E+01    0.777573190012985727E+01    0.234939098507422184E+01   -0.873561457852672021E+02   -0.897055367703414248E+02
    0.655768841898952015E+00    0.235749848949430907E+00    0.244539599886294430E-01    0.109649272920815810E+01    0.712582959004369743E+00    0.115581076687362838E+00   -0.489471623890267438E+00   -0.594964032812868027E+00   -0.280694846552592026E+01   -0.217973521282715410E+01    0.182224554834306240E+01    0.775824047168560327E+01    0.115956645966609617E+01   -0.882109587599916267E+02   -0.893705252196577220E+02
    0.655768841898952015E+00    0.235749848949430907E+00    0.244539599886294430E-01    0.109649272920815810E+01    0.712582959004369743E+00    0.115581076687362838E+00   -0.489471623890267438E+00   -0.594964032812868027E+00   -0.280694846552592026E+01   -0.217973521282715410E+01    0.182224554834306240E+01    0.775824047168560327E+01    0.115956645966609617E+01   -0.882109587599916267E+02   -0.893705252196577220E+02
    0.646249821369741295E+00    0.224108574204629735E+00    0.229467098213174368E-01    0.108550659810648154E+01    0.766467375355075697E+00    0.258794066833410774E+00   -0.512903187006941153E-01   -0.162699010476217099E+00   -0.358845173284294106E+01   -0.180774417168890977E+01    0.133830889520709229E+01    0.781231011514830165E+01    0.107313550008341085E+00   -0.906788154437228116E+02   -0.907861289937311540E+02
    0.664720467383761782E+00    0.226763264869066450E+00    0.228954868120510927E-01    0.109530884832155495E+01    0.768830338024876880E+00    0.400652590389935170E+00   -0.351793217263320912E+00    0.371087019755123593E-01   -0.174331356825518902E+01   -0.179604205298460329E+01    0.228417561409628433E+01    0.780389189183425103E+01    0.238203902524089584E+01   -0.877730404427389459E+02   -0.901550794679798457E+02
    0.679549136294838263E+00    0.242170015663228239E+00    0.201546378448358536E-01    0.108383678481217594E+01    0.722229168123068255E+00    0.503406590014389366E+00   -0.193578121997006747E+00   -0.338512692388803715E+00   -0.297782491414523065E+01   -0.275328835207233169E+01    0.153129673519401899E+01    0.772509785916122738E+01    0.534566907203506858E+00   -0.903562606446405709E+02   -0.908908275518440831E+02
    0.673379385768263949E+00    0.250655048257947988E+00    0.211089953278328253E-01    0.109453112483844239E+01    0.766419177169073373E+00    0.411462031052600707E+00   -0.572686528211079349E+00   -0.263604717750922590E+00   -0.318368329086865742E+01   -0.204585908240574099E+01    0.214142777984193344E+01    0.782913320389739731E+01    0.354674336096368670E+00   -0.866898812035580875E+02   -0.870445555396544535E+02
    0.673379385768263949E+00    0.250655048257947988E+00    0.211089953278328253E-01    0.109453112483844239E+01    0.766419177169073373E+00    0.411462031052600707E+00   -0.572686528211079349E+00   -0.263604717750922590E+00   -0.318368329086865742E+01   -0.204585908240574099E+01    0.214142777984193344E+01    0.782913320389739731E+01    0.354674336096368670E+00   -0.866898812035580875E+02   -0.870445555396544535E+02
    0.673379385768263949E+00    0.250655048257947988E+00    0.211089953278328253E-01    0.109453112483844239E+01    0.766419177169073373E+00    0.411462031052600707E+00   -0.572686528211079349E+00   -0.263604717750922590E+00   -0.318368329086865742E+01   -0.204585908240574099E+01    0.214142777984193344E+01    0.782913320389739731E+01    0.354674336096368670E+00   -0.866898812035580875E+02   -0.870445555396544535E+02
    0.673379385768263949E+00    0.250655048257947988E+00    0.211089953278328253E-01    0.109453112483844239E+01    0.766419177169073373E+00    0.411462031052600707E+00   -0.572686528211079349E+00   -0.263604717750922590E+00   -0.318368329086865742E+01   -0.204585908240574099E+01    0.214142777984193344E+01    0.782913320389739731E+01    0.354674336096368670E+00   -0.866898812035580875E+02   -0.870445555396544535E+02
    0.673379385768263949E+00    0.250655048257947988E+00    0.211089953278328253E-01    0.109453112483844239E+01    0.766419177169073373E+00    0.411462031052600707E+00   -0.572686528211079349E+00   -0.263604717750922590E+00   -0.318368329086865742E+01   -0.204585908240574099E+01    0.214142777984193344E+01    0.782913320389739731E+01    0.354674336096368670E+00   -0.866898812035580875E+02   -0.870445555396544535E+02
    0.673379385768263949E+00    0.250655048257947988E+00    0.211089953278328253E-01    0.109453112483844239E+01    0.766419177169073373E+00    0.411462031052600707E+00   -0.572686528211079349E+00   -0.263604717750922590E+00   -0.318368329086865742E+01   -0.204585908240574099E+01    0.214142777984193344E+01    0.782913320389739731E+01    0.354674336096368670E+00   -0.866898812035580875E+02   -0.870445555396544535E+02
    0.673379385768263949E+00    0.250655048257947988E+00    0.211089953278328253E-01    0.109453112483844239E+01    0.766419177169073373E+00    0.411462031052600707E+00   -0.572686528211079349E+00   -0.263604717750922590E+00   -0.318368329086865742E+01   -0.204585908240574099E+01    0.214142777984193344E+01    0.782913320389739731E+01    0.354674336096368670E+00   -0.866898812035580875E+02   -0.870445555396544535E+02
    0.673379385768263949E+00    0.250655048257947988E+00    0.211089953278328253E-01    0.109453112483844239E+01    0.766419177169073373E+00    0.411462031052600707E+00   -0.572686528211079349E+00   -0.263604717750922590E+00   -0.318368329086865742E+01   -0.204585908240574099E+01    0.214142777984193344E+01    0.782913320389739731E+01    0.354674336096368670E+00   -0.866898812035580875E+02   -0.870445555396544535E+02
    0.673379385768263949E+00    0.250655048257947988E+00    0.211089953278328253E-01    0.109453112483844239E+01    0.766419177169073373E+00    0.411462031052600707E+00   -0.572686528211079349E+00   -0.263604717750922590E+00   -0.318368329086865742E+01   -0.204585908240574099E+01    0.214142777984193344E+01    0.782913320389739731E+01    0.354674336096368670E+00   -0.866898812035580875E+02   -0.870445555396544535E+02
    0.673379385768263949E+00    0.250655048257947988E+00    0.211089953278328253E-01    0.109453112483844239E+01    0.766419177169073373E+00    0.411462031052600707E+00   -0.572686528211079349E+00   -0.263604717750922590E+00   -0.318368329086865742E+01   -0.204585908240574099E+01    0.214142777984193344E+01    0.782913320389739731E+01    0.354674336096368670E+00   -0.866898812035580875E+02   -0.870445555396544535E+02
    0.673379385768263949E+00    0.250655048257947988E+00    0.211089953278328253E-01    0.109453112483844239E+01    0.766419177169073373E+00    0.411462031052600707E+00   -0.572686528211079349E+00   -0.263604717750922590E+00   -0.318368329086865742E+01   -0.204585908240574099E+01    0.214142777984193344E+01    0.782913320389739731E+01    0.354674336096368670E+00   -0.866898812035580875E+02   -0.870445555396544535E+02
    0.673379385768263949E+00    0.250655048257947988E+00    0.211089953278328253E-01    0.109453112483844239E+01    0.766419177169073373E+00    0.411462031052600707E+00   -0.572686528211079349E+00   -0.263604717750922590E+00   -0.318368329086865742E+01   -0.204585908240574099E+01    0.214142777984193344E+01    0.782913320389739731E+01    0.354674336096368670E+00   -0.866898812035580875E+02   -0.870445555396544535E+02
    0.673379385768263949E+00    0.250655048257947988E+00    0.211089953278328253E-01    0.109453112483844239E+01    0.766419177169073373E+00    0.411462031052600707E+00   -0.572686528211079349E+00   -0.263604717750922590E+00   -0.318368329086865742E+01   -0.204585908240574099E+01    0.214142777984193344E+01    0.782913320389739731E+01    0.354674336096368670E+00   -0.866898812035580875E+02   -0.870445555396544535E+02
    0.673379385768263949E+00    0.250655048257947988E+00    0.211089953278328253E-01    0.109453112483844239E+01    0.766419177169073373E+00    0.411462031052600707E+00   -0.572686528211079349E+00   -0.263604717750922590E+00   -0.318368329086865742E+01   -0.204585908240574099E+01    0.214142777984193344E+01    0.782913320389739731E+01    0.354674336096368670E+00   -0.866898812035580875E+02   -0.870445555396544535E+02
    0.673379385768263949E+00    0.250655048257947988E+00    0.211089953278328253E-01    0.109453112483844239E+01    0.766419177169073373E+00    0.411462031052600707E+00   -0.572686528211079349E+00   -0.263604717750922590E+00   -0.318368329086865742E+01   -0.204585908240574099E+01    0.214142777984193344E+01    0.782913320389739731E+01    0.354674336096368670E+00   -0.866898812035580875E+02   -0.870445555396544535E+02
    0.673379385768263949E+00    0.250655048257947988E+00    0.211089953278328253E-01    0.109453112483844239E+01    0.766419177169073373E+00    0.411462031052600707E+00   -0.572686528211079349E+00   -0.263604717750922590E+00   -0.318368329086865742E+01   -0.204585908240574099E+01    0.214142777984193344E+01    0.782913320389739731E+01    0.354674336096368670E+00   -0.866898812035580875E+02   -0.870445555396544535E+02
    0.673379385768263949E+00    0.250655048257947988E+00    0.211089953278328253E-01    0.109453112483844239E+01    0.766419177169073373E+00    0.411462031052600707E+00   -0.572686528211079349E+00   -0.263604717750922590E+00   -0.318368329086865742E+01   -0.204585908240574099E+01    0.214142777984193344E+01    0.782913320389739731E+01    0.354674336096368670E+00   -0.866898812035580875E+02   -0.870445555396544535E+02
    0.673379385768263949E+00    0.250655048257947988E+00    0.211089953278328253E-01    0.109453112483844239E+01    0.766419177169073373E+00    0.411462031052600707E+00   -0.572686528211079349E+00   -0.263604717750922590E+00   -0.318368329086865742E+01   -0.204585908240574099E+01    0.214142777984193344E+01    0.782913320389739731E+01    0.354674336096368670E+00   -0.866898812035580875E+02   -0.870445555396544535E+02
    0.673379385768263949E+00    0.250655048257947988E+00    0.211089953278328253E-01    0.109453112483844239E+01    0.766419177169073373E+00    0.411462031052600707E+00   -0.572686528211079349E+00   -0.263604717750922590E+00   -0.318368329086865742E+01   -0.204585908240574099E+01    0.214142777984193344E+01    0.782913320389739731E+01    0.354674336096368670E+00   -0.866898812035580875E+02   -0.870445555396544535E+02
    0.673379385768263949E+00    0.250655048257947988E+00    0.211089953278328253E-01    0.109453112483844239E+01    0.766419177169073373E+00    0.411462031052600707E+00   -0.572686528211079349E+00   -0.263604717750922590E+00   -0.318368329086865742E+01   -0.204585908240574099E+01    0.214142777984193344E+01    0.782913320389739731E+01    0.354674336096368670E+00   -0.866898812035580875E+02   -0.870445555396544535E+02
    0.662560997371047344E+00    0.237750965728954128E+00    0.223488831889857957E-01    0.109922849618570995E+01    0.747802329408378874E+00   -0.539487790509429743E-01   -0.173154367220718086E+01   -0.375159378489797690E+00   -0.124778600769445780E+01   -0.180958834948228287E+01    0.223230048863456432E+01    0.779182930700495202E+01    0.118678379433335657E+01   -0.882935837890976245E+02   -0.894803675834309757E+02
    0.640335205181082112E+00    0.241581355135941866E+00    0.203129901467170651E-01    0.109902667577036817E+01    0.730419105120115653E+00    0.151579960501330824E+00   -0.754017793261709812E+00   -0.374155825500110395E-01   -0.166945653807601935E+01   -0.156393479276744074E+01    0.183049470189303087E+01    0.773484019584882354E+01    0.264278675143814645E+01   -0.849331276568089635E+02   -0.875759144082471153E+02
    0.640335205181082112E+00    0.241581355135941866E+00    0.203129901467170651E-01    0.109902667577036817E+01    0.730419105120115653E+00    0.151579960501330824E+00   -0.754017793261709812E+00   -0.374155825500110395E-01   -0.166945653807601935E+01   -0.156393479276744074E+01    0.183049470189303087E+01    0.773484019584882354E+01    0.264278675143814645E+01   -0.849331276568089635E+02   -0.875759144082471153E+02
    0.640335205181082112E+00    0.241581355135941866E+00    0.203129901467170651E-01    0.109902667577036817E+01    0.730419105120115653E+00    0.151579960501330824E+00   -0.754017793261709812E+00   -0.374155825500110395E-01   -0.166945653807601935E+01   -0.156393479276744074E+01    0.183049470189303087E+01    0.773484019584882354E+01    0.264278675143814645E+01   -0.849331276568089635E+02   -0.875759144082471153E+02
    0.640335205181082112E+00    0.241581355135941866E+00    0.203129901467170651E-01    0.109902667577036817E+01    0.730419105120115653E+00    0.151579960501330824E+00   -0.754017793261709812E+00   -0.374155825500110395E-01   -0.166945653807601935E+01   -0.156393479276744074E+01    0.183049470189303087E+01    0.773484019584882354E+01    0.264278675143814645E+01   -0.849331276568089635E+02   -0.875759144082471153E+02
    0.640335205181082112E+00    0.241581355135941866E+00    0.203129901467170651E-01    0.109902667577036817E+01    0.730419105120115653E+00    0.151579960501330824E+00   -0.754017793261709812E+00   -0.374155825500110395E-01   -0.166945653807601935E+01   -0.156393479276744074E+01    0.183049470189303087E+01    0.773484019584882354E+01    0.264278675143814645E+01   -0.849331276568089635E+02   -0.875759144082471153E+02
    0.640335205181082112E+00    0.241581355135941866E+00    0.203129901467170651E-01    0.109902667577036817E+01    0.730419105120115653E+00    0.151579960501330824E+00   -0.754017793261709812E+00   -0.374155825500110395E-01   -0.166945653807601935E+01   -0.156393479276744074E+01    0.183049470189303087E+01    0.773484019584882354E+01    0.264278675143814645E+01   -0.849331276568089635E+02   -0.875759144082471153E+02
    0.640335205181082112E+00    0.241581355135941866E+00    0.203129901467170651E-01    0.109902667577036817E+01    0.730419105120115653E+00    0.151579960501330824E+00   -0.754017793261709812E+00   -0.374155825500110395E-01   -0.166945653807601935E+01   -0.156393479276744074E+01    0.183049470189303087E+01    0.773484019584882354E+01    0.264278675143814645E+01   -0.849331276568089635E+02   -0.875759144082471153E+02
    0.640335205181082112E+00    0.241581355135941866E+00    0.203129901467170651E-01    0.109902667577036817E+01    0.730419105120115653E+00    0.151579960501330824E+00   -0.754017793261709812E+00   -0.374155825500110395E-01   -0.166945653807601935E+01   -0.156393479276744074E+01    0.183049470189303087E+01    0.773484019584882354E+01    0.264278675143814645E+01   -0.849331276568089635E+02   -0.875759144082471153E+02
    0.640335205181082112E+00    0.241581355135941866E+00    0.203129901467170651E-01    0.109902667577036817E+01    0.730419105120115653E+00    0.151579960501330824E+00   -0.754017793261709812E+00   -0.374155825500110395E-01   -0.166945653807601935E+01   -0.156393479276744074E+01    0.183049470189303087E+01    0.773484019584882354E+01    0.264278675143814645E+01   -0.849331276568089635E+02   -0.875759144082471153E+02
    0.640335205181082112E+00    0.241581355135941866E+00    0.203129901467170651E-01    0.109902667577036817E+01    0.730419105120115653E+00    0.151579960501330824E+00   -0.754017793261709812E+00   -0.374155825500110395E-01   -0.166945653807601935E+01   -0.156393479276744074E+01    0.183049470189303087E+01    0.773484019584882354E+01    0.264278675143814645E+01   -0.849331276568089635E+02   -0.875759144082471153E+02
    0.640335205181082112E+00    0.241581355135941866E+00    0.203129901467170651E-01    0.109902667577036817E+01    0.730419105120115653E+00    0.151579960501330824E+00   -0.754017793261709812E+00   -0.374155825500110395E-01   -0.166945653807601935E+01   -0.156393479276744074E+01    0.183049470189303087E+01    0.773484019584882354E+01    0.264278675143814645E+01   -0.849331276568089635E+02   -0.875759144082471153E+02
    0.640335205181082112E+00    0.241581355135941866E+00    0.203129901467170651E-01    0.109902667577036817E+01    0.730419105120115653E+00    0.151579960501330824E+00   -0.754017793261709812E+00   -0.374155825500110395E-01   -0.166945653807601935E+01   -0.156393479276744074E+01    0.183049470189303087E+01    0.773484019584882354E+01    0.264278675143814645E+01   -0.849331276568089635E+02   -0.875759144082471153E+02
    0.764689212954825503E+00    0.240334827123969502E+00    0.223827808166656324E-01    0.109619049064686114E+01    0.762312810313301115E+00    0.942443229337754929E-01    0.215240872590811705E+00   -0.970348318443257085E+00   -0.133497229807630879E+01   -0.143725447756764879E+01    0.257959257556763077E+01    0.782689868243784304E+01    0.204304832193091812E+01   -0.888609304288405895E+02   -0.909039787507715147E+02
    0.659872478651462480E+00    0.246436948180615373E+00    0.229633706612815056E-01    0.109596664284737688E+01    0.707149827190163727E+00   -0.197993467894148623E-01   -0.406677952538530008E+00   -0.102964344876113501E+01   -0.158028034659650962E+01   -0.142735362035750768E+01    0.108802603029175793E+01    0.771776139324872457E+01    0.269846742656644301E+01   -0.867855288774871667E+02   -0.894839963040536048E+02
    0.677967245084352355E+00    0.245189442963130722E+00    0.231065803941568892E-01    0.108170013128333631E+01    0.754483299583036060E+00    0.733836953416820315E+00    0.940388021332410062E+00   -0.255271008928730170E+00   -0.240396719069281062E+01   -0.285121248361178914E+01    0.161413033033227316E+01    0.779305791745923759E+01    0.864701985715758070E+00   -0.895762752306185916E+02   -0.904409772163343462E+02
    0.697174318808889915E+00    0.249406385377435091E+00    0.198317198301295287E-01    0.108649983956911944E+01    0.781624089601981931E+00    0.881036487310709049E-01   -0.490243711193443232E+00   -0.262518902005694998E+00   -0.315487289646966929E+01   -0.113111339204237993E+01    0.207027872664298229E+01    0.780913851548491778E+01    0.694724150265083162E+00   -0.887828569290392551E+02   -0.894775810793043433E+02
    0.697174318808889915E+00    0.249406385377435091E+00    0.198317198301295287E-01    0.108649983956911944E+01    0.781624089601981931E+00    0.881036487310709049E-01   -0.490243711193443232E+00   -0.262518902005694998E+00   -0.315487289646966929E+01   -0.113111339204237993E+01    0.207027872664298229E+01    0.780913851548491778E+01    0.694724150265083162E+00   -0.887828569290392551E+02   -0.894775810793043433E+02
    0.733930949215628403E+00    0.239287457008838439E+00    0.210363629409154596E-01    0.108866251946693748E+01    0.728057358314305625E+00    0.175745183861209853E+00    0.508532557909120442E+00   -0.583200030936268377E+00   -0.333770189457823108E+01   -0.628675552642334878E+00    0.467802469522780484E+01    0.765570719972567648E+01   -0.554148451343028725E+01   -0.954027220122216306E+02   -0.898612374987913398E+02
    0.658276433908578040E+00    0.250570494325047410E+00    0.202762586904181412E-01    0.109507481981076960E+01    0.730810457543452308E+00    0.201414087809618003E+00    0.212474143808094595E+00   -0.148977306599817838E+00   -0.249036908902212417E+01   -0.152619112392471834E+01    0.199495765151482396E+01    0.762883068042132884E+01    0.201720441991472654E+01   -0.847180998690955107E+02   -0.867353042890102301E+02
    0.658276433908578040E+00    0.250570494325047410E+00    0.202762586904181412E-01    0.109507481981076960E+01    0.730810457543452308E+00    0.201414087809618003E+00    0.212474143808094595E+00   -0.148977306599817838E+00   -0.249036908902212417E+01   -0.152619112392471834E+01    0.199495765151482396E+01    0.762883068042132884E+01    0.201720441991472654E+01   -0.847180998690955107E+02   -0.867353042890102301E+02
    0.658276433908578040E+00    0.250570494325047410E+00    0.202762586904181412E-01    0.109507481981076960E+01    0.730810457543452308E+00    0.201414087809618003E+00    0.212474143808094595E+00   -0.148977306599817838E+00   -0.249036908902212417E+01   -0.152619112392471834E+01    0.199495765151482396E+01    0.762883068042132884E+01    0.201720441991472654E+01   -0.847180998690955107E+02   -0.867353042890102301E+02
    0.658276433908578040E+00    0.250570494325047410E+00    0.202762586904181412E-01    0.109507481981076960E+01    0.730810457543452308E+00    0.201414087809618003E+00    0.212474143808094595E+00   -0.148977306599817838E+00   -0.249036908902212417E+01   -0.152619112392471834E+01    0.199495765151482396E+01    0.762883068042132884E+01    0.201720441991472654E+01   -0.847180998690955107E+02   -0.867353042890102301E+02
    0.658276433908578040E+00    0.250570494325047410E+00    0.202762586904181412E-01    0.109507481981076960E+01    0.730810457543452308E+00    0.201414087809618003E+00    0.212474143808094595E+00   -0.148977306599817838E+00   -0.249036908902212417E+01   -0.152619112392471834E+01    0.199495765151482396E+01    0.762883068042132884E+01    0.201720441991472654E+01   -0.847180998690955107E+02   -0.867353042890102301E+02
    0.658276433908578040E+00    0.250570494325047410E+00    0.202762586904181412E-01    0.109507481981076960E+01    0.730810457543452308E+00    0.201414087809618003E+00    0.212474143808094595E+00   -0.148977306599817838E+00   -0.249036908902212417E+01   -0.152619112392471834E+01    0.199495765151482396E+01    0.762883068042132884E+01    0.201720441991472654E+01   -0.847180998690955107E+02   -0.867353042890102301E+02
    0.658276433908578040E+00    0.250570494325047410E+00    0.202762586904181412E-01    0.109507481981076960E+01    0.730810457543452308E+00    0.201414087809618003E+00    0.212474143808094595E+00   -0.148977306599817838E+00   -0.249036908902212417E+01   -0.152619112392471834E+01    0.199495765151482396E+01    0.762883068042132884E+01    0.201720441991472654E+01   -0.847180998690955107E+02   -0.867353042890102301E+02
    0.658276433908578040E+00    0.250570494325047410E+00    0.202762586904181412E-01    0.109507481981076960E+01    0.730810457543452308E+00    0.201414087809618003E+00    0.212474143808094595E+00   -0.148977306599817838E+00   -0.249036908902212417E+01   -0.152619112392471834E+01    0.199495765151482396E+01    0.762883068042132884E+01    0.201720441991472654E+01   -0.847180998690955107E+02   -0.867353042890102301E+02
    0.658276433908578040E+00    0.250570494325047410E+00    0.202762586904181412E-01    0.109507481981076960E+01    0.730810457543452308E+00    0.201414087809618003E+00    0.212474143808094595E+00   -0.148977306599817838E+00   -0.249036908902212417E+01   -0.152619112392471834E+01    0.199495765151482396E+01    0.762883068042132884E+01    0.201720441991472654E+01   -0.847180998690955107E+02   -0.867353042890102301E+02
    0.658276433908578040E+00    0.250570494325047410E+00    0.202762586904181412E-01    0.109507481981076960E+01    0.730810457543452308E+00    0.201414087809618003E+00    0.212474143808094595E+00   -0.148977306599817838E+00   -0.249036908902212417E+01   -0.152619112392471834E+01    0.199495765151482396E+01    0.762883068042132884E+01    0.201720441991472654E+01   -0.847180998690955107E+02   -0.867353042890102301E+02
    0.658276433908578040E+00    0.250570494325047410E+00    0.202762586904181412E-01    0.109507481981076960E+01    0.730810457543452308E+00    0.201414087809618003E+00    0.212474143808094595E+00   -0.148977306599817838E+00   -0.249036908902212417E+01   -0.152619112392471834E+01    0.199495765151482396E+01    0.762883068042132884E+01    0.201720441991472654E+01   -0.847180998690955107E+02   -0.867353042890102301E+02
    0.658276433908578040E+00    0.250570494325047410E+00    0.202762586904181412E-01    0.109507481981076960E+01    0.730810457543452308E+00    0.201414087809618003E+00    0.212474143808094595E+00   -0.148977306599817838E+00   -0.249036908902212417E+01   -0.152619112392471834E+01    0.199495765151482396E+01    0.762883068042132884E+01    0.201720441991472654E+01   -0.847180998690955107E+02   -0.867353042890102301E+02
    0.658276433908578040E+00    0.250570494325047410E+00    0.202762586904181412E-01    0.109507481981076960E+01    0.730810457543452308E+00    0.201414087809618003E+00    0.212474143808094595E+00   -0.148977306599817838E+00   -0.249036908902212417E+01   -0.152619112392471834E+01    0.199495765151482396E+01    0.762883068042132884E+01    0.201720441991472654E+01   -0.847180998690955107E+02   -0.867353042890102301E+02
    0.658276433908578040E+00    0.250570494325047410E+00    0.202762586904181412E-01    0.109507481981076960E+01    0.730810457543452308E+00    0.201414087809618003E+00    0.212474143808094595E+00   -0.148977306599817838E+00   -0.249036908902212417E+01   -0.152619112392471834E+01    0.199495765151482396E+01    0.762883068042132884E+01    0.201720441991472654E+01   -0.847180998690955107E+02   -0.867353042890102301E+02
    0.658276433908578040E+00    0.250570494325047410E+00    0.202762586904181412E-01    0.109507481981076960E+01    0.730810457543452308E+00    0.201414087809618003E+00    0.212474143808094595E+00   -0.148977306599817838E+00   -0.249036908902212417E+01   -0.152619112392471834E+01    0.199495765151482396E+01    0.762883068042132884E+01    0.201720441991472654E+01   -0.847180998690955107E+02   -0.867353042890102301E+02
    0.658276433908578040E+00    0.250570494325047410E+00    0.202762586904181412E-01    0.109507481981076960E+01    0.730810457543452308E+00    0.201414087809618003E+00    0.212474143808094595E+00   -0.148977306599817838E+00   -0.249036908902212417E+01   -0.152619112392471834E+01    0.199495765151482396E+01    0.762883068042132884E+01    0.201720441991472654E+01   -0.847180998690955107E+02   -0.867353042890102301E+02
    0.658276433908578040E+00    0.250570494325047410E+00    0.202762586904181412E-01    0.109507481981076960E+01    0.730810457543452308E+00    0.201414087809618003E+00    0.212474143808094595E+00   -0.148977306599817838E+00   -0.249036908902212417E+01   -0.152619112392471834E+01    0.199495765151482396E+01    0.762883068042132884E+01    0.201720441991472654E+01   -0.847180998690955107E+02   -0.867353042890102301E+02
    0.658276433908578040E+00    0.250570494325047410E+00    0.202762586904181412E-01    0.109507481981076960E+01    0.730810457543452308E+00    0.201414087809618003E+00    0.212474143808094595E+00   -0.148977306599817838E+00   -0.249036908902212417E+01   -0.152619112392471834E+01    0.199495765151482396E+01    0.762883068042132884E+01    0.201720441991472654E+01   -0.847180998690955107E+02   -0.867353042890102301E+02
    0.658276433908578040E+00    0.250570494325047410E+00    0.202762586904181412E-01    0.109507481981076960E+01    0.730810457543452308E+00    0.201414087809618003E+00    0.212474143808094595E+00   -0.148977306599817838E+00   -0.249036908902212417E+01   -0.152619112392471834E+01    0.199495765151482396E+01    0.762883068042132884E+01    0.201720441991472654E+01   -0.847180998690955107E+02   -0.867353042890102301E+02
    0.658276433908578040E+00    0.250570494325047410E+00    0.202762586904181412E-01    0.109507481981076960E+01    0.730810457543452308E+00    0.201414087809618003E+00    0.212474143808094595E+00   -0.148977306599817838E+00   -0.249036908902212417E+01   -0.152619112392471834E+01    0.199495765151482396E+01    0.762883068042132884E+01    0.201720441991472654E+01   -0.847180998690955107E+02   -0.867353042890102301E+02
    0.658276433908578040E+00    0.250570494325047410E+00    0.202762586904181412E-01    0.109507481981076960E+01    0.730810457543452308E+00    0.201414087809618003E+00    0.212474143808094595E+00   -0.148977306599817838E+00   -0.249036908902212417E+01   -0.152619112392471834E+01    0.199495765151482396E+01    0.762883068042132884E+01    0.201720441991472654E+01   -0.847180998690955107E+02   -0.867353042890102301E+02
    0.658276433908578040E+00    0.250570494325047410E+00    0.202762586904181412E-01    0.109507481981076960E+01    0.730810457543452308E+00    0.201414087809618003E+00    0.212474143808094595E+00   -0.148977306599817838E+00   -0.249036908902212417E+01   -0.152619112392471834E+01    0.199495765151482396E+01    0.762883068042132884E+01    0.201720441991472654E+01   -0.847180998690955107E+02   -0.867353042890102301E+02
    0.658276433908578040E+00    0.250570494325047410E+00    0.202762586904181412E-01    0.109507481981076960E+01    0.730810457543452308E+00    0.201414087809618003E+00    0.212474143808094595E+00   -0.148977306599817838E+00   -0.249036908902212417E+01   -0.152619112392471834E+01    0.199495765151482396E+01    0.762883068042132884E+01    0.201720441991472654E+01   -0.847180998690955107E+02   -0.867353042890102301E+02
    0.658276433908578040E+00    0.250570494325047410E+00    0.202762586904181412E-01    0.109507481981076960E+01    0.730810457543452308E+00    0.201414087809618003E+00    0.212474143808094595E+00   -0.148977306599817838E+00   -0.249036908902212417E+01   -0.152619112392471834E+01    0.199495765151482396E+01    0.762883068042132884E+01    0.201720441991472654E+01   -0.847180998690955107E+02   -0.867353042890102301E+02
    0.658276433908578040E+00    0.250570494325047410E+00    0.202762586904181412E-01    0.109507481981076960E+01    0.730810457543452308E+00    0.201414087809618003E+00    0.212474143808094595E+00   -0.148977306599817838E+00   -0.249036908902212417E+01   -0.152619112392471834E+01    0.199495765151482396E+01    0.762883068042132884E+01    0.201720441991472654E+01   -0.847180998690955107E+02   -0.867353042890102301E+02
    0.658276433908578040E+00    0.250570494325047410E+00    0.202762586904181412E-01    0.109507481981076960E+01    0.730810457543452308E+00    0.201414087809618003E+00    0.212474143808094595E+00   -0.148977306599817838E+00   -0.249036908902212417E+01   -0.152619112392471834E+01    0.199495765151482396E+01    0.762883068042132884E+01    0.201720441991472654E+01   -0.847180998690955107E+02   -0.867353042890102301E+02
    0.658276433908578040E+00    0.250570494325047410E+00    0.202762586904181412E-01    0.109507481981076960E+01    0.730810457543452308E+00    0.201414087809618003E+00    0.212474143808094595E+00   -0.148977306599817838E+00   -0.249036908902212417E+01   -0.152619112392471834E+01    0.199495765151482396E+01    0.762883068042132884E+01    0.201720441991472654E+01   -0.847180998690955107E+02   -0.867353042890102301E+02
    0.658276433908578040E+00    0.250570494325047410E+00    0.202762586904181412E-01    0.109507481981076960E+01    0.730810457543452308E+00    0.201414087809618003E+00    0.212474143808094595E+00   -0.148977306599817838E+00   -0.249036908902212417E+01   -0.152619112392471834E+01    0.199495765151482396E+01    0.762883068042132884E+01    0.201720441991472654E+01   -0.847180998690955107E+02   -0.867353042890102301E+02
    0.685006100707317600E+00    0.231218966019817507E+00    0.208147388033684128E-01    0.108837067432976631E+01    0.768925257591529077E+00   -0.571075574443611345E-01    0.882194330790753156E-01   -0.277343626327137771E+00   -0.263068702177292835E+01   -0.142094222422997518E+01    0.358447691091328124E+01    0.764496218501159852E+01   -0.587076129857309059E+00   -0.911923756988393990E+02   -0.906052995689820904E+02
    0.652317151959624253E+00    0.239551050808510663E+00    0.216993565630476011E-01    0.107776666724962467E+01    0.759007493838061431E+00    0.238098384174463717E+00   -0.129012408518747179E+00    0.535062839622924002E+00   -0.126601664552822490E+01   -0.122050151466851275E+01    0.238453782097280964E+01    0.760521421247766494E+01    0.234925081047220496E+01   -0.883436010286416149E+02   -0.906928518391138141E+02
    0.696591468588422358E+00    0.229283565690327013E+00    0.227754097754673639E-01    0.109446984033361416E+01    0.754568281276510211E+00    0.308554016465890868E+00    0.818633953768994616E+00   -0.128510713960736211E+01   -0.230695238084877019E+01   -0.165151369360614808E+01    0.219976490238536826E+01    0.764000238831147804E+01    0.113727691734226610E+01   -0.898251785912001708E+02   -0.909624555085424333E+02
    0.651843198378946997E+00    0.230088962962182647E+00    0.234475225190556372E-01    0.109149249194251041E+01    0.704317770830041878E+00    0.183727561333389744E+00    0.182165998675031915E+01   -0.107317899314807619E+01   -0.164399159135996320E+01   -0.963920123646175853E+00    0.217264993055209743E+01    0.777136379364884533E+01    0.563406960712492744E+00   -0.909573357299024536E+02   -0.915207426906149522E+02
    0.736562013578722197E+00    0.247725054291359992E+00    0.209808903915907549E-01    0.108064734239622195E+01    0.785667322858373263E+00    0.327477760455865408E+00    0.184665350109185056E+01   -0.118183570289943418E+01   -0.270145734508446367E+01   -0.327489100524530841E+01    0.334311180048302958E+01    0.769354021413712275E+01   -0.413051446249342202E+01   -0.940188684594728272E+02   -0.898883539969794043E+02
    0.652020235021435912E+00    0.239097807239554511E+00    0.223510707107202472E-01    0.109939345485536033E+01    0.702632865554859931E+00    0.544106006515168161E+00    0.120659778985668709E+01   -0.569895617082920580E+00   -0.248415455822737385E+01   -0.190917590209778609E+01    0.172850718798713410E+01    0.762992444905962230E+01    0.128070655572712289E+01   -0.886855697914886321E+02   -0.899662763472157536E+02
    0.645815790183910110E+00    0.233662072259264914E+00    0.231640862395999861E-01    0.108622064768227689E+01    0.740305468803599043E+00    0.333427105876651808E+00   -0.337827339830027995E+00   -0.807607070670428584E+00   -0.184717812098483569E+01   -0.160423650209963853E+01    0.152358046319363916E+01    0.765104569550943747E+01    0.268760428803630225E+01   -0.877188441378929724E+02   -0.904064484259292698E+02
    0.667717743697716415E+00    0.253127067142569828E+00    0.229529808370491709E-01    0.109217284643562440E+01    0.722133052947783183E+00   -0.215303123288119735E+00    0.619582254563511015E+00   -0.467679868910408858E+00   -0.469707858004539736E+00   -0.259054946965420640E+01    0.235462654355956147E+01    0.770376357448635130E+01    0.152169078855441775E+01   -0.894685556768486947E+02   -0.909902464654031178E+02
    0.668630307411218539E+00    0.226063291662561561E+00    0.242092838832856684E-01    0.109858053951909063E+01    0.770819094124293280E+00    0.426335718546424935E+00    0.648086572474539935E+00   -0.130756924009688191E+01   -0.150551928342679253E+01   -0.261693434207131759E+01    0.234501574199498464E+01    0.775545326192596463E+01    0.101544007971576367E+01   -0.899858502141546381E+02   -0.910012902938703974E+02
    0.736054957358634576E+00    0.243968265773673171E+00    0.194910981091767042E-01    0.108757227322550998E+01    0.795392856047097752E+00    0.161569664878983943E+00    0.500758689726126249E+00   -0.372477938889232918E+00   -0.336257856830229684E+01   -0.142408283186910012E+01    0.300810144659294565E+01    0.760444639442344616E+01   -0.932367038288896000E+00   -0.906214897264141541E+02   -0.896891226881252521E+02
    0.675058415841985004E+00    0.248772397765149478E+00    0.246725707898836147E-01    0.108695002982010913E+01    0.703003578412608410E+00    0.462074264244954236E+00    0.419021091830700243E+00   -0.646033387459965525E+00   -0.182096254035627658E+01   -0.140773047147490615E+01    0.131590601128323237E+01    0.788132663358551966E+01    0.281799585645419981E+01   -0.883667345152684192E+02   -0.911847303717226225E+02
    0.655087426318347377E+00    0.252670929519926257E+00    0.253781850723836522E-01    0.108838153559070694E+01    0.681792961442061474E+00   -0.408847848638220768E-01   -0.190117952610080465E+00    0.244205365301013499E+00   -0.176853887809670574E+01   -0.156566952192974895E+01    0.291505559065740272E+01    0.764882995738762173E+01    0.156680911495635522E+01   -0.874939648005083512E+02   -0.890607739154647078E+02
    0.655087426318347377E+00    0.252670929519926257E+00    0.253781850723836522E-01    0.108838153559070694E+01    0.681792961442061474E+00   -0.408847848638220768E-01   -0.190117952610080465E+00    0.244205365301013499E+00   -0.176853887809670574E+01   -0.156566952192974895E+01    0.291505559065740272E+01    0.764882995738762173E+01    0.156680911495635522E+01   -0.874939648005083512E+02   -0.890607739154647078E+02
    0.655087426318347377E+00    0.252670929519926257E+00    0.253781850723836522E-01    0.108838153559070694E+01    0.681792961442061474E+00   -0.408847848638220768E-01   -0.190117952610080465E+00    0.244205365301013499E+00   -0.176853887809670574E+01   -0.156566952192974895E+01    0.291505559065740272E+01    0.764882995738762173E+01    0.156680911495635522E+01   -0.874939648005083512E+02   -0.890607739154647078E+02
    0.707424761335195051E+00    0.247510778137408849E+00    0.250533833470474102E-01    0.108441907927021086E+01    0.754238971830430205E+00    0.255447529977866239E+00    0.170388134916379386E+01   -0.734700293670584870E+00   -0.275187430942537503E+01   -0.188410930414988798E+01    0.119447556119325804E+01    0.781583321071498371E+01    0.193149568686653672E+00   -0.900659018490059111E+02   -0.902590514176925609E+02
    0.765304361780740128E+00    0.249412583767603974E+00    0.231716906687893451E-01    0.108451161813656261E+01    0.767227615327688572E+00    0.196948212386299559E+00    0.884067451121381964E+00   -0.716527214464122153E+00   -0.129734015114649970E+01   -0.194624852996071240E+01    0.234291771040375352E+01    0.777413293280654649E+01    0.198340257022850253E+01   -0.890746820436758782E+02   -0.910580846139043842E+02
    0.781603631530386478E+00    0.250450985116599967E+00    0.241472361662367352E-01    0.109550403109316363E+01    0.785254383074331264E+00    0.317339943122661339E+00    0.975553741542398711E+00   -0.627955675814746428E+00   -0.251844605090695950E+01   -0.198806799152976055E+01    0.293530715358542693E+01    0.768756578508416144E+01    0.129598636723439853E+00   -0.891584217238250432E+02   -0.892880203605484866E+02
    0.781603631530386478E+00    0.250450985116599967E+00    0.241472361662367352E-01    0.109550403109316363E+01    0.785254383074331264E+00    0.317339943122661339E+00    0.975553741542398711E+00   -0.627955675814746428E+00   -0.251844605090695950E+01   -0.198806799152976055E+01    0.293530715358542693E+01    0.768756578508416144E+01    0.129598636723439853E+00   -0.891584217238250432E+02   -0.892880203605484866E+02
    0.714116650313790235E+00    0.244122010395697003E+00    0.242176927898191188E-01    0.109320089523444475E+01    0.726262834226535814E+00    0.639858129451948088E+00    0.646108777178824312E+00   -0.191861397842103487E+00   -0.332048213863458841E+01   -0.151023869052664850E+01    0.227568887475058546E+01    0.777699573705159786E+01    0.987349479832158039E-01   -0.911456567350310678E+02   -0.912443916830142854E+02
    0.717991617729414999E+00    0.246755868481472379E+00    0.249281476452290346E-01    0.109049790186097506E+01    0.754828166272942358E+00   -0.108775626698164096E+00    0.104209836196673677E+01   -0.138997285213235899E+00   -0.270308142013504948E+01   -0.140564797756155713E+01    0.152107220857374181E+01    0.788184435234549507E+01    0.142235983488288475E+01   -0.892643674020085740E+02   -0.906867272368914570E+02
    0.735534977208557539E+00    0.243431108926643880E+00    0.245253313179140987E-01    0.109773779294912099E+01    0.753065122116451380E+00   -0.156547055318601025E-01    0.716040220146396678E+00   -0.829051439937984469E+00   -0.172757862261619244E+01   -0.122761288529886770E+01    0.118850931233396317E+01    0.767787969892089350E+01    0.259404538409268604E+01   -0.882386113288142298E+02   -0.908326567129069105E+02
    0.660246521227458638E+00    0.248136803000211098E+00    0.243225892347105101E-01    0.108529107944619607E+01    0.749138837932602275E+00    0.431682619242716115E+00    0.109349299319774218E+00   -0.893307679447161718E+00   -0.259814827557761419E+01   -0.113742711760892234E+01    0.313721919828253704E+01    0.762288839295379361E+01    0.115287177355884563E+00   -0.882552286681412426E+02   -0.883705158454971240E+02
    0.660246521227458638E+00    0.248136803000211098E+00    0.243225892347105101E-01    0.108529107944619607E+01    0.749138837932602275E+00    0.431682619242716115E+00    0.109349299319774218E+00   -0.893307679447161718E+00   -0.259814827557761419E+01   -0.113742711760892234E+01    0.313721919828253704E+01    0.762288839295379361E+01    0.115287177355884563E+00   -0.882552286681412426E+02   -0.883705158454971240E+02
    0.660246521227458638E+00    0.248136803000211098E+00    0.243225892347105101E-01    0.108529107944619607E+01    0.749138837932602275E+00    0.431682619242716115E+00    0.109349299319774218E+00   -0.893307679447161718E+00   -0.259814827557761419E+01   -0.113742711760892234E+01    0.313721919828253704E+01    0.762288839295379361E+01    0.115287177355884563E+00   -0.882552286681412426E+02   -0.883705158454971240E+02
    0.660246521227458638E+00    0.248136803000211098E+00    0.243225892347105101E-01    0.108529107944619607E+01    0.749138837932602275E+00    0.431682619242716115E+00    0.109349299319774218E+00   -0.893307679447161718E+00   -0.259814827557761419E+01   -0.113742711760892234E+01    0.313721919828253704E+01    0.762288839295379361E+01    0.115287177355884563E+00   -0.882552286681412426E+02   -0.883705158454971240E+02
    0.660246521227458638E+00    0.248136803000211098E+00    0.243225892347105101E-01    0.108529107944619607E+01    0.749138837932602275E+00    0.431682619242716115E+00    0.109349299319774218E+00   -0.893307679447161718E+00   -0.259814827557761419E+01   -0.113742711760892234E+01    0.313721919828253704E+01    0.762288839295379361E+01    0.115287177355884563E+00   -0.882552286681412426E+02   -0.883705158454971240E+02
    0.660246521227458638E+00    0.248136803000211098E+00    0.243225892347105101E-01    0.108529107944619607E+01    0.749138837932602275E+00    0.431682619242716115E+00    0.109349299319774218E+00   -0.893307679447161718E+00   -0.259814827557761419E+01   -0.113742711760892234E+01    0.313721919828253704E+01    0.762288839295379361E+01    0.115287177355884563E+00   -0.882552286681412426E+02   -0.883705158454971240E+02
    0.689554971089984536E+00    0.254473870821908865E+00    0.252859504078253201E-01    0.107897886932158360E+01    0.769172533374782974E+00    0.396729098838571659E+00    0.272458079965645084E+00   -0.636078533872250773E+00   -0.277105732307404651E+01   -0.112576027531417822E+01    0.353699220202202014E+01    0.775236052718104141E+01   -0.869416121413546295E+00   -0.898038548639008525E+02   -0.889344387424873020E+02
    0.689554971089984536E+00    0.254473870821908865E+00    0.252859504078253201E-01    0.107897886932158360E+01    0.769172533374782974E+00    0.396729098838571659E+00    0.272458079965645084E+00   -0.636078533872250773E+00   -0.277105732307404651E+01   -0.112576027531417822E+01    0.353699220202202014E+01    0.775236052718104141E+01   -0.869416121413546295E+00   -0.898038548639008525E+02   -0.889344387424873020E+02
    0.689554971089984536E+00    0.254473870821908865E+00    0.252859504078253201E-01    0.107897886932158360E+01    0.769172533374782974E+00    0.396729098838571659E+00    0.272458079965645084E+00   -0.636078533872250773E+00   -0.277105732307404651E+01   -0.112576027531417822E+01    0.353699220202202014E+01    0.775236052718104141E+01   -0.869416121413546295E+00   -0.898038548639008525E+02   -0.889344387424873020E+02
    0.684257615493049531E+00    0.246154817359085648E+00    0.226883298631534794E-01    0.109319380388882670E+01    0.774546178296946275E+00    0.391245389585132664E+00    0.194936196264166028E+01   -0.993739525341652552E+00   -0.938818901332751699E+00   -0.891230029391181233E+00    0.124891740675479945E+01    0.772547206530992359E+01    0.896072130679063217E+00   -0.902302719325095666E+02   -0.911263440631886255E+02
    0.649606227453536467E+00    0.247929112757371922E+00    0.238154231503021827E-01    0.107187425998357799E+01    0.750795236396218035E+00    0.137322866853876846E+00    0.101850096077555463E+01   -0.502451132391570354E+00   -0.202431602368847052E+01   -0.122318711715593054E+01    0.196147076581269197E+01    0.760242826702267216E+01    0.202240381865275953E+01   -0.890663432682941192E+02   -0.910887470869468814E+02
    0.641886560831328890E+00    0.253572925233347679E+00    0.255012022231132958E-01    0.107747555672071371E+01    0.726299112336417640E+00    0.176156722508708619E+00    0.803116742184784016E+00   -0.432613252668261283E+00   -0.291759412499459136E+00   -0.307150832167849330E+01    0.189376345395089651E+01    0.767213229427075039E+01    0.976100318613970286E+00   -0.896579944545675573E+02   -0.906340947731815305E+02
    0.738341466403596880E+00    0.252263245554407323E+00    0.235910595236532503E-01    0.109388710517323240E+01    0.747259582466620609E+00   -0.400048887150692423E-01    0.115626242418670699E+01   -0.477007468992951489E+00   -0.231507205836237517E+01   -0.248305935450730431E+01    0.140111562311517468E+01    0.776754493865390039E+01    0.122844257876006280E+01   -0.886918189984414624E+02   -0.899202615772015292E+02
    0.661069768256267509E+00    0.252041740551691928E+00    0.249916182918646958E-01    0.107685276994789492E+01    0.693847211417200183E+00    0.257765742941729492E+00    0.558336374103873823E-01   -0.675679555362194151E+00   -0.229153276854617616E+01   -0.395844821922537449E+00    0.247941118208586886E+01    0.765968314985682763E+01    0.120954856533803357E+01   -0.887155170643429187E+02   -0.899250656296809581E+02
    0.652002062565333995E+00    0.244049525071960011E+00    0.247106245262918335E-01    0.108612304763869605E+01    0.713745117376925808E+00    0.296208987386894051E+00   -0.754675116615999286E-01   -0.144034651383321943E+01   -0.136758664836747790E+01   -0.133580062166288371E+01    0.132501933606704392E+01    0.760720552045613907E+01    0.243547045235178805E+01   -0.881655147088651745E+02   -0.906009851612169683E+02
    0.661468584643760349E+00    0.250406710791126752E+00    0.249145739918834389E-01    0.108389061551443766E+01    0.745037630691476993E+00    0.672709839136475196E+00    0.199418208077304371E+00   -0.555873796832884182E+00   -0.187451622569028564E+01   -0.595952228253509020E+00    0.232008473994824271E+01    0.786217198184516430E+01    0.200979173291270286E+01   -0.879328976656784960E+02   -0.899426893985911988E+02
    0.679251306274335609E+00    0.253625651629031057E+00    0.214603348264917997E-01    0.108339334897747674E+01    0.726194879641856916E+00   -0.554011182774374333E-01    0.204472078452226924E+00   -0.100014598779011976E+01   -0.197128042874396647E+01   -0.151830700645291472E+01    0.290315335633863469E+01    0.787922608829928883E+01    0.119134183329897247E+01   -0.876064172498391542E+02   -0.887977590831381320E+02
    0.679251306274335609E+00    0.253625651629031057E+00    0.214603348264917997E-01    0.108339334897747674E+01    0.726194879641856916E+00   -0.554011182774374333E-01    0.204472078452226924E+00   -0.100014598779011976E+01   -0.197128042874396647E+01   -0.151830700645291472E+01    0.290315335633863469E+01    0.787922608829928883E+01    0.119134183329897247E+01   -0.876064172498391542E+02   -0.887977590831381320E+02
    0.679251306274335609E+00    0.253625651629031057E+00    0.214603348264917997E-01    0.108339334897747674E+01    0.726194879641856916E+00   -0.554011182774374333E-01    0.204472078452226924E+00   -0.100014598779011976E+01   -0.197128042874396647E+01   -0.151830700645291472E+01    0.290315335633863469E+01    0.787922608829928883E+01    0.119134183329897247E+01   -0.876064172498391542E+02   -0.887977590831381320E+02
    0.679251306274335609E+00    0.253625651629031057E+00    0.214603348264917997E-01    0.108339334897747674E+01    0.726194879641856916E+00   -0.554011182774374333E-01    0.204472078452226924E+00   -0.100014598779011976E+01   -0.197128042874396647E+01   -0.151830700645291472E+01    0.290315335633863469E+01    0.787922608829928883E+01    0.119134183329897247E+01   -0.876064172498391542E+02   -0.887977590831381320E+02
    0.648256445930450065E+00    0.247688532040612919E+00    0.212266518386420647E-01    0.106949006078572406E+01    0.736406021508912878E+00    0.483842521539727954E+00    0.174589473914465998E+00   -0.550307459510577246E+00   -0.193586962186941469E+01   -0.747116925612090199E+00    0.156219404893704472E+01    0.768319155572264734E+01    0.258952038162896647E+01   -0.877950480890032026E+02   -0.903845684706321748E+02
    0.684275504099371767E+00    0.248444085166934281E+00    0.213316500577623303E-01    0.108875006353909654E+01    0.753456884045336617E+00    0.206628587332716052E+00    0.128719072170611071E+01   -0.150800772358365975E+01   -0.209646233107264379E+01   -0.944247503831547874E+00    0.896995447277504576E+00    0.782710851620956127E+01    0.903262556844820819E+00   -0.891602713365307977E+02   -0.900635338933756202E+02
    0.640303758968242431E+00    0.252720509247780334E+00    0.205256916721765874E-01    0.105259396152475215E+01    0.714614215822657939E+00    0.297858235530917170E+00    0.765859409005997804E+00   -0.100378563333492821E+01   -0.200451393595017180E+01   -0.101086476994510122E+01    0.318222837617099685E+01    0.776911856186324545E+01    0.324525562339712526E+00   -0.899415161549366786E+02   -0.902660417172763943E+02
    0.650300408017543519E+00    0.246015867429738827E+00    0.192278681362527681E-01    0.109110089966705726E+01    0.725536211793570751E+00    0.516674705666577694E+00    0.874840939934529160E-01   -0.104701108986432700E+01   -0.220773852509751123E+01   -0.316741731512706792E+01    0.138752252597555548E+01    0.769722596432939543E+01    0.708457104075843280E+00   -0.881771874648849092E+02   -0.888856445689607568E+02
    0.650300408017543519E+00    0.246015867429738827E+00    0.192278681362527681E-01    0.109110089966705726E+01    0.725536211793570751E+00    0.516674705666577694E+00    0.874840939934529160E-01   -0.104701108986432700E+01   -0.220773852509751123E+01   -0.316741731512706792E+01    0.138752252597555548E+01    0.769722596432939543E+01    0.708457104075843280E+00   -0.881771874648849092E+02   -0.888856445689607568E+02
    0.650300408017543519E+00    0.246015867429738827E+00    0.192278681362527681E-01    0.109110089966705726E+01    0.725536211793570751E+00    0.516674705666577694E+00    0.874840939934529160E-01   -0.104701108986432700E+01   -0.220773852509751123E+01   -0.316741731512706792E+01    0.138752252597555548E+01    0.769722596432939543E+01    0.708457104075843280E+00   -0.881771874648849092E+02   -0.888856445689607568E+02
    0.688470585097563204E+00    0.247757179685759360E+00    0.192039472147347845E-01    0.109530911652812502E+01    0.716852003012678263E+00    0.988529776385114189E-01    0.224604674305055596E+00   -0.221503113100766313E+01   -0.119241762763863313E+01   -0.640495912704182047E+00    0.220676062425241071E+01    0.791959979171937789E+01    0.442667801163257879E+00   -0.891361666886059680E+02   -0.895788344897692212E+02
    0.688470585097563204E+00    0.247757179685759360E+00    0.192039472147347845E-01    0.109530911652812502E+01    0.716852003012678263E+00    0.988529776385114189E-01    0.224604674305055596E+00   -0.221503113100766313E+01   -0.119241762763863313E+01   -0.640495912704182047E+00    0.220676062425241071E+01    0.791959979171937789E+01    0.442667801163257879E+00   -0.891361666886059680E+02   -0.895788344897692212E+02
    0.681511449887001297E+00    0.244375877671286740E+00    0.195985844316828271E-01    0.109389498549194708E+01    0.737668293066917169E+00    0.727883089035168851E+00    0.357290962334673168E+00   -0.113764617655419897E+01   -0.141856519481848387E+01   -0.976688499507645247E+00    0.186056823820422346E+01    0.774385140741932609E+01    0.243416020215072670E+01   -0.887508885744022109E+02   -0.911850487765529323E+02
    0.663348024719795371E+00    0.253762133476438001E+00    0.201053690003553977E-01    0.107430082690905260E+01    0.755817007707181743E+00    0.421009167966770903E+00    0.669800428867119990E+00   -0.134475685941993106E+01   -0.245027512912770362E+01   -0.156102494773108447E+01    0.190332319138519801E+01    0.780025139811271639E+01    0.125086340819668984E+01   -0.882791301609448880E+02   -0.895299935691415811E+02
    0.660763377555171449E+00    0.249484750620597578E+00    0.214916319914900920E-01    0.108335392757673832E+01    0.722261805139949975E+00    0.134274906343907929E+00    0.740234371759243004E+00   -0.687243051439736519E+00   -0.276744520223132895E+01   -0.258663976129469120E+01    0.179725790782981698E+01    0.782721325566119575E+01    0.640695154314082416E+00   -0.880380292580843644E+02   -0.886787244123984522E+02
    0.660763377555171449E+00    0.249484750620597578E+00    0.214916319914900920E-01    0.108335392757673832E+01    0.722261805139949975E+00    0.134274906343907929E+00    0.740234371759243004E+00   -0.687243051439736519E+00   -0.276744520223132895E+01   -0.258663976129469120E+01    0.179725790782981698E+01    0.782721325566119575E+01    0.640695154314082416E+00   -0.880380292580843644E+02   -0.886787244123984522E+02
    0.660763377555171449E+00    0.249484750620597578E+00    0.214916319914900920E-01    0.108335392757673832E+01    0.722261805139949975E+00    0.134274906343907929E+00    0.740234371759243004E+00   -0.687243051439736519E+00   -0.276744520223132895E+01   -0.258663976129469120E+01    0.179725790782981698E+01    0.782721325566119575E+01    0.640695154314082416E+00   -0.880380292580843644E+02   -0.886787244123984522E+02
    0.731442281665629412E+00    0.243424492307856011E+00    0.253576809898859133E-01    0.109104465396826433E+01    0.762750520223508754E+00    0.601256657559548380E+00   -0.585451698626684447E+00    0.237909604596211466E+01   -0.121654060141167952E+01   -0.197949144884319139E+01    0.746683815244751026E+00    0.766139003375649086E+01   -0.491215308218231783E+00   -0.912855411157695045E+02   -0.907943258075512745E+02
    0.764169222543218507E+00    0.253821016821608347E+00    0.204969528544840310E-01    0.109076794506070884E+01    0.731258442301898959E+00    0.211354327880055592E+00   -0.107537964376319906E+01    0.940821856000866319E+00   -0.186892932623663888E+01   -0.252231666299735480E+01    0.112218986674747634E+01    0.770388675351556618E+01    0.112695534528194319E+01   -0.899017109794017841E+02   -0.910286663246837264E+02
    0.739330834175121243E+00    0.250999543240099432E+00    0.225805913826044521E-01    0.109991988223793768E+01    0.739464812714996089E+00    0.428087638220294942E+00   -0.399867198131005352E+00    0.963107724891187900E+00   -0.192092422273276475E+01   -0.240677360939457685E+01   -0.879498384506383069E-02    0.768999573129063396E+01    0.881666902795364749E+00   -0.893217904763241961E+02   -0.902034573791195555E+02
    0.715938349162381860E+00    0.245379063723915825E+00    0.245653675492672405E-01    0.108799588565014083E+01    0.752193466837276170E+00    0.603472824527981899E+00   -0.618616641403377798E+00    0.159609858441513097E+01   -0.195970470534007268E+01   -0.206752022782779932E+01    0.125448143126845957E+01    0.767048714451608404E+01    0.910444774642120702E+00   -0.892456766497612506E+02   -0.901561214244033664E+02
    0.747063572253641728E+00    0.249937306697768646E+00    0.246716926537964565E-01    0.108953691545064668E+01    0.760213757986944239E+00    0.413021765509902217E+00   -0.799443879792534062E+00   -0.710085420621452967E-01   -0.144689693645545936E+01   -0.524353551833200981E+00    0.208511928950656733E+00    0.761791474271594371E+01    0.194857359745667003E+01   -0.895710741331368041E+02   -0.915196477305934764E+02
    0.712489670417137844E+00    0.252127247487134443E+00    0.222608104816768362E-01    0.108798158944326273E+01    0.780013270385667257E+00    0.787492274557752836E-01   -0.314107265978691430E-01    0.319423513427636918E+00   -0.181101789489616727E+01   -0.253382057706971864E+01    0.350720283234977837E+00    0.782971064150294360E+01    0.183019576884590895E+01   -0.889621342701997406E+02   -0.907923300390456518E+02
    0.652083376490349198E+00    0.239383493315055429E+00    0.233662071308925884E-01    0.109424229015204033E+01    0.742946123001244296E+00    0.864180939576364437E-02   -0.732391820434941110E+00    0.685604774317880583E+00   -0.170550766594828906E+01   -0.232289894862901747E+01    0.119050491758685006E+01    0.780673658913378166E+01    0.201373534527708209E+01   -0.878865769504709107E+02   -0.899003122957479945E+02
    0.773827596067345747E+00    0.251862882583345327E+00    0.207434131207201722E-01    0.109804118095261249E+01    0.778324122534006402E+00    0.320455363102215784E+00    0.479988846983587791E+00   -0.308016873390215495E+00   -0.281602072989358021E+01   -0.253465834037456261E+01    0.141439387737477795E+01    0.761618139092757485E+01    0.102893934343750892E+01   -0.879179711432256425E+02   -0.889469104866631568E+02
    0.773827596067345747E+00    0.251862882583345327E+00    0.207434131207201722E-01    0.109804118095261249E+01    0.778324122534006402E+00    0.320455363102215784E+00    0.479988846983587791E+00   -0.308016873390215495E+00   -0.281602072989358021E+01   -0.253465834037456261E+01    0.141439387737477795E+01    0.761618139092757485E+01    0.102893934343750892E+01   -0.879179711432256425E+02   -0.889469104866631568E+02
    0.773827596067345747E+00    0.251862882583345327E+00    0.207434131207201722E-01    0.109804118095261249E+01    0.778324122534006402E+00    0.320455363102215784E+00    0.479988846983587791E+00   -0.308016873390215495E+00   -0.281602072989358021E+01   -0.253465834037456261E+01    0.141439387737477795E+01    0.761618139092757485E+01    0.102893934343750892E+01   -0.879179711432256425E+02   -0.889469104866631568E+02
    0.738870556494045427E+00    0.248861315889420037E+00    0.225417069891792818E-01    0.108954283059486778E+01    0.763142933976284410E+00    0.121725628901623750E+00   -0.222572883106977315E+00   -0.102969508668592780E-01   -0.264335371286847476E+01   -0.226393691218731874E+01    0.624736066259856893E+00    0.766251793129113601E+01    0.147060328509150073E+01   -0.884861699469301186E+02   -0.899567732320216180E+02
    0.654707097512058356E+00    0.236481970806473568E+00    0.194854108428500240E-01    0.107941864107479435E+01    0.773758198866197677E+00    0.322141464197096994E+00   -0.132112076524890654E+00   -0.420879524824612772E-01   -0.287724145903325734E+01   -0.181197780483103088E+01   -0.767532732322704359E-01    0.768583853217460611E+01    0.700991396126014132E+00   -0.903323695313315227E+02   -0.910333609274575366E+02
    0.719713261019568562E+00    0.245478708919563332E+00    0.213523441824957916E-01    0.109442419421838499E+01    0.735766351784609363E+00    0.132314141232278359E+00    0.419114843714396557E-01   -0.621027418850417234E+00   -0.706258677015511926E+00   -0.194237742275504388E+01    0.364920399350694646E+00    0.761224991289347752E+01    0.253394728612193232E+01   -0.889158254735222613E+02   -0.914497727596441905E+02
    0.709222975599623218E+00    0.245307294087976996E+00    0.239505923919429882E-01    0.109821156777692797E+01    0.759119301655480916E+00    0.143805404979087115E-01   -0.188805869168504614E+01   -0.421457737642185692E+00   -0.153707268933771934E+01   -0.147534106196076209E+01    0.124139513841214488E+01    0.766884570229116758E+01    0.136202957794665513E+01   -0.881991408968157629E+02   -0.895611704747624202E+02
    0.709222975599623218E+00    0.245307294087976996E+00    0.239505923919429882E-01    0.109821156777692797E+01    0.759119301655480916E+00    0.143805404979087115E-01   -0.188805869168504614E+01   -0.421457737642185692E+00   -0.153707268933771934E+01   -0.147534106196076209E+01    0.124139513841214488E+01    0.766884570229116758E+01    0.136202957794665513E+01   -0.881991408968157629E+02   -0.895611704747624202E+02
    0.728114156917603395E+00    0.247911989133573651E+00    0.235202908391613716E-01    0.108959383578349867E+01    0.788355394723076808E+00    0.291665690464148142E+00   -0.165697537009577900E+01   -0.448573949898900481E+00   -0.279094825657352885E+01   -0.218289394089993039E+01   -0.578704892767518464E+00    0.773092161686082591E+01   -0.156336358516468188E+01   -0.923865582940848071E+02   -0.908231947089201270E+02
    0.724785664106643801E+00    0.253197565900258770E+00    0.219497574140916016E-01    0.107768875326032743E+01    0.778733379525938796E+00    0.238829123023454493E+00   -0.162245065867978155E+01   -0.341628470448540056E-01   -0.246648017802385766E+01   -0.200544949373693271E+01    0.294478085460241568E+00    0.781823736082824450E+01    0.363770263361405943E+00   -0.901719645531539555E+02   -0.905357348165153581E+02
    0.650087539668578129E+00    0.243483115012604445E+00    0.243813137698024734E-01    0.109300230333687765E+01    0.728242055153328738E+00    0.415542557377861499E-01   -0.523476825350144281E+00   -0.481654664357620221E+00   -0.219949675852717519E+01   -0.155094386292262243E+01    0.116873398288817265E+00    0.769657000408836556E+01    0.182105503888924769E+01   -0.879121336976299830E+02   -0.897331887365192244E+02
    0.659304732433989238E+00    0.247964363486725597E+00    0.220254474213297594E-01    0.108563727542705712E+01    0.765793748227311721E+00    0.419510480112264439E+00   -0.544745346189756674E-01   -0.116239415098903009E+01   -0.204879103004827812E+01   -0.364354401511150172E+01    0.867211787502810916E+00    0.766910538299748890E+01   -0.262784271036762940E+00   -0.898368507304615065E+02   -0.895740664594247420E+02
    0.659304732433989238E+00    0.247964363486725597E+00    0.220254474213297594E-01    0.108563727542705712E+01    0.765793748227311721E+00    0.419510480112264439E+00   -0.544745346189756674E-01   -0.116239415098903009E+01   -0.204879103004827812E+01   -0.364354401511150172E+01    0.867211787502810916E+00    0.766910538299748890E+01   -0.262784271036762940E+00   -0.898368507304615065E+02   -0.895740664594247420E+02
    0.661652337003990176E+00    0.237225419510963903E+00    0.194681994428093988E-01    0.108424542086675180E+01    0.736462748075187967E+00    0.218708427581788989E+00   -0.604901622126590155E+00    0.108982814134265027E+01   -0.173912582176058073E+01   -0.286127604009720926E+01    0.117169571998033484E+01    0.760429833518630094E+01    0.100033355455980622E+01   -0.889149683780425448E+02   -0.899153019326023468E+02
    0.709602753222929872E+00    0.221794619317782021E+00    0.221831272629605843E-01    0.109617889167855687E+01    0.783706621155475069E+00    0.366894924007409529E+00   -0.137997235507327787E+00    0.902347722084186898E+00   -0.321428048951588607E+01   -0.170749423266329359E+01    0.736916760698705042E+00    0.769138070610472457E+01    0.269420602424913613E+00   -0.909633291003194557E+02   -0.912327497027443712E+02
    0.690757131957704273E+00    0.238271033386042219E+00    0.218720435295347952E-01    0.108699421851090605E+01    0.790202062518499893E+00    0.235116391840723082E+00   -0.134857614143925275E+01   -0.126594592325432131E+01   -0.416320683515891687E+01   -0.211198568245777096E+01    0.100064548742579995E+01    0.773628109434693556E+01   -0.318287068031789389E+01   -0.938442941949674179E+02   -0.906614235146495275E+02
    0.685449229668385951E+00    0.247748985501322044E+00    0.218853378337851255E-01    0.109211131616809087E+01    0.738989762223430713E+00    0.582214049216855045E+00    0.138707074313515477E-01   -0.108663072369722613E+01   -0.157031654096385842E+01   -0.257760102164297678E+01    0.903382445607121776E+00    0.763716603989162657E+01    0.198724225314421821E+01   -0.886409178511496663E+02   -0.906281601042938831E+02
    0.712110284224618861E+00    0.242872198136589335E+00    0.195153626548671896E-01    0.109493914233356948E+01    0.776276888734075077E+00    0.240856133215814339E-01   -0.901081178341200939E+00    0.349290282568972599E+00   -0.202569817559719922E+01   -0.221863127837082175E+01    0.151082265713171204E+01    0.771943616528957310E+01    0.193279608821426918E+01   -0.876276562368541647E+02   -0.895604523250684394E+02
    0.712110284224618861E+00    0.242872198136589335E+00    0.195153626548671896E-01    0.109493914233356948E+01    0.776276888734075077E+00    0.240856133215814339E-01   -0.901081178341200939E+00    0.349290282568972599E+00   -0.202569817559719922E+01   -0.221863127837082175E+01    0.151082265713171204E+01    0.771943616528957310E+01    0.193279608821426918E+01   -0.876276562368541647E+02   -0.895604523250684394E+02
    0.647735406108331135E+00    0.238276196414073937E+00    0.208647306894149259E-01    0.108484450213399120E+01    0.778043342489840750E+00    0.355442721819429153E+00   -0.130859672777091873E+01   -0.940940860645014254E+00   -0.148538775293559389E+01   -0.251469390424631456E+01    0.114111871913905838E+01    0.777554322818422960E+01    0.141806758840984881E+01   -0.900698410005805101E+02   -0.914879085889903649E+02
    0.695450846342925200E+00    0.237992749430969125E+00    0.234457869233894202E-01    0.109822529151514381E+01    0.779581363262053850E+00    0.718459363220897096E+00   -0.963457727690411048E+00    0.374248144297553209E+00   -0.231955771742946126E+01   -0.195769272120173810E+01    0.231436105340776521E+01    0.775348520989439383E+01    0.120934238747529332E+01   -0.888284580485652242E+02   -0.900378004360405129E+02
    0.701287766897576437E+00    0.228754907753849462E+00    0.192820678160900011E-01    0.109868044958947775E+01    0.754430270346045040E+00    0.104766053238499524E+00   -0.651756941991834537E+00    0.175338884183702304E+00   -0.198041290516698587E+01   -0.132580303348390771E+01    0.797467293749605455E+00    0.781302988856713387E+01    0.250164473577628055E+01   -0.881125967804946555E+02   -0.906142415162709369E+02
    0.694356934685604443E+00    0.254309739014784097E+00    0.234181641039629025E-01    0.109589667879108021E+01    0.759734292640946496E+00    0.303188663313768814E+00   -0.423226132555782897E+00   -0.322332838649117492E+00   -0.230876073444619578E+01   -0.237758250596812104E+01    0.302670668332894133E+00    0.777030284974161223E+01    0.150418945390414938E+01   -0.867476689407143198E+02   -0.882518583946184663E+02
    0.694356934685604443E+00    0.254309739014784097E+00    0.234181641039629025E-01    0.109589667879108021E+01    0.759734292640946496E+00    0.303188663313768814E+00   -0.423226132555782897E+00   -0.322332838649117492E+00   -0.230876073444619578E+01   -0.237758250596812104E+01    0.302670668332894133E+00    0.777030284974161223E+01    0.150418945390414938E+01   -0.867476689407143198E+02   -0.882518583946184663E+02
    0.694356934685604443E+00    0.254309739014784097E+00    0.234181641039629025E-01    0.109589667879108021E+01    0.759734292640946496E+00    0.303188663313768814E+00   -0.423226132555782897E+00   -0.322332838649117492E+00   -0.230876073444619578E+01   -0.237758250596812104E+01    0.302670668332894133E+00    0.777030284974161223E+01    0.150418945390414938E+01   -0.867476689407143198E+02   -0.882518583946184663E+02
    0.694356934685604443E+00    0.254309739014784097E+00    0.234181641039629025E-01    0.109589667879108021E+01    0.759734292640946496E+00    0.303188663313768814E+00   -0.423226132555782897E+00   -0.322332838649117492E+00   -0.230876073444619578E+01   -0.237758250596812104E+01    0.302670668332894133E+00    0.777030284974161223E+01    0.150418945390414938E+01   -0.867476689407143198E+02   -0.882518583946184663E+02
    0.694356934685604443E+00    0.254309739014784097E+00    0.234181641039629025E-01    0.109589667879108021E+01    0.759734292640946496E+00    0.303188663313768814E+00   -0.423226132555782897E+00   -0.322332838649117492E+00   -0.230876073444619578E+01   -0.237758250596812104E+01    0.302670668332894133E+00    0.777030284974161223E+01    0.150418945390414938E+01   -0.867476689407143198E+02   -0.882518583946184663E+02
    0.694356934685604443E+00    0.254309739014784097E+00    0.234181641039629025E-01    0.109589667879108021E+01    0.759734292640946496E+00    0.303188663313768814E+00   -0.423226132555782897E+00   -0.322332838649117492E+00   -0.230876073444619578E+01   -0.237758250596812104E+01    0.302670668332894133E+00    0.777030284974161223E+01    0.150418945390414938E+01   -0.867476689407143198E+02   -0.882518583946184663E+02
    0.703776190219251196E+00    0.250210795448807477E+00    0.237229452862862678E-01    0.107597640788055293E+01    0.734532491440529456E+00    0.192689492437856380E+00    0.283290652581627000E+00    0.338422062083054753E+00   -0.154311124012906453E+01   -0.160382036027499453E+01    0.502323963195294931E+00    0.766436272672218433E+01    0.268656438085604599E+01   -0.887275550258664083E+02   -0.914141194067224490E+02
    0.651232689375142448E+00    0.245392961452936348E+00    0.239884523127950715E-01    0.108715842650161676E+01    0.740503050383848560E+00    0.529657485519916094E+00    0.643069385060925924E+00    0.863458268732983925E+00   -0.168170199659357400E+01   -0.473175081809813491E+00    0.686981537671729203E-01    0.766125602888497514E+01    0.121193694565282017E+01   -0.883522556039541769E+02   -0.895641925496070002E+02
    0.651232689375142448E+00    0.245392961452936348E+00    0.239884523127950715E-01    0.108715842650161676E+01    0.740503050383848560E+00    0.529657485519916094E+00    0.643069385060925924E+00    0.863458268732983925E+00   -0.168170199659357400E+01   -0.473175081809813491E+00    0.686981537671729203E-01    0.766125602888497514E+01    0.121193694565282017E+01   -0.883522556039541769E+02   -0.895641925496070002E+02
    0.668526657675069247E+00    0.237874746623133904E+00    0.223413967411506022E-01    0.109745165212713136E+01    0.765381684991865763E+00    0.509017442565353306E+00    0.465001944895675479E+00    0.138673529555603636E+01   -0.835678705169584424E+00   -0.205559487043842637E+01    0.131498900023075316E+01    0.761561853309299419E+01    0.167394511947923696E+01   -0.876554229262949747E+02   -0.893293680457742170E+02
    0.668526657675069247E+00    0.237874746623133904E+00    0.223413967411506022E-01    0.109745165212713136E+01    0.765381684991865763E+00    0.509017442565353306E+00    0.465001944895675479E+00    0.138673529555603636E+01   -0.835678705169584424E+00   -0.205559487043842637E+01    0.131498900023075316E+01    0.761561853309299419E+01    0.167394511947923696E+01   -0.876554229262949747E+02   -0.893293680457742170E+02
    0.652402411602828192E+00    0.245106527878715535E+00    0.217892023178748104E-01    0.108404518129750338E+01    0.728709598689953775E+00    0.477941634595651088E+00    0.552304457629588796E+00    0.948957623501200942E+00   -0.923069441927282019E+00   -0.246931325426999138E+01    0.141315456256734473E+00    0.770195699601464234E+01    0.125122212996170501E+01   -0.890055403566588978E+02   -0.902567624866206017E+02
    0.658111794576260567E+00    0.240737591418496516E+00    0.214643784859670228E-01    0.108952520312972778E+01    0.711990710542050209E+00    0.215958493737962165E+00    0.301614069093147918E+00    0.143063489165911051E+01   -0.246476438715603763E+01   -0.206774818334793054E+01    0.469895579152535214E+00    0.784178559124334562E+01    0.463770943397539215E+00   -0.893783999773469446E+02   -0.898421709207444792E+02
    0.677015503044462341E+00    0.238341008324669729E+00    0.219876089192244627E-01    0.109062264767253181E+01    0.769533981162251690E+00    0.719268974786164250E+00    0.229633849477295371E+00    0.100470904010194317E+01   -0.163749615536630677E+01   -0.297738209397607534E+01    0.859784187508694453E+00    0.779811716510124420E+01    0.106551244393895517E+01   -0.891261354913198289E+02   -0.901916479352587857E+02
    0.678143073979231348E+00    0.254407281991382628E+00    0.217836202649921568E-01    0.109181492287287063E+01    0.707834225899053759E+00    0.515715032136803586E+00    0.629300682072653217E+00    0.815197004945957815E+00   -0.189039039101885442E+01   -0.177872110218117996E+01   -0.247677353464723415E+00    0.767905925178745274E+01    0.105158800848966560E+01   -0.888815714618130670E+02   -0.899331594703027264E+02
    0.642961373008852921E+00    0.235962653823407448E+00    0.218939721904321608E-01    0.109151130354587655E+01    0.716089217572446146E+00    0.281145602884564916E+00    0.175515165912770499E+01    0.151492987465303486E+01   -0.140429291198756778E+01   -0.204672962871768505E+01    0.114658327139636662E+01    0.777048448114441204E+01    0.269649127756401708E-01   -0.898815569069962947E+02   -0.899085218197719342E+02
    0.662013275146020153E+00    0.251656958852836621E+00    0.210967057376763648E-01    0.107114607330209388E+01    0.755157723566713734E+00    0.224801388451149720E+00    0.255503618933516918E+00    0.884698573125888288E+00   -0.127476955086535759E+01   -0.284541738963639546E+01    0.135308081543939829E+01    0.783515286671497613E+01    0.159821713664365062E+01   -0.889449142758880953E+02   -0.905431314125317499E+02
    0.668604421406181260E+00    0.243781992153642241E+00    0.239726705493433639E-01    0.109733529071845481E+01    0.754776630011223082E+00    0.314720155179310623E+00    0.188226241331562960E+01    0.376892077955517435E+00   -0.830694128852655700E+00   -0.235711556516321252E+01    0.122599907574908706E+01    0.762095127009504214E+01    0.838346547366520256E+00   -0.887783973829920967E+02   -0.896167439303586235E+02
    0.668604421406181260E+00    0.243781992153642241E+00    0.239726705493433639E-01    0.109733529071845481E+01    0.754776630011223082E+00    0.314720155179310623E+00    0.188226241331562960E+01    0.376892077955517435E+00   -0.830694128852655700E+00   -0.235711556516321252E+01    0.122599907574908706E+01    0.762095127009504214E+01    0.838346547366520256E+00   -0.887783973829920967E+02   -0.896167439303586235E+02
    0.644965397298997156E+00    0.243325456015159869E+00    0.207569068300417839E-01    0.108900127326762597E+01    0.736164959315374623E+00    0.551342422084294626E+00    0.112543713414083868E+01    0.566944406481297847E+00   -0.145066140935682575E+01   -0.387545967627943355E+01    0.111216514245484199E+01    0.763760831456425926E+01   -0.791035406402714747E+00   -0.895267782786252155E+02   -0.887357428722225023E+02
    0.644965397298997156E+00    0.243325456015159869E+00    0.207569068300417839E-01    0.108900127326762597E+01    0.736164959315374623E+00    0.551342422084294626E+00    0.112543713414083868E+01    0.566944406481297847E+00   -0.145066140935682575E+01   -0.387545967627943355E+01    0.111216514245484199E+01    0.763760831456425926E+01   -0.791035406402714747E+00   -0.895267782786252155E+02   -0.887357428722225023E+02
    0.644965397298997156E+00    0.243325456015159869E+00    0.207569068300417839E-01    0.108900127326762597E+01    0.736164959315374623E+00    0.551342422084294626E+00    0.112543713414083868E+01    0.566944406481297847E+00   -0.145066140935682575E+01   -0.387545967627943355E+01    0.111216514245484199E+01    0.763760831456425926E+01   -0.791035406402714747E+00   -0.895267782786252155E+02   -0.887357428722225023E+02
    0.644965397298997156E+00    0.243325456015159869E+00    0.207569068300417839E-01    0.108900127326762597E+01    0.736164959315374623E+00    0.551342422084294626E+00    0.112543713414083868E+01    0.566944406481297847E+00   -0.145066140935682575E+01   -0.387545967627943355E+01    0.111216514245484199E+01    0.763760831456425926E+01   -0.791035406402714747E+00   -0.895267782786252155E+02   -0.887357428722225023E+02
    0.675813865427696281E+00    0.252180439595212635E+00    0.230357206254711358E-01    0.108924084827403700E+01    0.701440872949612437E+00   -0.112841497830586057E+00    0.655255562425054450E+00    0.222055463984816570E-01   -0.200020817666995754E+01   -0.990189770690221849E+00    0.949337287996741219E+00    0.768486358242046919E+01    0.250470522347462765E+01   -0.877620032002615602E+02   -0.902667084237361905E+02
    0.640282737900323640E+00    0.253277294323232205E+00    0.243770051423962825E-01    0.106736906760701133E+01    0.721023987118425413E+00   -0.118437869810374963E-01   -0.609428230211506161E-01   -0.762271580491642453E+00   -0.227431009653741967E+01   -0.187041517598913742E+01    0.210288536205780696E+00    0.793766448472975927E+01    0.175020156007736682E+01   -0.896676805810900106E+02   -0.914178821411673823E+02
    0.660839493747661377E+00    0.248047625490699919E+00    0.248885109628950024E-01    0.108928166351381872E+01    0.733687944204782228E+00    0.770108357590074455E+00    0.190949332612717626E+00   -0.490061132933305943E+00   -0.119872468239122987E+01   -0.233000424024453423E+01    0.106550955383340828E+01    0.761316117805654269E+01    0.274108289613539213E+01   -0.884104055020098087E+02   -0.911514883981452044E+02
    0.666622000928278280E+00    0.254656137905080737E+00    0.235418687560816076E-01    0.108210551141400768E+01    0.726386651249692483E+00   -0.107610419674617930E+00    0.576795892899326645E+00   -0.833502797007668050E+00   -0.283512296586764023E+01   -0.882486745593951127E+00    0.131968785939193389E+01    0.770518378599496412E+01    0.126794220649969924E+01   -0.885410779309036258E+02   -0.898090201374033228E+02
    0.677738766030928086E+00    0.250393152041301248E+00    0.257615372294361586E-01    0.108203510378774270E+01    0.771741144346991703E+00    0.412798132004304819E+00    0.229311151639421951E+00   -0.883262297176088396E+00   -0.159521619590236674E+01   -0.209750299668371554E+01    0.165945998989741406E+01    0.770311301082624844E+01    0.255287391069590441E+01   -0.880456398247461749E+02   -0.905985137354420829E+02
    0.648862255707554514E+00    0.250547031207687843E+00    0.230008728063748578E-01    0.107960500327690290E+01    0.714208076003345682E+00    0.136246692773717371E+00   -0.932285763689151281E+00    0.486798656640985983E-01   -0.951974022526655750E+00   -0.171930720484738231E+01   -0.630291643907412213E+00    0.775574839665295546E+01    0.945930143215971686E+00   -0.902269290580660765E+02   -0.911728592012820513E+02
    0.742879956098088878E+00    0.249136966777200680E+00    0.238076058766006141E-01    0.109977476586178780E+01    0.738617827864888610E+00    0.357929826324044242E+00   -0.344998741562676514E+00    0.728789338598971881E+00   -0.107430421987032765E+01   -0.200818232284404985E+01    0.955038362150162579E+00    0.785897025928132109E+01    0.255798196071212258E+01   -0.877695465793034515E+02   -0.903275285400155781E+02
    0.747398671997389186E+00    0.254725970472397256E+00    0.249892047919859743E-01    0.108007464984553625E+01    0.780828576685508313E+00    0.388684254507765559E+00    0.242463681028084466E+00    0.488872529914488096E+00   -0.194417208427807942E+01   -0.768534494571895266E+00    0.539856361839383903E+00    0.772634601240350172E+01    0.220719721292090387E+01   -0.887561190326581908E+02   -0.909633162455790938E+02
    0.774462782826407237E+00    0.254928157319335991E+00    0.250693030390650058E-01    0.109889235835092669E+01    0.760088846838927301E+00    0.594426141390606233E+00   -0.430477185648214800E-01    0.174670461407799849E+01   -0.111473644425245744E+01   -0.606806870854370572E+00    0.704255529527699986E+00    0.780504640703727137E+01    0.941222135662718618E+00   -0.891249007120301115E+02   -0.900661228476928244E+02
    0.783695922201302908E+00    0.244528377021923482E+00    0.229206901804223512E-01    0.109834542709751393E+01    0.761926682902650754E+00   -0.621220570885387957E-01    0.239718485983075880E+00    0.127918675613614141E+01   -0.127947577650843392E+01   -0.129577697821218862E+01    0.118265863284591455E+01    0.791563111252826701E+01    0.215054499875021232E+01   -0.891147652867347944E+02   -0.912653102854850005E+02
    0.750279072665644309E+00    0.242037129245127491E+00    0.249905571175022337E-01    0.109985336551547386E+01    0.792766773020169624E+00    0.486770452006233256E+00   -0.194350961446275505E+01    0.549652308292252201E+00   -0.144749335534129364E+01   -0.107385259832994961E+01    0.901070411108549019E+00    0.789672505157516014E+01    0.937741539573430427E+00   -0.901637985189368720E+02   -0.911015400585103094E+02
    0.760568113164121207E+00    0.251398580872965294E+00    0.238653851651796645E-01    0.109602982618880551E+01    0.760995602808195781E+00    0.173573256531626363E+00    0.800073266306071673E+00   -0.334528314873523358E+00   -0.647300040333220528E+00   -0.487377951232019768E+00    0.153722650468694177E+01    0.763914271322690919E+01    0.238019158978670564E+01   -0.880804229001844732E+02   -0.904606144899711779E+02
    0.699569191579906269E+00    0.252507320357018505E+00    0.246946738898315039E-01    0.109079772194056668E+01    0.719542521118007206E+00    0.192727097461919072E+00    0.967785448153790639E-01   -0.143578982503527186E+01   -0.211374778489130222E+01   -0.660183584542437529E+00    0.268252874233212646E+00    0.791523149945330573E+01    0.120560722793269859E+01   -0.894276007265278423E+02   -0.906332079544605449E+02
    0.699792570792287294E+00    0.254469852684793663E+00    0.241906606001141347E-01    0.109513285118883674E+01    0.729314196235073320E+00    0.181252259220706868E+00    0.117777076057222985E+01   -0.119860094124192074E+01   -0.296851816952653280E+01   -0.216937440642368529E+00   -0.141926833177535605E+01    0.789892962449738434E+01   -0.396691281841470733E+01   -0.943949171802591422E+02   -0.904280043618444296E+02
    0.727274726954099449E+00    0.249346807862634967E+00    0.222909279720832181E-01    0.109066901264291771E+01    0.741267609115217829E+00    0.343843617035432203E+00    0.109729565996190104E+01    0.487935675336075347E+00   -0.160037221042443867E+01   -0.179837504099737089E+01    0.800615148751831152E+00    0.794265015939033425E+01    0.213284266940247713E+01   -0.881095671831410812E+02   -0.902424098525435596E+02
    0.740806956416351969E+00    0.254992526400655950E+00    0.221107968382210363E-01    0.108987762160574442E+01    0.756940751192942574E+00    0.354134467691129551E+00    0.315675613102257557E+00    0.425587644061806769E+00   -0.273720339706983395E+01   -0.827381858736089271E+00    0.119382646588633201E+01    0.795257283150353977E+01    0.154670053805840002E+01   -0.872395417419864856E+02   -0.887862422800448883E+02
    0.740806956416351969E+00    0.254992526400655950E+00    0.221107968382210363E-01    0.108987762160574442E+01    0.756940751192942574E+00    0.354134467691129551E+00    0.315675613102257557E+00    0.425587644061806769E+00   -0.273720339706983395E+01   -0.827381858736089271E+00    0.119382646588633201E+01    0.795257283150353977E+01    0.154670053805840002E+01   -0.872395417419864856E+02   -0.887862422800448883E+02
    0.740806956416351969E+00    0.254992526400655950E+00    0.221107968382210363E-01    0.108987762160574442E+01    0.756940751192942574E+00    0.354134467691129551E+00    0.315675613102257557E+00    0.425587644061806769E+00   -0.273720339706983395E+01   -0.827381858736089271E+00    0.119382646588633201E+01    0.795257283150353977E+01    0.154670053805840002E+01   -0.872395417419864856E+02   -0.887862422800448883E+02
    0.740806956416351969E+00    0.254992526400655950E+00    0.221107968382210363E-01    0.108987762160574442E+01    0.756940751192942574E+00    0.354134467691129551E+00    0.315675613102257557E+00    0.425587644061806769E+00   -0.273720339706983395E+01   -0.827381858736089271E+00    0.119382646588633201E+01    0.795257283150353977E+01    0.154670053805840002E+01   -0.872395417419864856E+02   -0.887862422800448883E+02
    0.704266593704725774E+00    0.233924714409343398E+00    0.251126621730351912E-01    0.108943528056293748E+01    0.767038432126221470E+00    0.447103281304890743E+00    0.601493691930272689E+00    0.222225908645100390E+01   -0.202962279589087302E+01   -0.243766875241703929E+01    0.456741966441996050E+00    0.787051891267209136E+01   -0.109377325020142546E+01   -0.919756064295963824E+02   -0.908818331793949596E+02
    0.798666809596799143E+00    0.253967877552647936E+00    0.237242843703779141E-01    0.109349295101789101E+01    0.819127124314208643E+00    0.326053969546268085E+00   -0.391455309019193010E+00    0.493109216716902721E+00   -0.297323002031475880E+01   -0.184821660323564174E+01    0.538703208525248778E+00    0.796481422384037252E+01    0.861924369029689164E+00   -0.894154957806758546E+02   -0.902774201497055486E+02
    0.772655145950559841E+00    0.253758868673033267E+00    0.215107558079790546E-01    0.108417702948845340E+01    0.786995577830349458E+00    0.225478103061027113E+00   -0.160995382462601810E+01   -0.153645374701909476E+00   -0.154107270380450223E+01   -0.207486413846595497E+01    0.941765561495913284E+00    0.791514470730127417E+01    0.159541432125645111E+01   -0.892583692527078512E+02   -0.908537835739643072E+02
    0.700607459186487702E+00    0.249619696260680368E+00    0.220312479619549778E-01    0.108996788590617011E+01    0.766586779724874545E+00    0.244400209526934198E+00    0.563002106595149598E+00    0.543908139133009172E+00   -0.117341947912450428E+01   -0.141468991700435254E+01    0.813327537358645936E+00    0.789590962875180846E+01    0.274258337077702485E+01   -0.872352800731269298E+02   -0.899778634439039564E+02
    0.681108989063189507E+00    0.242484208255167477E+00    0.228349478866680215E-01    0.108896019027736179E+01    0.762077040657509808E+00    0.784675124656000200E+00    0.107536975485231778E+01    0.857377882888386011E+00   -0.358594974439938374E+00   -0.230440030373870286E+01    0.471225822092265156E+00    0.793491984654033988E+01    0.113985152636275533E+01   -0.904245107070228329E+02   -0.915643622333855944E+02
    0.702424848311273720E+00    0.245976846966298873E+00    0.248484365178620846E-01    0.108526904704244709E+01    0.747407269186234569E+00   -0.155101731236940488E+00   -0.191553680311926655E+00    0.747159780165702614E+00   -0.287220753565975429E+01   -0.295095009634792405E+01    0.619272823940946404E+00    0.779556178242615605E+01   -0.152722708241076477E+00   -0.915360591919008613E+02   -0.913833364836597895E+02
    0.706130928470094399E+00    0.246729367894362284E+00    0.208368513860215654E-01    0.109130815227568601E+01    0.774062524426985421E+00    0.494084530129573096E+00   -0.158138152322976566E+01    0.206180450926467584E+00   -0.276249208180047390E+01   -0.792374422920829602E+00    0.132707021867759090E+01    0.793506379673363327E+01    0.393815529118203500E+00   -0.889903538726636185E+02   -0.893841694017818185E+02
    0.707710233035145464E+00    0.254144480485684054E+00    0.228012845841207429E-01    0.109142018000807228E+01    0.756591991879819292E+00    0.744228680676620513E+00   -0.489856407076558753E+00    0.179384013952471832E+01   -0.183283732519726050E+01   -0.476080526319719866E+00    0.136464425919825794E+01    0.774107093567377813E+01    0.509629504004083800E+00   -0.883121363310881549E+02   -0.888217658350922363E+02
    0.707710233035145464E+00    0.254144480485684054E+00    0.228012845841207429E-01    0.109142018000807228E+01    0.756591991879819292E+00    0.744228680676620513E+00   -0.489856407076558753E+00    0.179384013952471832E+01   -0.183283732519726050E+01   -0.476080526319719866E+00    0.136464425919825794E+01    0.774107093567377813E+01    0.509629504004083800E+00   -0.883121363310881549E+02   -0.888217658350922363E+02
    0.707710233035145464E+00    0.254144480485684054E+00    0.228012845841207429E-01    0.109142018000807228E+01    0.756591991879819292E+00    0.744228680676620513E+00   -0.489856407076558753E+00    0.179384013952471832E+01   -0.183283732519726050E+01   -0.476080526319719866E+00    0.136464425919825794E+01    0.774107093567377813E+01    0.509629504004083800E+00   -0.883121363310881549E+02   -0.888217658350922363E+02
    0.755513382022510838E+00    0.252818220974430907E+00    0.197629337784251576E-01    0.109687510250369913E+01    0.765140734856626037E+00    0.102486845679020888E+00   -0.512029006937382292E+00    0.864793083411541375E+00   -0.193668158757986908E+01   -0.365789339813318293E+00    0.183890009873380245E+01    0.782096866137853119E+01    0.155407621478481328E+01   -0.867049290319429815E+02   -0.882590052467277957E+02
    0.755513382022510838E+00    0.252818220974430907E+00    0.197629337784251576E-01    0.109687510250369913E+01    0.765140734856626037E+00    0.102486845679020888E+00   -0.512029006937382292E+00    0.864793083411541375E+00   -0.193668158757986908E+01   -0.365789339813318293E+00    0.183890009873380245E+01    0.782096866137853119E+01    0.155407621478481328E+01   -0.867049290319429815E+02   -0.882590052467277957E+02
    0.755513382022510838E+00    0.252818220974430907E+00    0.197629337784251576E-01    0.109687510250369913E+01    0.765140734856626037E+00    0.102486845679020888E+00   -0.512029006937382292E+00    0.864793083411541375E+00   -0.193668158757986908E+01   -0.365789339813318293E+00    0.183890009873380245E+01    0.782096866137853119E+01    0.155407621478481328E+01   -0.867049290319429815E+02   -0.882590052467277957E+02
    0.755513382022510838E+00    0.252818220974430907E+00    0.197629337784251576E-01    0.109687510250369913E+01    0.765140734856626037E+00    0.102486845679020888E+00   -0.512029006937382292E+00    0.864793083411541375E+00   -0.193668158757986908E+01   -0.365789339813318293E+00    0.183890009873380245E+01    0.782096866137853119E+01    0.155407621478481328E+01   -0.867049290319429815E+02   -0.882590052467277957E+02
    0.755513382022510838E+00    0.252818220974430907E+00    0.197629337784251576E-01    0.109687510250369913E+01    0.765140734856626037E+00    0.102486845679020888E+00   -0.512029006937382292E+00    0.864793083411541375E+00   -0.193668158757986908E+01   -0.365789339813318293E+00    0.183890009873380245E+01    0.782096866137853119E+01    0.155407621478481328E+01   -0.867049290319429815E+02   -0.882590052467277957E+02
    0.659696792410539690E+00    0.249938797928680845E+00    0.213157544662013303E-01    0.109170437251965913E+01    0.735275772424995866E+00    0.123573887203889399E-01   -0.249897865065804581E+00    0.405831218766934454E+00   -0.221229030737163157E+01   -0.377676375904911765E+00    0.272921510473907114E+00    0.777933058068407313E+01    0.144750841545337905E+01   -0.877126576504971922E+02   -0.891601660659505768E+02
    0.659696792410539690E+00    0.249938797928680845E+00    0.213157544662013303E-01    0.109170437251965913E+01    0.735275772424995866E+00    0.123573887203889399E-01   -0.249897865065804581E+00    0.405831218766934454E+00   -0.221229030737163157E+01   -0.377676375904911765E+00    0.272921510473907114E+00    0.777933058068407313E+01    0.144750841545337905E+01   -0.877126576504971922E+02   -0.891601660659505768E+02
    0.651328782806146145E+00    0.245643641134253521E+00    0.211121669876907121E-01    0.107037135756146617E+01    0.728537225816949574E+00    0.520870526533494527E+00    0.859601658520432466E+00    0.132000865720897309E+01   -0.288485842905515710E+01   -0.326099417956129400E+00    0.478023596152752583E+00    0.783441943828741127E+01   -0.683948548801549538E+00   -0.906137858642277223E+02   -0.899298373154261697E+02
    0.661541092122730379E+00    0.241533634104611677E+00    0.231154233828350375E-01    0.109053547353005342E+01    0.745541139810927289E+00    0.505603616705307957E+00   -0.151824780832725992E+01    0.906518915681999715E+00   -0.112661268989654650E+01   -0.156605328076011574E+00    0.123024745240513789E+01    0.780949052417793510E+01    0.756584388251069329E+00   -0.889965839483008097E+02   -0.897531683365518802E+02
    0.682770620658675997E+00    0.245557399543039789E+00    0.210095153835674758E-01    0.107301105115874540E+01    0.753151645603565068E+00    0.304173690239821326E+00   -0.129946782773345149E+01    0.778678327507122958E+00   -0.171308269245741918E+01   -0.173632476844090888E+01    0.141402380991962695E+01    0.787802556473197946E+01    0.171201455271071046E+01   -0.885675911449547897E+02   -0.902796056976655024E+02
    0.650104827665076268E+00    0.246220127601242511E+00    0.218382158830526703E-01    0.109771356199318326E+01    0.686351382805607257E+00   -0.182835672697867935E+00    0.295608056729861346E+00    0.418971670050041267E+00   -0.143237755151289980E+01   -0.135529045850148577E+01    0.928799466215650904E+00    0.799768411151468595E+01    0.293508130002493894E+01   -0.875871154442364883E+02   -0.905221967442614215E+02
    0.677519763116762097E+00    0.245939243535567370E+00    0.214584162726889835E-01    0.108680970083878670E+01    0.698643561015452441E+00    0.761030729799720973E-01   -0.833302118529672953E+00    0.869934656201394318E+00   -0.189567129673036994E+01   -0.362325631225530742E+00    0.875329126396309443E+00    0.777995882069125422E+01    0.145082622996124799E+01   -0.890536861359670553E+02   -0.905045123659283064E+02
    0.654711369073351368E+00    0.250695838475535948E+00    0.222821423794458337E-01    0.109331687805695710E+01    0.680958452421257299E+00    0.204366668802879126E+00   -0.683807460885645924E+00    0.949342276420566122E+00   -0.208686978576338333E+01   -0.906381330162275844E-01    0.153895218528191458E+01    0.784943344118570696E+01    0.103004854840622251E+01   -0.877376879054460801E+02   -0.887677364538523079E+02
    0.654711369073351368E+00    0.250695838475535948E+00    0.222821423794458337E-01    0.109331687805695710E+01    0.680958452421257299E+00    0.204366668802879126E+00   -0.683807460885645924E+00    0.949342276420566122E+00   -0.208686978576338333E+01   -0.906381330162275844E-01    0.153895218528191458E+01    0.784943344118570696E+01    0.103004854840622251E+01   -0.877376879054460801E+02   -0.887677364538523079E+02
    0.654711369073351368E+00    0.250695838475535948E+00    0.222821423794458337E-01    0.109331687805695710E+01    0.680958452421257299E+00    0.204366668802879126E+00   -0.683807460885645924E+00    0.949342276420566122E+00   -0.208686978576338333E+01   -0.906381330162275844E-01    0.153895218528191458E+01    0.784943344118570696E+01    0.103004854840622251E+01   -0.877376879054460801E+02   -0.887677364538523079E+02
    0.654711369073351368E+00    0.250695838475535948E+00    0.222821423794458337E-01    0.109331687805695710E+01    0.680958452421257299E+00    0.204366668802879126E+00   -0.683807460885645924E+00    0.949342276420566122E+00   -0.208686978576338333E+01   -0.906381330162275844E-01    0.153895218528191458E+01    0.784943344118570696E+01    0.103004854840622251E+01   -0.877376879054460801E+02   -0.887677364538523079E+02
    0.689717963362393993E+00    0.238304624727413566E+00    0.199486630809641817E-01    0.109378443962851168E+01    0.754926201639530503E+00    0.169382293871786160E+00   -0.854288134939906740E-01    0.348943810043920222E+00   -0.201096069101936337E+01   -0.586698488003776220E+00    0.175990891513151859E+01    0.773988066533110253E+01    0.226894640056274444E+01   -0.868865279986546568E+02   -0.891554743992173968E+02
    0.689717963362393993E+00    0.238304624727413566E+00    0.199486630809641817E-01    0.109378443962851168E+01    0.754926201639530503E+00    0.169382293871786160E+00   -0.854288134939906740E-01    0.348943810043920222E+00   -0.201096069101936337E+01   -0.586698488003776220E+00    0.175990891513151859E+01    0.773988066533110253E+01    0.226894640056274444E+01   -0.868865279986546568E+02   -0.891554743992173968E+02
    0.675107634710734872E+00    0.251401291597153242E+00    0.223142543719342598E-01    0.109272406958847590E+01    0.711643552093876752E+00    0.118951165914513268E+00    0.292191128107788245E-01   -0.603672258081360269E+00   -0.234934543614258473E+01    0.353854159353659270E+00    0.115137952544841959E+01    0.788828393480690249E+01    0.874582236560027759E+00   -0.877603421336787477E+02   -0.886349243702387781E+02
    0.675107634710734872E+00    0.251401291597153242E+00    0.223142543719342598E-01    0.109272406958847590E+01    0.711643552093876752E+00    0.118951165914513268E+00    0.292191128107788245E-01   -0.603672258081360269E+00   -0.234934543614258473E+01    0.353854159353659270E+00    0.115137952544841959E+01    0.788828393480690249E+01    0.874582236560027759E+00   -0.877603421336787477E+02   -0.886349243702387781E+02
    0.675107634710734872E+00    0.251401291597153242E+00    0.223142543719342598E-01    0.109272406958847590E+01    0.711643552093876752E+00    0.118951165914513268E+00    0.292191128107788245E-01   -0.603672258081360269E+00   -0.234934543614258473E+01    0.353854159353659270E+00    0.115137952544841959E+01    0.788828393480690249E+01    0.874582236560027759E+00   -0.877603421336787477E+02   -0.886349243702387781E+02
    0.675107634710734872E+00    0.251401291597153242E+00    0.223142543719342598E-01    0.109272406958847590E+01    0.711643552093876752E+00    0.118951165914513268E+00    0.292191128107788245E-01   -0.603672258081360269E+00   -0.234934543614258473E+01    0.353854159353659270E+00    0.115137952544841959E+01    0.788828393480690249E+01    0.874582236560027759E+00   -0.877603421336787477E+02   -0.886349243702387781E+02
    0.641616914804577498E+00    0.249255155940193512E+00    0.214689481373042217E-01    0.108913807689774123E+01    0.711484379727835403E+00    0.261475393184335658E+00   -0.351676495222363883E-01   -0.146164785233963812E+01   -0.140346798695304620E+01   -0.114860906120384243E+00    0.888378456339751432E+00    0.792045039588694610E+01    0.151401431448460144E+01   -0.878074646533221710E+02   -0.893214789678067689E+02
    0.641616914804577498E+00    0.249255155940193512E+00    0.214689481373042217E-01    0.108913807689774123E+01    0.711484379727835403E+00    0.261475393184335658E+00   -0.351676495222363883E-01   -0.146164785233963812E+01   -0.140346798695304620E+01   -0.114860906120384243E+00    0.888378456339751432E+00    0.792045039588694610E+01    0.151401431448460144E+01   -0.878074646533221710E+02   -0.893214789678067689E+02
    0.672903714803171571E+00    0.251298314057290362E+00    0.218764063296310596E-01    0.109485987727248202E+01    0.720286963266891456E+00    0.169609308193384933E+00   -0.906923895271347646E+00   -0.983337681020656773E-01   -0.236343921486991349E+01   -0.324960656563462180E+00    0.252911604333121653E+00    0.764769543973602328E+01    0.983143010104379211E+00   -0.874029376856596087E+02   -0.883860806957639937E+02
    0.672903714803171571E+00    0.251298314057290362E+00    0.218764063296310596E-01    0.109485987727248202E+01    0.720286963266891456E+00    0.169609308193384933E+00   -0.906923895271347646E+00   -0.983337681020656773E-01   -0.236343921486991349E+01   -0.324960656563462180E+00    0.252911604333121653E+00    0.764769543973602328E+01    0.983143010104379211E+00   -0.874029376856596087E+02   -0.883860806957639937E+02
    0.672903714803171571E+00    0.251298314057290362E+00    0.218764063296310596E-01    0.109485987727248202E+01    0.720286963266891456E+00    0.169609308193384933E+00   -0.906923895271347646E+00   -0.983337681020656773E-01   -0.236343921486991349E+01   -0.324960656563462180E+00    0.252911604333121653E+00    0.764769543973602328E+01    0.983143010104379211E+00   -0.874029376856596087E+02   -0.883860806957639937E+02
    0.672903714803171571E+00    0.251298314057290362E+00    0.218764063296310596E-01    0.109485987727248202E+01    0.720286963266891456E+00    0.169609308193384933E+00   -0.906923895271347646E+00   -0.983337681020656773E-01   -0.236343921486991349E+01   -0.324960656563462180E+00    0.252911604333121653E+00    0.764769543973602328E+01    0.983143010104379211E+00   -0.874029376856596087E+02   -0.883860806957639937E+02
    0.672903714803171571E+00    0.251298314057290362E+00    0.218764063296310596E-01    0.109485987727248202E+01    0.720286963266891456E+00    0.169609308193384933E+00   -0.906923895271347646E+00   -0.983337681020656773E-01   -0.236343921486991349E+01   -0.324960656563462180E+00    0.252911604333121653E+00    0.764769543973602328E+01    0.983143010104379211E+00   -0.874029376856596087E+02   -0.883860806957639937E+02
    0.657812420152145805E+00    0.254194324738068855E+00    0.207680454607629683E-01    0.109801377536273992E+01    0.670225568430005136E+00   -0.122822448479884549E+00   -0.172752069503872008E+01    0.289812319482507574E+00   -0.120907431767250251E+01   -0.109743340910313236E+01    0.123463294904581766E+01    0.788198335908824266E+01    0.161538595712550181E+01   -0.878789121606487527E+02   -0.894942981177742496E+02
    0.657812420152145805E+00    0.254194324738068855E+00    0.207680454607629683E-01    0.109801377536273992E+01    0.670225568430005136E+00   -0.122822448479884549E+00   -0.172752069503872008E+01    0.289812319482507574E+00   -0.120907431767250251E+01   -0.109743340910313236E+01    0.123463294904581766E+01    0.788198335908824266E+01    0.161538595712550181E+01   -0.878789121606487527E+02   -0.894942981177742496E+02
    0.686326554577576298E+00    0.254300586789304617E+00    0.206098668788613458E-01    0.109126895164958926E+01    0.674915699989684592E+00   -0.913471664653107140E-01   -0.302055760677149010E+00   -0.130020115114007240E+01   -0.127652061286084950E+01   -0.256455141233118411E+00    0.107233041898211945E+01    0.799302837515924036E+01    0.191553184189265213E+01   -0.896395655852168574E+02   -0.915550974271095157E+02
    0.699356919241814534E+00    0.245485093511896096E+00    0.210530423832024707E-01    0.107523708176061183E+01    0.718206502672919300E+00    0.257704494672430506E+00   -0.195206556053449276E+01   -0.451726223866443788E-01   -0.184533089798037486E+01   -0.127169263926930398E+01    0.220436175820964309E+01    0.791776846793554956E+01    0.634360941891301655E+00   -0.906010817367325245E+02   -0.912354426786238264E+02
    0.694646306352501020E+00    0.242604309528430762E+00    0.245412874533857440E-01    0.108667168906542488E+01    0.768517527125150091E+00    0.123258232076455698E+00   -0.164469731292797405E+01    0.818614541097986148E+00   -0.170841920479119813E+01   -0.127069136225941293E+01   -0.356778987410279802E+00    0.789163907105130225E+01   -0.859680437869623226E-01   -0.916246728385309268E+02   -0.915387047947439640E+02
    0.723962698787506520E+00    0.249941478993608079E+00    0.244160870451063938E-01    0.109353466835354163E+01    0.762242398017764833E+00    0.204876772723562084E+00   -0.515512136217921579E+00   -0.534508792808310318E+00   -0.706220200164579870E+00    0.103270570241534188E+01    0.286698130488503233E+00    0.782402360725948576E+01   -0.434270610463534101E+00   -0.917797596189948877E+02   -0.913454890085313593E+02
    0.643976169336978765E+00    0.250813924272927036E+00    0.238988686397563904E-01    0.109289224083889880E+01    0.736343829018637819E+00    0.697767971453089331E-01    0.121262984919326300E+01   -0.247798223277868546E+00   -0.149785805554643026E+01   -0.425056734699182925E+00    0.120558478666566793E+01    0.779626199098966843E+01    0.198318026496034316E+01   -0.877448155612523664E+02   -0.897279958262127053E+02
    0.643976169336978765E+00    0.250813924272927036E+00    0.238988686397563904E-01    0.109289224083889880E+01    0.736343829018637819E+00    0.697767971453089331E-01    0.121262984919326300E+01   -0.247798223277868546E+00   -0.149785805554643026E+01   -0.425056734699182925E+00    0.120558478666566793E+01    0.779626199098966843E+01    0.198318026496034316E+01   -0.877448155612523664E+02   -0.897279958262127053E+02
    0.649667977722232282E+00    0.240087424887579198E+00    0.230967039887741976E-01    0.108911102697271023E+01    0.753791435252735176E+00    0.356375467093965170E+00    0.442652055232883868E-01   -0.401042008892318280E+00   -0.195809996666071107E+01    0.450694820709713895E+00    0.128427443054874879E+01    0.764566424632502883E+01    0.117971766901177455E+01   -0.889169246865521217E+02   -0.900966423555639011E+02
    0.684995405063712592E+00    0.241241282713474670E+00    0.248268127958024241E-01    0.108986454901731200E+01    0.756215550525247138E+00    0.475429673576586609E+00   -0.766431406935907944E+00   -0.534454695927024659E+00   -0.158250500817644002E+01   -0.235611135802855642E+00    0.217929139474676958E+01    0.774757348676146229E+01    0.171016403057184951E+01   -0.887452966774715293E+02   -0.904554607080433755E+02
    0.701385860522413584E+00    0.250686897231286898E+00    0.199075441403678659E-01    0.108506222095710236E+01    0.782257926753819999E+00    0.502991424286617139E+00   -0.769321127369266833E+00    0.152160666999748173E+01   -0.134754948715112710E+01   -0.234173761758711407E+00    0.192067483894675228E+01    0.776477797585490048E+01    0.605733191019403927E+00   -0.890186517495636451E+02   -0.896243849405830559E+02
    0.676318668636694875E+00    0.239587866905035224E+00    0.196899186897907738E-01    0.109148094676883711E+01    0.744569854395608965E+00    0.234987612113444655E+00   -0.113610238125261276E+01    0.850551557222161136E+00   -0.838113702831151164E+00    0.123319536718668132E+01    0.293162784729475101E+00    0.771350783616070768E+01   -0.187229009756566978E+01   -0.923228907618741630E+02   -0.904506006643084959E+02
    0.701207704217695182E+00    0.245131266878671011E+00    0.194862519884160361E-01    0.109806159094008104E+01    0.726450511834285662E+00    0.428860068373310810E+00   -0.584206400791345004E+00    0.806042601508352163E+00   -0.729310953821595609E+00   -0.258308677831564637E+00   -0.338113364665559635E+00    0.765675032587900617E+01    0.606766836388968889E+00   -0.901562979367355837E+02   -0.907630647731245546E+02
    0.690430263231145425E+00    0.240071694283554404E+00    0.201509696683524579E-01    0.109390568767263541E+01    0.771965428922904540E+00    0.665475038901777616E+00   -0.167025617100762247E+00    0.155360661293457269E+01   -0.725235886965265086E+00   -0.113932868334700288E+01    0.947041921682512333E+00    0.772270819240586448E+01    0.159239070881419997E+01   -0.886873961611251787E+02   -0.902797868699393717E+02
    0.704697122962377853E+00    0.253781921179863257E+00    0.203290735502544943E-01    0.109771240754321187E+01    0.736852364438464691E+00   -0.329981830817338562E-03    0.148718310857589131E+01    0.937260246234928318E-01   -0.640201815332374968E+00   -0.383316557182524775E+00    0.947930929338554273E+00    0.769882290792473700E+01    0.145205657752073392E+01   -0.883684009865068845E+02   -0.898204575640276204E+02
    0.679320977386523306E+00    0.253889917893345141E+00    0.212188656974449386E-01    0.108986935673961116E+01    0.751671945827164900E+00    0.325955591088498586E+00    0.219105929714942249E+00    0.648377873616254874E+00   -0.888432519346906480E+00   -0.844763992112120832E+00    0.957900126081789871E-02    0.780009316674212094E+01    0.193611944891168486E+01   -0.875488662258701140E+02   -0.894849856747817967E+02
    0.679320977386523306E+00    0.253889917893345141E+00    0.212188656974449386E-01    0.108986935673961116E+01    0.751671945827164900E+00    0.325955591088498586E+00    0.219105929714942249E+00    0.648377873616254874E+00   -0.888432519346906480E+00   -0.844763992112120832E+00    0.957900126081789871E-02    0.780009316674212094E+01    0.193611944891168486E+01   -0.875488662258701140E+02   -0.894849856747817967E+02
    0.674084912514014367E+00    0.239100014472257094E+00    0.201546516565018520E-01    0.109555629273879074E+01    0.775148995018419495E+00    0.739597082348845802E+00    0.577654287405948708E-01    0.268594943846665102E+00   -0.123556325619006180E+01   -0.393833904194025308E+00    0.123411568905908120E+01    0.777542486370411368E+01    0.265576083939483931E+01   -0.884585261822114148E+02   -0.911142870216062590E+02
