    0.143911314010620117E+01   -0.682043373584747314E+00   -0.795503854751586914E-01    0.603868484497069868E-01   -0.336037538714190065E+01   -0.638766766995407175E+06   -0.638763406620020047E+06   -0.460515351937698814E+01    1
    0.115471404790878296E+01   -0.115678310394287109E-01   -0.454975724220275879E+00   -0.670198440551758035E-01   -0.336037538714190065E+01   -0.285971789925264951E+06   -0.285968429549877823E+06   -0.461515351937698259E+01    1
   -0.841824531555175781E+00    0.171444654464721680E+00   -0.593786239624023438E-01    0.312352657318115234E+00   -0.336037538714190065E+01   -0.246537471958963404E+06   -0.246534111583576276E+06   -0.462515351937698149E+01    1
   -0.123158508539199829E+01    0.730895340442657471E+00    0.199043750762939453E-01   -0.170952033996581987E+00   -0.336037538714190065E+01   -0.163041938786214567E+06   -0.163038578410827438E+06   -0.463515351937698661E+01    1
   -0.124056100845336914E+01    0.776761651039123535E+00   -0.442476272583007812E+00    0.275716018676757768E+00   -0.336037538714190065E+01   -0.127533637468788904E+06   -0.127530277093401761E+06   -0.464515351937698728E+01    1
    0.137695294618606567E+01    0.435153007507324219E+00   -0.660226821899414062E+00   -0.347573089599609419E+00   -0.336037538714190065E+01   -0.443510436024623632E+05   -0.443476832270752202E+05   -0.465515351937698174E+01    1
    0.145759087800979614E+01   -0.586973726749420166E+00   -0.348741054534912109E+00    0.304931354522705034E+00   -0.336037538714190065E+01   -0.252357046846903686E+05   -0.252323443093032256E+05   -0.466515351937698153E+01    1
    0.109462112188339233E+01   -0.309680521488189697E+00   -0.433417677879333496E+00    0.279840087890625089E+00   -0.336037538714190065E+01   -0.134952952891989698E+05   -0.134919349138118287E+05   -0.467515351937698398E+01    1
   -0.120386070013046265E+01   -0.834783911705017090E-01    0.395551800727844238E+00    0.167877578735351585E+00   -0.336037538714190065E+01   -0.839481019548117547E+04   -0.839144982009403429E+04   -0.468515351937698377E+01    1
   -0.109731316566467285E+01   -0.495844423770904541E+00    0.424605846405029297E+00    0.550829315185547008E+00   -0.336037538714190065E+01   -0.720428237803112825E+04   -0.720092200264398616E+04   -0.469515351937698444E+01    1
   -0.117538207769393921E+01   -0.351107239723205566E+00    0.386660456657409668E+00    0.446251296997070446E+00   -0.336037538714190065E+01   -0.455155462171554518E+04   -0.454819424632840310E+04   -0.470515351937698423E+01    1
    0.130759781599044800E+01   -0.102045124769210815E+01    0.350198984146118164E+00    0.847497940063476340E-01   -0.336037538714190065E+01   -0.370013972341405633E+04   -0.369677934802691425E+04   -0.471515351937698135E+01    1
    0.148462271690368652E+01   -0.214715301990509033E+00   -0.792619705200195312E+00    0.411976814270019531E+00   -0.336037538714190065E+01   -0.367609034867924856E+04   -0.367272997329210648E+04   -0.472515351937698025E+01    1
    0.142844831943511963E+01   -0.785740256309509277E+00   -0.225488781929016113E+00    0.437711429595947221E+00   -0.336037538714190065E+01   -0.301017136319106430E+04   -0.300681098780392222E+04   -0.473515351937698448E+01    1
    0.139028853178024292E+01   -0.709831237792968750E+00    0.210267424583435059E+00   -0.948414802551269531E-01   -0.336037538714190065E+01   -0.151227333761882915E+04   -0.150891296223168729E+04   -0.474515351937698782E+01    1
   -0.121495056152343750E+01    0.645111680030822754E+00    0.891197919845581055E-01   -0.263509941101074285E+00   -0.336037538714190065E+01   -0.734896228976981433E+03   -0.731535853589839576E+03   -0.475515351937698494E+01    1
   -0.855214118957519531E+00    0.458959937095642090E-01   -0.700374841690063477E-01    0.390830898284912021E+00   -0.336037538714190065E+01   -0.565334882610414411E+03   -0.561974507223272553E+03   -0.476515351937698117E+01    1
   -0.104430663585662842E+01    0.695556342601776123E+00   -0.443187236785888672E+00    0.197789669036865234E+00   -0.336037538714190065E+01   -0.438869829256553714E+03   -0.435509453869411800E+03   -0.477515351937698451E+01    1
    0.148957282304763794E+01   -0.851904273033142090E+00   -0.172211766242980957E+00    0.481370639801025346E+00   -0.336037538714190065E+01   -0.391693207169518814E+03   -0.388332831782376900E+03   -0.478515351937698341E+01    1
   -0.983755588531494141E+00    0.673762679100036621E+00   -0.489283800125122070E-01   -0.252743911743164129E+00   -0.336037538714190065E+01   -0.288362643718562822E+03   -0.285002268331420908E+03   -0.479515351937697876E+01    1
   -0.137496095895767212E+01    0.865094840526580811E+00   -0.696432590484619141E-02   -0.358539485931396507E+00   -0.336037538714190065E+01   -0.188123564285434895E+03   -0.184763188898292981E+03   -0.480515351937698032E+01    1
    0.127806597948074341E+01    0.756277441978454590E-01   -0.239787340164184570E+00   -0.199853801727294944E+00   -0.336037538714190065E+01   -0.117751998506568228E+03   -0.114391623119426328E+03   -0.481515351937698277E+01    1
   -0.144742155075073242E+01    0.565679311752319336E+00   -0.329439997673034668E+00    0.309944534301757724E+00   -0.336037538714190065E+01   -0.872615504859006421E+02   -0.839011750987587419E+02   -0.482515351937698345E+01    1
    0.133671015501022339E+01    0.217856347560882568E+00   -0.835618972778320312E-01   -0.582900810241699263E+00   -0.336037538714190065E+01   -0.851156162281589701E+02   -0.817552408410170699E+02   -0.483515351937698323E+01    1
    0.746105790138244629E+00    0.261497497558593750E-02   -0.720845460891723633E-01   -0.147168827056884721E+00   -0.336037538714190065E+01   -0.730212843455391010E+02   -0.696609089583972008E+02   -0.484515351937698480E+01    1
   -0.134252715110778809E+01    0.193735063076019287E+00    0.568554162979125977E+00   -0.342954730987548861E+00   -0.336037538714190065E+01   -0.726355013494513884E+02   -0.692751259623094882E+02   -0.485515351937698814E+01    1
    0.973255097866058350E+00   -0.780558586120605469E-01   -0.273228883743286133E-01   -0.194390773773193359E+00   -0.336037538714190065E+01   -0.650003487287068253E+02   -0.616399733415649251E+02   -0.486515351937698437E+01    1
    0.111213076114654541E+01   -0.899671196937561035E+00    0.562045097351074219E+00   -0.682077407836914062E-01   -0.336037538714190065E+01   -0.632672611216143039E+02   -0.599068857344724037E+02   -0.487515351937698149E+01    1
    0.138348233699798584E+01   -0.750932693481445312E-01   -0.954270362854003906E-01    0.650057125091552779E+00   -0.336037538714190065E+01   -0.599174709272032757E+02   -0.565570955400613755E+02   -0.488515351937698572E+01    1
   -0.136676198244094849E+01   -0.897037982940673828E-02    0.181035280227661133E+00   -0.759712600708007835E+00   -0.336037538714190065E+01   -0.599143182196823574E+02   -0.565539428325404572E+02   -0.489515351937698817E+01    1
   -0.850552976131439209E+00   -0.487239360809326172E+00   -0.155658960342407227E+00   -0.223286151885986328E+00   -0.336037538714190065E+01   -0.599088886256095066E+02   -0.565485132384676064E+02   -0.490515351937698973E+01    1
    0.128735339641571045E+01   -0.829685926437377930E-01   -0.213973283767700195E+00    0.733616924285888761E+00   -0.336037538714190065E+01   -0.599033572883094507E+02   -0.565429819011675505E+02   -0.491515351937698775E+01    1
   -0.134734690189361572E+01    0.197184383869171143E+00    0.138525962829589844E+00   -0.744916629791259832E+00   -0.336037538714190065E+01   -0.598567880958517904E+02   -0.564964127087098902E+02   -0.492515351937698220E+01    1
   -0.103537094593048096E+01    0.172226607799530029E+00   -0.650386452674865723E+00   -0.165970420837402322E+00   -0.336037538714190065E+01   -0.598556627536461505E+02   -0.564952873665042503E+02   -0.493515351937698199E+01    1
   -0.139603722095489502E+01   -0.106329578161239624E+01   -0.397939443588256836E+00    0.940674781799316628E-01   -0.336037538714190065E+01   -0.598380182515425290E+02   -0.564776428644006288E+02   -0.494515351937698799E+01    1
   -0.147765809297561646E+01   -0.116044235229492188E+01   -0.350804328918457031E+00   -0.440224647521972878E-01   -0.336037538714190065E+01   -0.598281090175052697E+02   -0.564677336303633695E+02   -0.495515351937699045E+01    1
    0.721691071987152100E+00    0.487956941127777100E+00    0.154694318771362305E-01    0.136347770690917747E-01   -0.336037538714190065E+01   -0.598260438287639289E+02   -0.564656684416220287E+02   -0.496515351937698846E+01    1
   -0.143684685230255127E+01   -0.213453769683837891E-01    0.193263173103332520E+00   -0.480073642730712902E+00   -0.336037538714190065E+01   -0.598201474248108624E+02   -0.564597720376689622E+02   -0.497515351937698824E+01    1
    0.111199110746383667E+01    0.785959303379058838E+00    0.381256699562072754E+00   -0.119817733764648438E+00   -0.336037538714190065E+01   -0.598099181656783401E+02   -0.564495427785364399E+02   -0.498515351937698359E+01    1
   -0.136404436826705933E+01   -0.851198673248291016E+00   -0.348318696022033691E+00   -0.753616333007812722E-01   -0.336037538714190065E+01   -0.597923366097503148E+02   -0.564319612226084146E+02   -0.499515351937698426E+01    1
    0.149872130155563354E+01    0.490844964981079102E+00    0.311971068382263184E+00    0.756632137298584029E+00   -0.336037538714190065E+01   -0.597883907928578680E+02   -0.564280154057159677E+02   -0.500515351937698583E+01    1
    0.149912935495376587E+01    0.858874797821044922E+00    0.562503457069396973E+00    0.834045410156250000E-01   -0.336037538714190065E+01   -0.597882800903008089E+02   -0.564279047031589087E+02   -0.501515351937698384E+01    1
   -0.136095589399337769E+01   -0.136037582159042358E+01   -0.610600352287292480E+00   -0.315063476562500444E-01   -0.336037538714190065E+01   -0.597872505102558023E+02   -0.564268751231139021E+02   -0.502515351937698451E+01    1
   -0.766339659690856934E+00    0.195008575916290283E+00    0.932317972183227539E-01   -0.445128917694091797E+00   -0.336037538714190065E+01   -0.597772437742622174E+02   -0.564168683871203172E+02   -0.503515351937698608E+01    1
   -0.135151576995849609E+01   -0.115820717811584473E+01   -0.631770730018615723E+00   -0.653520584106445090E-01   -0.336037538714190065E+01   -0.597745667002639181E+02   -0.564141913131220178E+02   -0.504515351937698409E+01    1
   -0.110688793659210205E+01   -0.636589944362640381E+00   -0.337525844573974609E+00    0.145159435272216752E+00   -0.336037538714190065E+01   -0.597581156026851090E+02   -0.563977402155432088E+02   -0.505515351937698298E+01    1
    0.563219368457794189E+00    0.309248864650726318E+00    0.263439893722534180E+00   -0.117891311645508257E-01   -0.336037538714190065E+01   -0.597356903553785017E+02   -0.563753149682366015E+02   -0.506515351937698455E+01    1
    0.137953877449035645E+01    0.106958609819412231E+01    0.581635475158691406E+00    0.327875900268554732E+00   -0.336037538714190065E+01   -0.597208218803648094E+02   -0.563604464932229092E+02   -0.507515351937697989E+01    1
    0.142562484741210938E+01    0.724405825138092041E+00   -0.153240323066711426E+00    0.837076187133789507E-01   -0.336037538714190065E+01   -0.597189489484134484E+02   -0.563585735612715482E+02   -0.508515351937698501E+01    1
   -0.143603485822677612E+01   -0.421012759208679199E+00   -0.461869359016418457E+00   -0.386712074279784712E-01   -0.336037538714190065E+01   -0.596880419752629408E+02   -0.563276665881210405E+02   -0.509515351937699013E+01    1
    0.974501252174377441E+00    0.339689433574676514E+00    0.259766340255737305E+00    0.529751110076904341E+00   -0.336037538714190065E+01   -0.596575538883530783E+02   -0.562971785012111781E+02   -0.510515351937699080E+01    1
    0.129102051258087158E+01   -0.213396370410919189E+00   -0.408032178878784180E+00    0.667011547088623091E+00   -0.336037538714190065E+01   -0.596478770175650794E+02   -0.562875016304231792E+02   -0.511515351937698348E+01    1
   -0.135231649875640869E+01    0.420055568218231201E+00    0.329154729843139648E-01   -0.650024223327636763E+00   -0.336037538714190065E+01   -0.596155315626052484E+02   -0.562551561754633482E+02   -0.512515351937698238E+01    1
   -0.134553569555282593E+01   -0.717247724533081055E+00   -0.378474950790405273E+00    0.323107242584228516E+00   -0.336037538714190065E+01   -0.596070551808173832E+02   -0.562466797936754830E+02   -0.513515351937698394E+01    1
   -0.993574261665344238E+00   -0.606916308403015137E+00   -0.612990856170654297E-01    0.149009513854980513E+00   -0.336037538714190065E+01   -0.595902386556458126E+02   -0.562298632685039124E+02   -0.514515351937697751E+01    1
    0.143483841419219971E+01    0.148357236385345459E+01    0.817570328712463379E+00    0.166810035705566406E+00   -0.336037538714190065E+01   -0.595836362886154234E+02   -0.562232609014735232E+02   -0.515515351937698085E+01    1
   -0.983888626098632812E+00    0.362753927707672119E+00    0.803246498107910156E-01   -0.413063430786132835E+00   -0.336037538714190065E+01   -0.595802291218160320E+02   -0.562198537346741318E+02   -0.516515351937698330E+01    1
    0.117994451522827148E+01    0.198951780796051025E+00    0.116729736328125000E-01    0.265071582794189409E+00   -0.336037538714190065E+01   -0.595778258510765895E+02   -0.562174504639346893E+02   -0.517515351937698220E+01    1
   -0.111513161659240723E+01   -0.683072805404663086E-01   -0.466215968132019043E+00   -0.353826522827148660E-01   -0.336037538714190065E+01   -0.595572878947813109E+02   -0.561969125076394107E+02   -0.518515351937698643E+01    1
    0.626517891883850098E+00    0.477291584014892578E+00    0.342141389846801758E+00    0.221714591979980558E+00   -0.336037538714190065E+01   -0.595421297258716393E+02   -0.561817543387297391E+02   -0.519515351937698533E+01    1
    0.112496674060821533E+01   -0.414715647697448730E+00    0.198181390762329102E+00    0.266924095153808549E+00   -0.336037538714190065E+01   -0.595412215549947703E+02   -0.561808461678528701E+02   -0.520515351937697623E+01    1
    0.140171170234680176E+01   -0.987231731414794922E-01    0.468719720840454102E+00    0.125208473205566384E+00   -0.336037538714190065E+01   -0.595301106362578238E+02   -0.561697352491159236E+02   -0.521515351937698224E+01    1
    0.126537501811981201E+01    0.130314588546752930E+00    0.384842634201049805E+00   -0.818462371826167434E-02   -0.336037538714190065E+01   -0.595273776280535429E+02   -0.561670022409116427E+02   -0.522515351937697670E+01    1
    0.136479449272155762E+01    0.665310144424438477E+00   -0.230545043945312500E+00    0.996379852294926316E-02   -0.336037538714190065E+01   -0.595213596681576078E+02   -0.561609842810157076E+02   -0.523515351937698092E+01    1
    0.145506531000137329E+01    0.388650655746459961E+00    0.793889522552490234E+00   -0.974283218383786842E-02   -0.336037538714190065E+01   -0.595137275107634309E+02   -0.561533521236215307E+02   -0.524515351937698071E+01    1
    0.111458963155746460E+01   -0.109160542488098145E-01    0.434477925300598145E+00   -0.365102767944336382E-01   -0.336037538714190065E+01   -0.595110693406429476E+02   -0.561506939535010474E+02   -0.525515351937698583E+01    1
   -0.134736549854278564E+01   -0.822963595390319824E+00   -0.104914903640747070E+00    0.279309368133545011E+00   -0.336037538714190065E+01   -0.595103072772542845E+02   -0.561499318901123843E+02   -0.526515351937698739E+01    1
   -0.146167910099029541E+01   -0.552986562252044678E+00   -0.827756285667419434E+00   -0.437714576721190962E-01   -0.336037538714190065E+01   -0.595029464442367484E+02   -0.561425710570948482E+02   -0.527515351937698007E+01    1
   -0.895370543003082275E+00    0.389530777931213379E+00   -0.340441107749938965E+00   -0.579815864562988059E-01   -0.336037538714190065E+01   -0.594969812402555860E+02   -0.561366058531136858E+02   -0.528515351937697542E+01    1
   -0.147510623931884766E+01    0.579407751560211182E+00   -0.597708344459533691E+00   -0.419027328491210493E-01   -0.336037538714190065E+01   -0.594943971831728931E+02   -0.561340217960309928E+02   -0.529515351937697609E+01    1
   -0.140148442983627319E+01   -0.980324506759643555E+00   -0.746177554130554199E+00   -0.522775554656982444E+00   -0.336037538714190065E+01   -0.594918364175957421E+02   -0.561314610304538419E+02   -0.530515351937697677E+01    1
   -0.127134704589843750E+01   -0.392667531967163086E+00   -0.528641104698181152E+00    0.324572849273681685E+00   -0.336037538714190065E+01   -0.594665688015404470E+02   -0.561061934143985468E+02   -0.531515351937698188E+01    1
   -0.147595632076263428E+01   -0.264518380165100098E+00   -0.814553380012512207E+00    0.179502201080322221E+00   -0.336037538714190065E+01   -0.594599157807816567E+02   -0.560995403936397565E+02   -0.532515351937698078E+01    1
   -0.770389258861541748E+00   -0.135283112525939941E+00   -0.372977614402770996E+00   -0.914318084716796431E-01   -0.336037538714190065E+01   -0.594403060156973595E+02   -0.560799306285554593E+02   -0.533515351937697613E+01    1
    0.130286711454391479E+01   -0.419277727603912354E+00    0.385907292366027832E+00    0.784354209899902344E-01   -0.336037538714190065E+01   -0.594169208336013170E+02   -0.560565454464594168E+02   -0.534515351937697680E+01    1
   -0.143101251125335693E+01   -0.865380764007568359E-01   -0.320069789886474609E+00   -0.319015026092529297E+00   -0.336037538714190065E+01   -0.594035293124100221E+02   -0.560431539252681219E+02   -0.535515351937698103E+01    1
   -0.142645651102066040E+01   -0.609509825706481934E+00   -0.871232509613037109E+00   -0.158548355102539062E-02   -0.336037538714190065E+01   -0.594011382591063466E+02   -0.560407628719644464E+02   -0.536515351937698171E+01    1
   -0.133295398950576782E+01   -0.114905118942260742E+00   -0.455027103424072266E+00   -0.272009658813476607E+00   -0.336037538714190065E+01   -0.593889948991692904E+02   -0.560286195120273902E+02   -0.537515351937698238E+01    1
   -0.141462242603302002E+01   -0.378305554389953613E+00   -0.814873337745666504E+00    0.238437938690185591E+00   -0.336037538714190065E+01   -0.593851838044119589E+02   -0.560248084172700587E+02   -0.538515351937698128E+01    1
   -0.131892281770706177E+01   -0.105831205844879150E+00   -0.317974090576171875E+00   -0.296716308593749978E+00   -0.336037538714190065E+01   -0.593835576321477561E+02   -0.560231822450058559E+02   -0.539515351937698018E+01    1
   -0.116661787033081055E+01   -0.280701756477355957E+00   -0.375697851181030273E+00    0.212195873260498047E+00   -0.336037538714190065E+01   -0.593833643372343047E+02   -0.560229889500924045E+02   -0.540515351937698263E+01    1
    0.104506713151931763E+01   -0.295871078968048096E+00    0.451009631156921387E+00   -0.549290752410888761E+00   -0.336037538714190065E+01   -0.593831268532201975E+02   -0.560227514660782973E+02   -0.541515351937698153E+01    1
    0.864864170551300049E+00    0.405640125274658203E+00    0.524409174919128418E+00    0.649892807006835493E-01   -0.336037538714190065E+01   -0.593752804907831901E+02   -0.560149051036412899E+02   -0.542515351937697865E+01    1
   -0.116856104135513306E+01    0.888385176658630371E-01    0.250146508216857910E+00   -0.366109371185302734E+00   -0.336037538714190065E+01   -0.593738531842625932E+02   -0.560134777971206930E+02   -0.543515351937697933E+01    1
    0.140306085348129272E+01   -0.525324225425720215E+00    0.774166822433471680E+00   -0.224860477447509810E+00   -0.336037538714190065E+01   -0.593534110963730654E+02   -0.559930357092311652E+02   -0.544515351937698178E+01    1
    0.939454078674316406E+00   -0.539892017841339111E+00    0.430373907089233398E+00    0.169784545898437056E-01   -0.336037538714190065E+01   -0.593472303181847565E+02   -0.559868549310428563E+02   -0.545515351937698245E+01    1
   -0.136753678321838379E+01   -0.212798774242401123E+00   -0.624704480171203613E+00   -0.239904212951660201E+00   -0.336037538714190065E+01   -0.593415383738434343E+02   -0.559811629867015341E+02   -0.546515351937698401E+01    1
   -0.129347097873687744E+01   -0.527331054210662842E+00   -0.754289865493774414E+00   -0.191688537597656250E+00   -0.336037538714190065E+01   -0.593408946853410058E+02   -0.559805192981991055E+02   -0.547515351937698025E+01    1
    0.149921375513076782E+01   -0.317187130451202393E+00    0.698245286941528320E+00   -0.211834526062011697E+00   -0.336037538714190065E+01   -0.593373210047422361E+02   -0.559769456176003359E+02   -0.548515351937698004E+01    1
    0.901535153388977051E+00    0.392742991447448730E+00    0.234746336936950684E+00   -0.264179897308349676E+00   -0.336037538714190065E+01   -0.593176003639880491E+02   -0.559572249768461489E+02   -0.549515351937697805E+01    1
    0.125524538755416870E+01   -0.301991522312164307E+00    0.424009919166564941E+00   -0.275661468505858931E-01   -0.336037538714190065E+01   -0.593135693916641955E+02   -0.559531940045222953E+02   -0.550515351937697694E+01    1
    0.712523818016052246E+00   -0.359725713729858398E+00    0.404118657112121582E+00   -0.585738182067870872E-01   -0.336037538714190065E+01   -0.593082135026939881E+02   -0.559478381155520879E+02   -0.551515351937698295E+01    1
    0.936944782733917236E+00   -0.237323820590972900E+00    0.301375389099121094E+00    0.194612312316894576E+00   -0.336037538714190065E+01   -0.592876893092463675E+02   -0.559273139221044673E+02   -0.552515351937698185E+01    1
   -0.577614247798919678E+00    0.652202367782592773E-01   -0.340095162391662598E+00    0.598051071166991743E-01   -0.336037538714190065E+01   -0.592843628955165087E+02   -0.559239875083746085E+02   -0.553515351937698163E+01    1
    0.136359876394271851E+01    0.551846802234649658E+00    0.600356698036193848E+00    0.649937343597412065E+00   -0.336037538714190065E+01   -0.592734096846006580E+02   -0.559130342974587577E+02   -0.554515351937698142E+01    1
    0.138784486055374146E+01   -0.627640843391418457E+00    0.208886384963989258E+00    0.455041313171386852E+00   -0.336037538714190065E+01   -0.592598011041700161E+02   -0.558994257170281159E+02   -0.555515351937698032E+01    1
    0.134652704000473022E+01   -0.460363268852233887E+00    0.119608163833618164E+00    0.542187881469726518E+00   -0.336037538714190065E+01   -0.592505686996334049E+02   -0.558901933124915047E+02   -0.556515351937698544E+01    1
    0.120621836185455322E+01   -0.132560491561889648E+00   -0.642799139022827148E-01   -0.143826961517333984E+00   -0.336037538714190065E+01   -0.592275670052010597E+02   -0.558671916180591595E+02   -0.557515351937698611E+01    1
   -0.149467509984970093E+01    0.297934591770172119E+00   -0.690670251846313477E+00    0.272289848327636808E+00   -0.336037538714190065E+01   -0.592125433861261925E+02   -0.558521679989842923E+02   -0.558515351937698146E+01    1
    0.139713174104690552E+01   -0.427845597267150879E+00   -0.128817558288574219E-01    0.414783382415771618E+00   -0.336037538714190065E+01   -0.592038664613719234E+02   -0.558434910742300232E+02   -0.559515351937697680E+01    1
    0.122036755084991455E+01    0.272516727447509766E+00   -0.163302779197692871E+00    0.159347057342529297E+00   -0.336037538714190065E+01   -0.591961369341811192E+02   -0.558357615470392190E+02   -0.560515351937697748E+01    1
    0.828077852725982666E+00   -0.148217439651489258E+00    0.241809844970703125E+00   -0.204661369323730913E-01   -0.336037538714190065E+01   -0.591580463114550170E+02   -0.557976709243131168E+02   -0.561515351937697904E+01    1
    0.106253868341445923E+01    0.191380977630615234E-01    0.365987896919250488E+00   -0.162345600128173784E+00   -0.336037538714190065E+01   -0.591544710270446004E+02   -0.557940956399027002E+02   -0.562515351937698060E+01    1
   -0.127433842420578003E+01   -0.350384294986724854E+00   -0.313438057899475098E+00   -0.325719070434570324E+00   -0.336037538714190065E+01   -0.591492455544778011E+02   -0.557888701673359009E+02   -0.563515351937698039E+01    1
    0.102418828010559082E+01    0.726058244705200195E+00    0.582939863204956055E+00    0.228375530242920011E+00   -0.336037538714190065E+01   -0.591408150743671825E+02   -0.557804396872252823E+02   -0.564515351937698284E+01    1
   -0.147309404611587524E+01    0.496667683124542236E+00   -0.165005564689636230E+00   -0.588557147979736350E+00   -0.336037538714190065E+01   -0.591281682257312013E+02   -0.557677928385893011E+02   -0.565515351937698085E+01    1
   -0.128183144330978394E+01   -0.696937143802642822E+00   -0.635892152786254883E+00   -0.672471714019775457E+00   -0.336037538714190065E+01   -0.590922372346571834E+02   -0.557318618475152832E+02   -0.566515351937697975E+01    1
   -0.852422118186950684E+00   -0.153954863548278809E+00   -0.237312316894531250E+00   -0.232710456848144509E+00   -0.336037538714190065E+01   -0.590724506359096182E+02   -0.557120752487677180E+02   -0.567515351937697954E+01    1
    0.111235463619232178E+01   -0.123513758182525635E+00    0.239385843276977539E+00    0.247124671936035378E-01   -0.336037538714190065E+01   -0.590663969199799013E+02   -0.557060215328380011E+02   -0.568515351937697666E+01    1
    0.124781012535095215E+01    0.523603498935699463E+00   -0.696684122085571289E-01    0.816494941711425337E-01   -0.336037538714190065E+01   -0.590386474705464792E+02   -0.556782720834045790E+02   -0.569515351937697734E+01    1
   -0.119892114400863647E+01    0.225200593471527100E+00   -0.227065801620483398E+00   -0.782122611999511719E-01   -0.336037538714190065E+01   -0.590166540146183962E+02   -0.556562786274764960E+02   -0.570515351937697890E+01    1
   -0.146598297357559204E+01    0.168355286121368408E+00   -0.867262244224548340E+00    0.415528106689453169E+00   -0.336037538714190065E+01   -0.590065732749897620E+02   -0.556461978878478618E+02   -0.571515351937697780E+01    1
    0.112017488479614258E+01    0.414559006690979004E+00    0.176686406135559082E+00    0.152611351013183572E+00   -0.336037538714190065E+01   -0.589927005858900344E+02   -0.556323251987481342E+02   -0.572515351937697403E+01    1
   -0.121502387523651123E+01   -0.449156463146209717E+00    0.319839954376220703E+00   -0.636606216430668503E-02   -0.336037538714190065E+01   -0.589388309654668632E+02   -0.555784555783249630E+02   -0.573515351937697382E+01    1
    0.110097241401672363E+01   -0.155881583690643311E+00    0.677665114402770996E+00    0.724449157714845970E-02   -0.336037538714190065E+01   -0.589376139925629374E+02   -0.555772386054210372E+02   -0.574515351937697805E+01    1
   -0.136291337013244629E+01   -0.692331254482269287E+00    0.132197856903076172E+00    0.166056537628173850E+00   -0.336037538714190065E+01   -0.589102570796679927E+02   -0.555498816925260925E+02   -0.575515351937698227E+01    1
   -0.145323872566223145E+01   -0.720372676849365234E+00   -0.463461756706237793E+00   -0.269891834259033181E+00   -0.336037538714190065E+01   -0.588939939908945931E+02   -0.555336186037526929E+02   -0.576515351937698384E+01    1
   -0.142428696155548096E+01    0.347562432289123535E-01   -0.369351029396057129E+00    0.132706165313720703E+00   -0.336037538714190065E+01   -0.588890060680414678E+02   -0.555286306808995676E+02   -0.577515351937697918E+01    1
    0.141187030076980591E+01    0.464264094829559326E+00    0.924957036972045898E+00    0.842233657836913840E-01   -0.336037538714190065E+01   -0.588439794553696203E+02   -0.554836040682277201E+02   -0.578515351937698075E+01    1
   -0.142931663990020752E+01    0.110697984695434570E+00    0.331602096557617188E+00   -0.392907524108886741E+00   -0.336037538714190065E+01   -0.588392054874114834E+02   -0.554788301002695832E+02   -0.579515351937698409E+01    1
   -0.141951924562454224E+01   -0.940433442592620850E+00   -0.347483992576599121E+00   -0.177038478851318404E+00   -0.336037538714190065E+01   -0.587847426138360802E+02   -0.554243672266941800E+02   -0.580515351937698565E+01    1
   -0.116975122690200806E+01    0.253240406513214111E+00   -0.778596401214599609E+00    0.151857948303222634E+00   -0.336037538714190065E+01   -0.587812417706934767E+02   -0.554208663835515765E+02   -0.581515351937698366E+01    1
   -0.137060755491256714E+01   -0.136733293533325195E+00   -0.270002245903015137E+00    0.144179344177246094E+00   -0.336037538714190065E+01   -0.587808941751482479E+02   -0.554205187880063477E+02   -0.582515351937698256E+01    1
    0.120380383729934692E+01    0.443248450756072998E+00    0.260925292968750000E-01   -0.150553703308105469E+00   -0.336037538714190065E+01   -0.587772420859071190E+02   -0.554168666987652188E+02   -0.583515351937698412E+01    1
    0.120123535394668579E+01   -0.254749059677124023E+00   -0.296642899513244629E+00    0.437033081054687633E+00   -0.336037538714190065E+01   -0.587664350309639261E+02   -0.554060596438220259E+02   -0.584515351937698391E+01    1
    0.110508531332015991E+01    0.139171957969665527E+00    0.259766459465026855E+00   -0.192543315887451216E+00   -0.336037538714190065E+01   -0.587350173981804033E+02   -0.553746420110385031E+02   -0.585515351937697837E+01    1
    0.145137530565261841E+01    0.584309399127960205E+00    0.626775383949279785E+00    0.378354549407958984E+00   -0.336037538714190065E+01   -0.587142011194672619E+02   -0.553538257323253617E+02   -0.586515351937697371E+01    1
    0.128790628910064697E+01    0.561331093311309814E+00   -0.234585523605346680E+00   -0.202962875366210493E-01   -0.336037538714190065E+01   -0.587028781871407546E+02   -0.553425027999988544E+02   -0.587515351937697705E+01    1
    0.131183463335037231E+01   -0.449439167976379395E+00    0.867485404014587402E+00   -0.869536399841308594E-01   -0.336037538714190065E+01   -0.586917297571540502E+02   -0.553313543700121500E+02   -0.588515351937697684E+01    1
    0.132295793294906616E+01    0.303216397762298584E+00    0.406129360198974609E+00    0.785038375854492321E+00   -0.336037538714190065E+01   -0.586768847567337559E+02   -0.553165093695918557E+02   -0.589515351937697751E+01    1
    0.121158260107040405E+01   -0.458552598953247070E+00    0.794490456581115723E+00    0.205226898193359153E-01   -0.336037538714190065E+01   -0.586703869414049706E+02   -0.553100115542630704E+02   -0.590515351937697286E+01    1
    0.135797506570816040E+01    0.818257927894592285E+00    0.225539803504943848E+00    0.796285629272460715E-01   -0.336037538714190065E+01   -0.586617747204500048E+02   -0.553013993333081046E+02   -0.591515351937697531E+01    1
   -0.116399592161178589E+01    0.153007686138153076E+00   -0.275521039962768555E+00   -0.447843837738037154E+00   -0.336037538714190065E+01   -0.586582972129763434E+02   -0.552979218258344432E+02   -0.592515351937697687E+01    1
    0.142516118288040161E+01   -0.661159157752990723E-01    0.791881561279296875E+00   -0.475267791748046897E+00   -0.336037538714190065E+01   -0.586581542524277424E+02   -0.552977788652858422E+02   -0.593515351937697400E+01    1
    0.135426521301269531E+01    0.229577243328094482E+00   -0.713697671890258789E-01    0.210092067718505859E+00   -0.336037538714190065E+01   -0.586471156407759722E+02   -0.552867402536340720E+02   -0.594515351937698000E+01    1
    0.142678284645080566E+01   -0.663432240486145020E+00    0.962526798248291016E+00   -0.108842182159423873E+00   -0.336037538714190065E+01   -0.586377040674614776E+02   -0.552773286803195774E+02   -0.595515351937698156E+01    1
   -0.101210153102874756E+01    0.100164413452148438E+00   -0.672525167465209961E+00   -0.647773742675783470E-02   -0.336037538714190065E+01   -0.586359535462534822E+02   -0.552755781591115820E+02   -0.596515351937697336E+01    1
   -0.960140883922576904E+00   -0.172625541687011719E+00   -0.107408285140991211E+00    0.809440612792968750E-01   -0.336037538714190065E+01   -0.586024406579754853E+02   -0.552420652708335851E+02   -0.597515351937696959E+01    1
   -0.144084656238555908E+01   -0.665872693061828613E+00   -0.719704508781433105E+00   -0.608997726440429710E+00   -0.336037538714190065E+01   -0.585650807655220262E+02   -0.552047053783801260E+02   -0.598515351937697559E+01    1
    0.920951664447784424E+00    0.431996583938598633E-01    0.278928399085998535E+00   -0.216452407836914107E+00   -0.336037538714190065E+01   -0.585403923414073617E+02   -0.551800169542654615E+02   -0.599515351937697627E+01    1
   -0.120635157823562622E+01   -0.159052491188049316E+00   -0.615224957466125488E+00   -0.327241706848144576E+00   -0.336037538714190065E+01   -0.585393171089898416E+02   -0.551789417218479414E+02   -0.600515351937697517E+01    1
   -0.146066415309906006E+01   -0.399185478687286377E+00   -0.903751373291015625E+00   -0.346314525604248080E+00   -0.336037538714190065E+01   -0.585339484522911420E+02   -0.551735730651492418E+02   -0.601515351937697851E+01    1
   -0.148215097188949585E+01    0.576319634914398193E+00   -0.885310053825378418E+00   -0.503582954406738281E-01   -0.336037538714190065E+01   -0.585169713312428286E+02   -0.551565959441009284E+02   -0.602515351937697829E+01    1
   -0.553348481655120850E+00   -0.257309317588806152E+00   -0.655949115753173828E-02    0.149279785156249956E+00   -0.336037538714190065E+01   -0.584897818534925662E+02   -0.551294064663506660E+02   -0.603515351937697453E+01    1
   -0.101838380098342896E+01    0.482355952262878418E-01   -0.557138085365295410E+00   -0.196185493469238303E+00   -0.336037538714190065E+01   -0.584782192695803715E+02   -0.551178438824384713E+02   -0.604515351937697520E+01    1
    0.146683520078659058E+01    0.893563807010650635E+00   -0.246207594871520996E+00   -0.415228176116943404E+00   -0.336037538714190065E+01   -0.584770068442744702E+02   -0.551166314571325699E+02   -0.605515351937697410E+01    1
   -0.611140429973602295E+00   -0.167400240898132324E-01   -0.240808725357055664E-01   -0.751806259155273215E-01   -0.336037538714190065E+01   -0.584743437125681425E+02   -0.551139683254262422E+02   -0.606515351937697478E+01    1
    0.144097083806991577E+01   -0.957099258899688721E+00    0.955428123474121094E+00   -0.296535873413085960E+00   -0.336037538714190065E+01   -0.584346364082320733E+02   -0.550742610210901731E+02   -0.607515351937697723E+01    1
   -0.141268247365951538E+01   -0.798238635063171387E+00   -0.579939365386962891E+00   -0.346869277954101607E+00   -0.336037538714190065E+01   -0.584180160125358654E+02   -0.550576406253939652E+02   -0.608515351937697790E+01    1
   -0.114256739616394043E+01    0.384603738784790039E-01    0.313322305679321289E+00   -0.280033874511718794E+00   -0.336037538714190065E+01   -0.584042421557983999E+02   -0.550438667686564997E+02   -0.609515351937697769E+01    1
    0.687453210353851318E+00    0.971649885177612305E-01    0.297083020210266113E+00    0.219787502288818271E+00   -0.336037538714190065E+01   -0.583238587742592784E+02   -0.549634833871173782E+02   -0.610515351937697481E+01    1
    0.859144628047943115E+00   -0.504772961139678955E+00    0.244495749473571777E+00    0.395557403564452681E-01   -0.336037538714190065E+01   -0.583173234056064018E+02   -0.549569480184645016E+02   -0.611515351937697282E+01    1
   -0.101419186592102051E+01    0.335448861122131348E+00   -0.485144138336181641E+00   -0.178778553009033225E+00   -0.336037538714190065E+01   -0.583074429757155315E+02   -0.549470675885736313E+02   -0.612515351937697528E+01    1
    0.860715866088867188E+00    0.232226371765136719E+00    0.120764255523681641E+00   -0.203960132598877020E+00   -0.336037538714190065E+01   -0.582926668583280687E+02   -0.549322914711861685E+02   -0.613515351937697417E+01    1
   -0.115146499872207642E+01   -0.569054603576660156E+00    0.436557531356811523E-01    0.329158020019531206E+00   -0.336037538714190065E+01   -0.582604226285298523E+02   -0.549000472413879521E+02   -0.614515351937697485E+01    1
    0.118402290344238281E+01    0.869487762451171875E+00    0.730178117752075195E+00    0.305045032501220614E+00   -0.336037538714190065E+01   -0.582362348035097028E+02   -0.548758594163678026E+02   -0.615515351937697819E+01    1
    0.148837459087371826E+01    0.447139620780944824E+00    0.890923976898193359E+00    0.425884914398193315E+00   -0.336037538714190065E+01   -0.582213935531330407E+02   -0.548610181659911404E+02   -0.616515351937697620E+01    1
   -0.135858052968978882E+01    0.254838287830352783E+00   -0.518695473670959473E+00    0.346699237823486328E+00   -0.336037538714190065E+01   -0.581759165644902367E+02   -0.548155411773483365E+02   -0.617515351937697776E+01    1
    0.138619869947433472E+01    0.195600271224975586E+00    0.451874613761901855E+00   -0.515487384796142534E+00   -0.336037538714190065E+01   -0.581647289226464324E+02   -0.548043535355045321E+02   -0.618515351937698288E+01    1
   -0.705430448055267334E+00   -0.252886533737182617E+00   -0.314870834350585938E+00   -0.265993881225585982E+00   -0.336037538714190065E+01   -0.581451296020208659E+02   -0.547847542148789657E+02   -0.619515351937698000E+01    1
    0.147174489498138428E+01    0.483869612216949463E+00   -0.464343547821044922E+00   -0.189269065856934038E-01   -0.336037538714190065E+01   -0.581325092411210917E+02   -0.547721338539791915E+02   -0.620515351937697535E+01    1
   -0.914353251457214355E+00    0.287915468215942383E+00   -0.178759455680847168E+00   -0.165397644042968306E-01   -0.336037538714190065E+01   -0.581302709784258198E+02   -0.547698955912839196E+02   -0.621515351937697247E+01    1
    0.672463059425354004E+00   -0.342543125152587891E-01    0.405921578407287598E+00    0.116110992431640581E+00   -0.336037538714190065E+01   -0.581085994975045210E+02   -0.547482241103626208E+02   -0.622515351937697314E+01    1
   -0.480343222618103027E+00    0.120096981525421143E+00   -0.387442111968994141E-02   -0.939181327819824663E-01   -0.336037538714190065E+01   -0.580975154205261788E+02   -0.547371400333842786E+02   -0.623515351937697559E+01    1
   -0.105436187982559204E+01    0.244865834712982178E+00   -0.518880248069763184E+00    0.388943290710449308E+00   -0.336037538714190065E+01   -0.580827355475241731E+02   -0.547223601603822729E+02   -0.624515351937698071E+01    1
   -0.441353738307952881E+00    0.169981956481933594E+00   -0.185109615325927734E+00   -0.969970703125000444E-01   -0.336037538714190065E+01   -0.580698195495679315E+02   -0.547094441624260313E+02   -0.625515351937697694E+01    1
    0.130963683128356934E+01    0.207700967788696289E+00    0.130026340484619141E-01    0.102071475982665971E+00   -0.336037538714190065E+01   -0.580354406756250398E+02   -0.546750652884831396E+02   -0.626515351937697407E+01    1
   -0.127182286977767944E+01   -0.927098929882049561E+00   -0.730025291442871094E+00   -0.400930309295654319E+00   -0.336037538714190065E+01   -0.580320720101383714E+02   -0.546716966229964711E+02   -0.627515351937697385E+01    1
   -0.139385318756103516E+01   -0.837944984436035156E+00    0.342575192451477051E+00    0.388651275634765536E+00   -0.336037538714190065E+01   -0.579969725787109383E+02   -0.546365971915690380E+02   -0.628515351937697986E+01    1
    0.741692841053009033E+00    0.180181324481964111E+00    0.231990218162536621E+00    0.445343494415283203E+00   -0.336037538714190065E+01   -0.579494780051961200E+02   -0.545891026180542198E+02   -0.629515351937697432E+01    1
    0.104174977540969849E+01   -0.380182385444641113E+00    0.604718804359436035E+00   -0.400008106231689475E+00   -0.336037538714190065E+01   -0.579290532107664689E+02   -0.545686778236245686E+02   -0.630515351937697766E+01    1
   -0.146422773599624634E+01    0.113396161794662476E+01   -0.878736376762390137E+00    0.872277259826660378E-01   -0.336037538714190065E+01   -0.579132347117988147E+02   -0.545528593246569145E+02   -0.631515351937697567E+01    1
   -0.117915827035903931E+01   -0.767219960689544678E+00   -0.643872380256652832E+00   -0.375329017639160156E+00   -0.336037538714190065E+01   -0.579126216580480531E+02   -0.545522462709061529E+02   -0.632515351937697190E+01    1
   -0.103478550910949707E+01   -0.159831047058105469E-01   -0.140471220016479492E+00    0.815314292907715066E-01   -0.336037538714190065E+01   -0.579072426793373580E+02   -0.545468672921954578E+02   -0.633515351937697790E+01    1
    0.148933982849121094E+01   -0.105343240499496460E+01    0.979138374328613281E+00   -0.318892860412597678E+00   -0.336037538714190065E+01   -0.578770216881125350E+02   -0.545166463009706348E+02   -0.634515351937697858E+01    1
    0.886359035968780518E+00    0.331799268722534180E+00    0.431825518608093262E+00    0.378968429565429643E+00   -0.336037538714190065E+01   -0.578713258439509062E+02   -0.545109504568090060E+02   -0.635515351937697659E+01    1
   -0.144712311029434204E+01   -0.243539214134216309E+00   -0.165461540222167969E+00    0.239057254791259721E+00   -0.336037538714190065E+01   -0.578632246210805192E+02   -0.545028492339386190E+02   -0.636515351937697371E+01    1
    0.143343490362167358E+01   -0.163634419441223145E+00    0.467295169830322266E+00    0.544452190399169922E+00   -0.336037538714190065E+01   -0.578615658216183490E+02   -0.545011904344764488E+02   -0.637515351937697350E+01    1
    0.129187542200088501E+01   -0.350250899791717529E+00    0.683391451835632324E+00   -0.525535774230956987E+00   -0.336037538714190065E+01   -0.577756510097089304E+02   -0.544152756225670302E+02   -0.638515351937697861E+01    1
   -0.129976129531860352E+01   -0.144201099872589111E+00   -0.409219264984130859E-01    0.103510856628418191E-01   -0.336037538714190065E+01   -0.577658072206731958E+02   -0.544054318335312956E+02   -0.639515351937698195E+01    1
    0.981985509395599365E+00    0.734350204467773438E+00    0.498547554016113281E+00    0.226506328582763761E+00   -0.336037538714190065E+01   -0.577611103826069794E+02   -0.544007349954650792E+02   -0.640515351937697730E+01    1
   -0.147666943073272705E+01   -0.136810827255249023E+01   -0.971103549003601074E+00   -0.335996818542480480E+00   -0.336037538714190065E+01   -0.577465082677282595E+02   -0.543861328805863593E+02   -0.641515351937697620E+01    1
   -0.137452465295791626E+01   -0.134727984666824341E+01   -0.701959371566772461E+00   -0.199645805358886763E+00   -0.336037538714190065E+01   -0.577238318004694904E+02   -0.543634564133275902E+02   -0.642515351937697776E+01    1
   -0.144650852680206299E+01   -0.766646325588226318E+00   -0.796361804008483887E+00   -0.489770412445068359E+00   -0.336037538714190065E+01   -0.576407349506848803E+02   -0.542803595635429801E+02   -0.643515351937697222E+01    1
    0.147646594047546387E+01    0.521213829517364502E+00    0.763719201087951660E+00    0.518592357635498047E+00   -0.336037538714190065E+01   -0.575852764969073050E+02   -0.542249011097654048E+02   -0.644515351937697556E+01    1
   -0.125657683610916138E+01   -0.176735043525695801E+00   -0.876550674438476562E-01    0.139225864410400413E+00   -0.336037538714190065E+01   -0.575611022128320755E+02   -0.542007268256901753E+02   -0.645515351937697535E+01    1
    0.519170165061950684E+00   -0.106973290443420410E+00   -0.213015794754028320E+00    0.239494132995605513E+00   -0.336037538714190065E+01   -0.575267861267031577E+02   -0.541664107395612575E+02   -0.646515351937697513E+01    1
   -0.135188162326812744E+01    0.946211993694305420E+00   -0.765231370925903320E+00    0.224843311309814498E+00   -0.336037538714190065E+01   -0.574709871449181833E+02   -0.541106117577762831E+02   -0.647515351937697048E+01    1
    0.131791520118713379E+01   -0.486822903156280518E+00    0.229833126068115234E-01    0.580226898193358931E-01   -0.336037538714190065E+01   -0.574540092855348021E+02   -0.540936338983929019E+02   -0.648515351937697559E+01    1
    0.143738955259323120E+01    0.169449985027313232E+00    0.528528213500976562E+00    0.718606376647949352E+00   -0.336037538714190065E+01   -0.574151418443803294E+02   -0.540547664572384292E+02   -0.649515351937697538E+01    1
   -0.857010304927825928E+00    0.217908561229705811E+00   -0.255320549011230469E+00    0.149273014068603493E+00   -0.336037538714190065E+01   -0.573665157940162871E+02   -0.540061404068743869E+02   -0.650515351937697694E+01    1
   -0.108650368452072144E+01   -0.398193418979644775E+00    0.935477018356323242E-01    0.182391452789306685E+00   -0.336037538714190065E+01   -0.573342318337406169E+02   -0.539738564465987167E+02   -0.651515351937697318E+01    1
   -0.144482320547103882E+01   -0.395693778991699219E+00    0.383571386337280273E-01   -0.549607276916503906E-01   -0.336037538714190065E+01   -0.573049621951140082E+02   -0.539445868079721080E+02   -0.652515351937697652E+01    1
    0.143083226680755615E+01    0.195145189762115479E+00    0.437426567077636719E+00   -0.623359012603759810E+00   -0.336037538714190065E+01   -0.572987279207809337E+02   -0.539383525336390335E+02   -0.653515351937697631E+01    1
   -0.119458150863647461E+01    0.646861016750335693E+00   -0.678812146186828613E+00    0.488577175140380904E+00   -0.336037538714190065E+01   -0.572494578492281647E+02   -0.538890824620862645E+02   -0.654515351937697609E+01    1
    0.135381996631622314E+01   -0.514090955257415771E+00    0.321194767951965332E+00   -0.548470497131348100E-01   -0.336037538714190065E+01   -0.572100620528869044E+02   -0.538496866657450042E+02   -0.655515351937696966E+01    1
    0.139554780721664429E+01   -0.435772061347961426E+00    0.725289106369018555E+00   -0.560973930358886763E+00   -0.336037538714190065E+01   -0.571296144359585014E+02   -0.537692390488166012E+02   -0.656515351937697567E+01    1
    0.145295727252960205E+01    0.498020052909851074E-01   -0.107807636260986328E+00   -0.321468257904052757E+00   -0.336037538714190065E+01   -0.571248998532084045E+02   -0.537645244660665043E+02   -0.657515351937698256E+01    1
    0.137377595901489258E+01    0.482468605041503906E-01    0.745546698570251465E+00    0.432153320312500089E+00   -0.336037538714190065E+01   -0.571156786326248138E+02   -0.537553032454829136E+02   -0.658515351937698501E+01    1
   -0.106914603710174561E+01    0.741979479789733887E-01   -0.516352415084838867E+00   -0.356080913543701194E+00   -0.336037538714190065E+01   -0.571031450956328470E+02   -0.537427697084909468E+02   -0.659515351937696881E+01    1
    0.104803061485290527E+01    0.882936716079711914E-01    0.398637175559997559E+00    0.498342227935790971E+00   -0.336037538714190065E+01   -0.570945699232587884E+02   -0.537341945361168882E+02   -0.660515351937696948E+01    1
   -0.754901468753814697E+00   -0.263176381587982178E+00   -0.394603967666625977E+00   -0.340695762634277366E+00   -0.336037538714190065E+01   -0.570525043842344601E+02   -0.536921289970925599E+02   -0.661515351937697371E+01    1
   -0.791026711463928223E+00   -0.306327223777770996E+00    0.109851479530334473E+00    0.116831398010253884E+00   -0.336037538714190065E+01   -0.569980828397381813E+02   -0.536377074525962811E+02   -0.662515351937697705E+01    1
    0.113621896505355835E+01   -0.725895345211029053E+00    0.709711313247680664E+00   -0.303481292724609386E+00   -0.336037538714190065E+01   -0.569901073966170983E+02   -0.536297320094751981E+02   -0.663515351937697861E+01    1
    0.436955809593200684E+00    0.152107000350952148E+00    0.109082460403442383E-01   -0.132069301605224565E+00   -0.336037538714190065E+01   -0.569662918272043299E+02   -0.536059164400624297E+02   -0.664515351937698107E+01    1
    0.137465804815292358E+01    0.612828254699707031E+00   -0.127641916275024414E+00   -0.407514381408691451E+00   -0.336037538714190065E+01   -0.568912381115378807E+02   -0.535308627243959805E+02   -0.665515351937697286E+01    1
   -0.657836794853210449E+00    0.433979094028472900E+00   -0.274860024452209473E+00    0.468193054199218528E-01   -0.336037538714190065E+01   -0.568640664376369642E+02   -0.535036910504950640E+02   -0.666515351937697353E+01    1
    0.135755199193954468E+01   -0.951558351516723633E-01    0.442942261695861816E+00   -0.484420013427734386E+00   -0.336037538714190065E+01   -0.568447744464620541E+02   -0.534843990593201539E+02   -0.667515351937697510E+01    1
   -0.621051728725433350E+00    0.122895777225494385E+00   -0.133043646812438965E+00    0.228381919860839888E+00   -0.336037538714190065E+01   -0.567610639877420340E+02   -0.534006886006001338E+02   -0.668515351937697488E+01    1
   -0.119372409582138062E+01    0.324471831321716309E+00    0.211300849914550781E-01   -0.204014682769775413E+00   -0.336037538714190065E+01   -0.567272249998365865E+02   -0.533668496126946863E+02   -0.669515351937697734E+01    1
   -0.147453045845031738E+01   -0.151469886302947998E+00   -0.957578420639038086E-01    0.738126754760742188E+00   -0.336037538714190065E+01   -0.567085323761201323E+02   -0.533481569889782321E+02   -0.670515351937697446E+01    1
    0.131518936157226562E+01   -0.587366580963134766E+00    0.244763851165771484E+00    0.436321258544921653E-01   -0.336037538714190065E+01   -0.566478793280608670E+02   -0.532875039409189668E+02   -0.671515351937697247E+01    1
    0.107731050252914429E+01   -0.327767550945281982E+00   -0.214344739913940430E+00    0.292665672302246049E+00   -0.336037538714190065E+01   -0.566386350538105532E+02   -0.532782596666686530E+02   -0.672515351937697314E+01    1
   -0.879673182964324951E+00    0.262629926204681396E+00   -0.422508955001831055E+00    0.342864322662353560E+00   -0.336037538714190065E+01   -0.566146825714396442E+02   -0.532543071842977440E+02   -0.673515351937697382E+01    1
   -0.955985069274902344E+00    0.578274250030517578E+00   -0.240064263343811035E+00   -0.350214958190917525E-01   -0.336037538714190065E+01   -0.565877788069300749E+02   -0.532274034197881747E+02   -0.674515351937697183E+01    1
    0.132895678281784058E+01   -0.107112050056457520E+00   -0.124167084693908691E+00    0.224718284606933549E+00   -0.336037538714190065E+01   -0.564902714296337223E+02   -0.531298960424918221E+02   -0.675515351937697428E+01    1
    0.143081670999526978E+01    0.249615311622619629E-01   -0.594994068145751953E+00    0.373635101318359419E+00   -0.336037538714190065E+01   -0.564348869234680066E+02   -0.530745115363261064E+02   -0.676515351937697584E+01    1
   -0.119612896442413330E+01    0.385285198688507080E+00    0.799247026443481445E-01   -0.257968044281005837E+00   -0.336037538714190065E+01   -0.562986227235156136E+02   -0.529382473363737134E+02   -0.677515351937697829E+01    1
   -0.121041387319564819E+01    0.205407142639160156E-01   -0.283479571342468262E+00    0.366382122039794922E+00   -0.336037538714190065E+01   -0.562570656884635270E+02   -0.528966903013216267E+02   -0.678515351937697098E+01    1
   -0.139628344774246216E+01    0.754911303520202637E-01   -0.126629829406738281E+00    0.113670539855956987E+00   -0.336037538714190065E+01   -0.562562723876597914E+02   -0.528958970005178912E+02   -0.679515351937697432E+01    1
   -0.214722096920013428E+00   -0.128842592239379883E-01    0.473809242248535156E-02   -0.669288635253950659E-03   -0.336037538714190065E+01   -0.562096977192747005E+02   -0.528493223321328003E+02   -0.680515351937697410E+01    1
    0.133400917053222656E+01   -0.338484585285186768E+00   -0.192556619644165039E+00    0.337312316894531339E+00   -0.336037538714190065E+01   -0.562065777561029236E+02   -0.528462023689610234E+02   -0.681515351937697567E+01    1
    0.101131832599639893E+01    0.209100186824798584E+00   -0.741413831710815430E-01   -0.107079505920409934E-01   -0.336037538714190065E+01   -0.561444633388194489E+02   -0.527840879516775487E+02   -0.682515351937697723E+01    1
    0.145148402452468872E+01    0.702037811279296875E+00   -0.205592513084411621E+00   -0.493967533111572266E+00   -0.336037538714190065E+01   -0.561204647553429865E+02   -0.527600893682010863E+02   -0.683515351937697613E+01    1
   -0.129619038105010986E+01    0.404302597045898438E+00    0.146214604377746582E+00   -0.244674587249755882E+00   -0.336037538714190065E+01   -0.561134872083536749E+02   -0.527531118212117747E+02   -0.684515351937697059E+01    1
    0.133294200897216797E+01   -0.819254994392395020E+00    0.527373194694519043E+00   -0.115155601501464866E+00   -0.336037538714190065E+01   -0.560988558912215680E+02   -0.527384805040796678E+02   -0.685515351937697126E+01    1
   -0.141084813351666671E+01    0.112638723313900346E+00    0.559958946115918454E+00   -0.259055666902936466E+00   -0.336037538714190065E+01   -0.560860903603189129E+02   -0.527257149731770127E+02   -0.686515351937697371E+01    1
    0.136065441370010376E+01   -0.377777874469757080E+00   -0.393680453300476074E+00    0.415927696228027388E+00   -0.336037538714190065E+01   -0.560425771474616994E+02   -0.526822017603197992E+02   -0.687515351937697083E+01    1
   -0.134530413150787354E+01    0.261808812618255615E+00   -0.616763710975646973E+00    0.632440567016601562E+00   -0.336037538714190065E+01   -0.560356657091350314E+02   -0.526752903219931312E+02   -0.688515351937697062E+01    1
   -0.144878911972045898E+01    0.389639675617218018E+00    0.194625854492187500E+00   -0.356127929687500011E+00   -0.336037538714190065E+01   -0.560352733911319660E+02   -0.526748980039900658E+02   -0.689515351937697307E+01    1
    0.141925817728042603E+01   -0.105845975875854492E+01    0.960913181304931641E+00   -0.375402355194091819E+00   -0.336037538714190065E+01   -0.559733808453931232E+02   -0.526130054582512230E+02   -0.690515351937697019E+01    1
    0.149742507934570312E+01   -0.228217542171478271E+00    0.585147857666015625E+00   -0.639742755889892600E+00   -0.336037538714190065E+01   -0.559505317501109403E+02   -0.525901563629690401E+02   -0.691515351937697176E+01    1
    0.146438223123550415E+01   -0.344406902790069580E+00   -0.409173965454101562E-01    0.209504318237304643E+00   -0.336037538714190065E+01   -0.559332157671892602E+02   -0.525728403800473600E+02   -0.692515351937697421E+01    1
    0.958235442638397217E+00   -0.150586009025573730E+00    0.377073764801025391E+00   -0.411438751220703169E+00   -0.336037538714190065E+01   -0.558865828973956624E+02   -0.525262075102537622E+02   -0.693515351937697400E+01    1
   -0.710671126842498779E+00   -0.627189874649047852E-01    0.824545621871948242E-01   -0.779359817504883257E-01   -0.336037538714190065E+01   -0.558701913948714761E+02   -0.525098160077295759E+02   -0.694515351937697556E+01    1
    0.149316143989562988E+01   -0.102698618173599243E+01    0.614936590194702148E+00   -0.106113624572753862E+00   -0.336037538714190065E+01   -0.558152970936004067E+02   -0.524549217064585065E+02   -0.695515351937697623E+01    1
   -0.138271379470825195E+01   -0.372729063034057617E+00    0.142956972122192383E+00    0.550326347351074441E-01   -0.336037538714190065E+01   -0.557813319411771644E+02   -0.524209565540352642E+02   -0.696515351937697869E+01    1
   -0.930266686133358389E+00   -0.517405645408017811E-01   -0.208369808789439781E+00    0.345050165272231979E+00   -0.336037538714190065E+01   -0.557579763538276438E+02   -0.523976009666857436E+02   -0.697515351937697670E+01    1
   -0.125073230266571045E+01    0.307592153549194336E-01    0.538754463195800781E-01   -0.820410728454590288E-01   -0.336037538714190065E+01   -0.557546583113504894E+02   -0.523942829242085892E+02   -0.698515351937697471E+01    1
    0.959549009799957275E+00    0.146737039089202881E+00    0.134596586227416992E+00   -0.318437671661376986E+00   -0.336037538714190065E+01   -0.557500107022927267E+02   -0.523896353151508265E+02   -0.699515351937697627E+01    1
   -0.118828511238098145E+01   -0.215490818023681641E+00    0.285871624946594238E+00    0.262195587158202681E-01   -0.336037538714190065E+01   -0.557167653034425996E+02   -0.523563899163006994E+02   -0.700515351937697339E+01    1
    0.148844915628433228E+01   -0.573436260223388672E+00    0.629988551139831543E+00   -0.425811958312988292E+00   -0.336037538714190065E+01   -0.556353190280185217E+02   -0.522749436408766215E+02   -0.701515351937697229E+01    1
    0.143656013952445161E+01    0.615107140529886909E-01   -0.380635571182128984E+00    0.178797961503139979E+00   -0.336037538714190065E+01   -0.555206540399617055E+02   -0.521602786528198052E+02   -0.702515351937697385E+01    1
   -0.142850893735885620E+01   -0.336106181144714355E+00   -0.264777660369873047E+00    0.689115524291992188E+00   -0.336037538714190065E+01   -0.555143741303139961E+02   -0.521539987431720959E+02   -0.703515351937696920E+01    1
    0.105573034286499023E+01    0.337125062942504883E-01   -0.539288520812988281E-01    0.341310501098632812E-01   -0.336037538714190065E+01   -0.554650577357294168E+02   -0.521046823485875166E+02   -0.704515351937696899E+01    1
   -0.144096958637237549E+01    0.977634787559509277E-01   -0.987702608108520508E-01    0.113766860961914018E+00   -0.336037538714190065E+01   -0.554288340769563632E+02   -0.520684586898144630E+02   -0.705515351937697233E+01    1
   -0.142284536361694336E+01   -0.537556350231170654E+00   -0.350313186645507812E-01    0.599922847747802690E+00   -0.336037538714190065E+01   -0.554210887249409723E+02   -0.520607133377990721E+02   -0.706515351937697300E+01    1
    0.127152997255325317E+01   -0.250922441482543945E-01    0.495992898941040039E-01   -0.909293174743652788E-01   -0.336037538714190065E+01   -0.554069125498058028E+02   -0.520465371626639026E+02   -0.707515351937697190E+01    1
   -0.145679019787355424E+01   -0.253830038788733559E+00    0.196558509493809375E-01    0.234570321944579607E+00   -0.336037538714190065E+01   -0.553701723254007376E+02   -0.520097969382588374E+02   -0.708515351937697524E+01    1
   -0.948734700679779053E+00    0.674963593482971191E-01   -0.628201961517333984E-01    0.727536201477050337E-01   -0.336037538714190065E+01   -0.553526181061096878E+02   -0.519922427189677876E+02   -0.709515351937697947E+01    1
   -0.136625432968139648E+01    0.267015695571899414E-01    0.197195172309875488E+00    0.592780113220214844E-01   -0.336037538714190065E+01   -0.553392482005681714E+02   -0.519788728134262712E+02   -0.710515351937697481E+01    1
   -0.116044897682528525E+01   -0.190443514756930998E+00   -0.778645121535769258E-01    0.305062384830495859E+00   -0.336037538714190065E+01   -0.553376924276422031E+02   -0.519773170405003029E+02   -0.711515351937697194E+01    1
   -0.136998220217653843E+01   -0.275073419349559867E+00    0.172834746865822897E+00   -0.890244154596980808E-01   -0.336037538714190065E+01   -0.553082795804182155E+02   -0.519479041932763153E+02   -0.712515351937697261E+01    1
   -0.123778831958770752E+01    0.535994768142700195E-01   -0.128352642059326172E-02    0.307505607604980469E+00   -0.336037538714190065E+01   -0.553058841533338068E+02   -0.519455087661919066E+02   -0.713515351937696796E+01    1
    0.128315295917780858E+01   -0.988888783264885163E-01   -0.396453675216972279E-01    0.696255848207630867E-01   -0.336037538714190065E+01   -0.552518329795896292E+02   -0.518914575924477290E+02   -0.714515351937696508E+01    1
    0.146128660440444946E+01   -0.405746698379516602E+00   -0.111024379730224609E-01    0.174638557434082076E+00   -0.336037538714190065E+01   -0.552422622497906062E+02   -0.518818868626487060E+02   -0.715515351937696753E+01    1
   -0.105670416355133057E+01    0.116904973983764648E-01   -0.276638984680175781E+00    0.425033950805664196E+00   -0.336037538714190065E+01   -0.552063754082361413E+02   -0.518460000210942411E+02   -0.716515351937696821E+01    1
    0.968565193701415694E+00    0.125395694121898771E+00   -0.109714232454401261E+00    0.755757668791090520E-01   -0.336037538714190065E+01   -0.551546736030891012E+02   -0.517942982159472010E+02   -0.717515351937696444E+01    1
   -0.138306194543838501E+01    0.206593215465545654E+00   -0.570031642913818359E+00    0.675411987304687544E+00   -0.336037538714190065E+01   -0.550641479868703883E+02   -0.517037725997284880E+02   -0.718515351937696511E+01    1
   -0.144215244054794312E+01    0.200302720069885254E+00   -0.340160965919494629E+00    0.391869449615478427E+00   -0.336037538714190065E+01   -0.550611239274230542E+02   -0.517007485402811540E+02   -0.719515351937696845E+01    1
    0.104235271282773745E+01    0.329023932943716568E+00   -0.943416329247612762E-01   -0.242733228756593977E+00   -0.336037538714190065E+01   -0.550458393050929899E+02   -0.516854639179510897E+02   -0.720515351937697446E+01    1
   -0.901178445906262948E+00   -0.889895879788680233E-01    0.373324771692109536E-01    0.544354631292793822E-01   -0.336037538714190065E+01   -0.550407931361608078E+02   -0.516804177490189076E+02   -0.721515351937697869E+01    1
   -0.104911959171295166E+01   -0.299715399742126465E+00    0.989422798156738281E-01   -0.133903503417969194E-01   -0.336037538714190065E+01   -0.550368420645505552E+02   -0.516764666774086550E+02   -0.722515351937697670E+01    1
    0.922679465052540060E+00   -0.433239353457084420E-01   -0.933692455552925793E-02   -0.108100888427942188E-03   -0.336037538714190065E+01   -0.550287094656999258E+02   -0.516683340785580256E+02   -0.723515351937696849E+01    1
   -0.116728251322264542E+01    0.208713991561909840E+00    0.101910192257433696E+00   -0.179072422093296990E+00   -0.336037538714190065E+01   -0.550142225556351647E+02   -0.516538471684932645E+02   -0.724515351937696384E+01    1
   -0.656133903474106495E+00   -0.178973849147013642E+00    0.174480501742684035E+00    0.258282878504689783E-02   -0.336037538714190065E+01   -0.549936816511724018E+02   -0.516333062640305016E+02   -0.725515351937697073E+01    1
   -0.883364216716241546E+00   -0.970117719207312934E-01    0.357421771099189600E+00   -0.110929823672143879E+00   -0.336037538714190065E+01   -0.549208939374113783E+02   -0.515605185502694781E+02   -0.726515351937697051E+01    1
    0.145740258912274978E+01    0.153397121926641455E+00   -0.168819028530103554E+00   -0.314797105670678812E+00   -0.336037538714190065E+01   -0.549101316884955892E+02   -0.515497563013536890E+02   -0.727515351937696853E+01    1
   -0.108630264292483369E+01   -0.487292451903961199E+00    0.138318985041989695E+00    0.394136806883199631E+00   -0.336037538714190065E+01   -0.549003141003207489E+02   -0.515399387131788487E+02   -0.728515351937696742E+01    1
    0.772327244281768799E+00   -0.166407287120819092E+00   -0.214243769645690918E+00    0.216507530212402433E+00   -0.336037538714190065E+01   -0.548885301127811189E+02   -0.515281547256392187E+02   -0.729515351937696988E+01    1
   -0.147675454064894351E+01    0.910771810519799274E-01    0.261725036795615651E+00   -0.239436393881038545E+00   -0.336037538714190065E+01   -0.548050396080378732E+02   -0.514446642208959730E+02   -0.730515351937697766E+01    1
   -0.138490980863571167E+01   -0.110213398933410645E+00    0.104215264320373535E+00   -0.126235008239745650E-01   -0.336037538714190065E+01   -0.548038462286455541E+02   -0.514434708415036539E+02   -0.731515351937697655E+01    1
   -0.989278448084505158E+00    0.731810744706862248E-01    0.160157258840211814E+00   -0.159492643433715720E+00   -0.336037538714190065E+01   -0.547716126312090239E+02   -0.514112372440671237E+02   -0.732515351937697723E+01    1
   -0.773281532889855905E+00    0.255002900863976256E+00   -0.672172778243640412E-01   -0.238997487462427882E-01   -0.336037538714190065E+01   -0.547087160378937156E+02   -0.513483406507518154E+02   -0.733515351937697524E+01    1
    0.951080203056335449E+00   -0.162878215312957764E+00    0.236677050590515137E+00   -0.262517833709716819E+00   -0.336037538714190065E+01   -0.547033141378977348E+02   -0.513429387507558346E+02   -0.734515351937696614E+01    1
    0.128046619892120361E+01    0.464437007904052734E-01   -0.391128659248352051E+00    0.152241134643554710E+00   -0.336037538714190065E+01   -0.546868154835678979E+02   -0.513264400964259977E+02   -0.735515351937696948E+01    1
    0.147655588388442993E+01   -0.230316817760467529E+00   -0.485852599143981934E+00    0.400589370727539196E+00   -0.336037538714190065E+01   -0.546801099302456137E+02   -0.513197345431037135E+02   -0.736515351937697105E+01    1
   -0.955170750617980957E+00    0.369320333003997803E+00   -0.119474053382873535E+00   -0.204434394836425781E-01   -0.336037538714190065E+01   -0.546722356252949169E+02   -0.513118602381530167E+02   -0.737515351937696906E+01    1
    0.145011270046234131E+01    0.843739986419677734E+00   -0.447113037109375000E+00   -0.563209915161132835E+00   -0.336037538714190065E+01   -0.546576158504449197E+02   -0.512972404633030195E+02   -0.738515351937697240E+01    1
    0.104653767344263038E+01   -0.378851449342098245E+00    0.184508616293119987E+00   -0.522058979843282867E-01   -0.336037538714190065E+01   -0.546530632763361481E+02   -0.512926878891942479E+02   -0.739515351937697218E+01    1
    0.119517609011031967E+01    0.349724863502728800E+00   -0.132591062163135653E+00   -0.231966979202568369E+00   -0.336037538714190065E+01   -0.546385707461009957E+02   -0.512781953589590955E+02   -0.740515351937697464E+01    1
    0.135804541028088810E+01   -0.608087687078073258E+00    0.654494888734588054E+00   -0.430219538699449733E+00   -0.336037538714190065E+01   -0.546120997445341345E+02   -0.512517243573922343E+02   -0.741515351937697265E+01    1
   -0.144370612305411350E+01    0.256146895306084810E+00   -0.417084930474540094E+00    0.472505390467568454E+00   -0.336037538714190065E+01   -0.545485188286108169E+02   -0.511881434414689167E+02   -0.742515351937696799E+01    1
    0.144694316447476146E+01   -0.173579804696049500E+00   -0.649873810679108654E+00    0.517011184041998861E+00   -0.336037538714190065E+01   -0.545289813726808674E+02   -0.511686059855389672E+02   -0.743515351937697044E+01    1
    0.138820963086501159E+01    0.742380247701150076E+00   -0.276492986851721967E+00   -0.584832122121353604E+00   -0.336037538714190065E+01   -0.543939773963478075E+02   -0.510336020092059073E+02   -0.744515351937697023E+01    1
    0.124060067896299664E+01   -0.375894115700951215E+00   -0.113108508837916899E-01    0.365450733157457464E-01   -0.336037538714190065E+01   -0.543375741805597059E+02   -0.509771987934178057E+02   -0.745515351937696646E+01    1
   -0.979258001075785200E+00    0.344271782859180142E+00   -0.291088696192290275E+00    0.292539941009402948E+00   -0.336037538714190065E+01   -0.543328599801377550E+02   -0.509724845929958548E+02   -0.746515351937696536E+01    1
   -0.806073188781738281E+00    0.207602262496948242E+00    0.818969011306762695E-01   -0.112272739410400391E+00   -0.336037538714190065E+01   -0.542392253914092706E+02   -0.508788500042673704E+02   -0.747515351937696515E+01    1
    0.971665559556265102E+00   -0.370162777649631236E+00    0.513651602159267640E+00   -0.417777508986606039E+00   -0.336037538714190065E+01   -0.542217268771172840E+02   -0.508613514899753838E+02   -0.748515351937696671E+01    1
    0.937733530998229980E+00   -0.125170290470123291E+00    0.334014773368835449E+00   -0.433347892761230480E+00   -0.336037538714190065E+01   -0.541543840661879656E+02   -0.507940086790460654E+02   -0.749515351937696561E+01    1
    0.133441446282819642E+01   -0.595897770029683027E-01   -0.556790950435315235E-02   -0.570029198242953949E-01   -0.336037538714190065E+01   -0.541290247063487442E+02   -0.507686493192068440E+02   -0.750515351937696362E+01    1
    0.989879429340362549E+00   -0.677066445350646973E-01    0.165347814559936523E+00   -0.263006401062011785E+00   -0.336037538714190065E+01   -0.541170662847200674E+02   -0.507566908975781672E+02   -0.751515351937696874E+01    1
   -0.352551698684692383E+00   -0.495729446411132812E-01    0.297739505767822266E-01    0.253601074218750000E-01   -0.336037538714190065E+01   -0.540800080483649950E+02   -0.507196326612230948E+02   -0.752515351937696853E+01    1
   -0.881393909454345703E+00   -0.419241249561309814E+00    0.201291203498840332E+00    0.293876743316650479E+00   -0.336037538714190065E+01   -0.540644635649559788E+02   -0.507040881778140786E+02   -0.753515351937696742E+01    1
   -0.148377281427383423E+01   -0.400939464569091797E+00   -0.124883532524108887E+00    0.665384960174560502E+00   -0.336037538714190065E+01   -0.540525675718543397E+02   -0.506921921847124395E+02   -0.754515351937696721E+01    1
    0.778549744818124889E+00    0.198094839883531382E+00   -0.491227782390920575E-01   -0.354226799952712890E+00   -0.336037538714190065E+01   -0.540178384679657881E+02   -0.506574630808238879E+02   -0.755515351937696877E+01    1
    0.544364087738952840E+00    0.630065267772774718E-01    0.788195196618208804E-01   -0.214755246882672002E+00   -0.336037538714190065E+01   -0.539539194386357721E+02   -0.505935440514938719E+02   -0.756515351937697211E+01    1
    0.986258835263018607E+00   -0.128186940014051398E+00   -0.545390998487305101E-01   -0.694982923213640635E-01   -0.336037538714190065E+01   -0.539242071289363949E+02   -0.505638317417944947E+02   -0.757515351937696835E+01    1
    0.117643458599459416E+01   -0.323947413420255348E+00    0.235353637058548504E-01    0.643133510548995480E-01   -0.336037538714190065E+01   -0.538718236623672411E+02   -0.505114482752253409E+02   -0.758515351937696991E+01    1
    0.145942039668641055E+01   -0.296702756004746160E+00   -0.184702779836319109E+00    0.185829985882785209E+00   -0.336037538714190065E+01   -0.537779421268502773E+02   -0.504175667397083771E+02   -0.759515351937697325E+01    1
    0.683044737674106894E+00   -0.201189115672968377E-01    0.161863506038149918E+00   -0.280788872889881080E+00   -0.336037538714190065E+01   -0.537737299811299323E+02   -0.504133545939880321E+02   -0.760515351937697126E+01    1
    0.142694485187530518E+01   -0.322628974914550781E+00    0.114969015121459961E+00   -0.238311958312988348E+00   -0.336037538714190065E+01   -0.537730303562641225E+02   -0.504126549691222223E+02   -0.761515351937696572E+01    1
    0.147833132743835449E+01    0.587251424789428711E+00   -0.210936427116394043E+00   -0.482771301269531272E+00   -0.336037538714190065E+01   -0.536905610918684104E+02   -0.503301857047265102E+02   -0.762515351937696639E+01    1
   -0.143442950694966709E+01   -0.500485621445778905E+00    0.980719895663744179E-01    0.506802128247274331E+00   -0.336037538714190065E+01   -0.536390776687140729E+02   -0.502787022815721727E+02   -0.763515351937696973E+01    1
   -0.130873292684555054E+01   -0.252667665481567383E+00    0.172347784042358398E+00   -0.234898567199707253E-01   -0.336037538714190065E+01   -0.536063985325087984E+02   -0.502460231453668982E+02   -0.764515351937696952E+01    1
    0.603560364722133258E+00   -0.268057549501551362E+00    0.347433463930098441E+00   -0.260473512714160083E+00   -0.336037538714190065E+01   -0.536051923368416752E+02   -0.502448169496997750E+02   -0.765515351937697019E+01    1
    0.140133403535703582E+01    0.455774097854608540E+00   -0.610141504427065273E+00   -0.114394453983116984E+00   -0.336037538714190065E+01   -0.535191738685653107E+02   -0.501587984814234105E+02   -0.766515351937697087E+01    1
   -0.134091326073570549E+01    0.908953111135123226E+00   -0.910965735052716385E+00    0.458024069866122874E+00   -0.336037538714190065E+01   -0.535175101694103574E+02   -0.501571347822684572E+02   -0.767515351937697066E+01    1
   -0.139573019742965698E+01    0.970965206623077393E+00   -0.904592156410217285E+00    0.415853023529052734E+00   -0.336037538714190065E+01   -0.535023807952337975E+02   -0.501420054080918973E+02   -0.768515351937697044E+01    1
    0.121644437313079834E+01    0.511547327041625977E-01   -0.245590925216674805E+00    0.345138549804687722E-01   -0.336037538714190065E+01   -0.534998091870926373E+02   -0.501394337999507371E+02   -0.769515351937697201E+01    1
   -0.100584948062896729E+01   -0.537884473800659180E+00    0.233457922935485840E+00    0.423987388610839844E+00   -0.336037538714190065E+01   -0.534974859571155079E+02   -0.501371105699736077E+02   -0.770515351937697446E+01    1
    0.137842076305931105E+01   -0.301340877097223014E+00   -0.388183913766562139E-01    0.930695631256488465E-01   -0.336037538714190065E+01   -0.534862013249673112E+02   -0.501258259378254110E+02   -0.771515351937697069E+01    1
   -0.884427025471159922E+00   -0.165237821964508091E+00    0.147525316471411205E+00   -0.376938774194500725E-01   -0.336037538714190065E+01   -0.534469367936923732E+02   -0.500865614065504730E+02   -0.772515351937696959E+01    1
    0.139870381430537183E+01   -0.850455365909070782E-01   -0.155939809395868823E+00    0.117474805520881964E+00   -0.336037538714190065E+01   -0.534288045608348554E+02   -0.500684291736929552E+02   -0.773515351937697382E+01    1
   -0.100514101982116699E+01    0.596848726272583008E-01    0.929549932479858398E-01    0.745141029357909712E-01   -0.336037538714190065E+01   -0.533980657862994974E+02   -0.500376903991575972E+02   -0.774515351937697538E+01    1
    0.739559143387780615E+00   -0.122772611669258680E+00    0.197751779042207865E+00   -0.254059189821960185E+00   -0.336037538714190065E+01   -0.533311154560132508E+02   -0.499707400688713506E+02   -0.775515351937697517E+01    1
   -0.983682241825531656E+00   -0.318969895517822399E+00    0.202088417491648187E-01    0.388821610948578478E+00   -0.336037538714190065E+01   -0.533294785551740844E+02   -0.499691031680321842E+02   -0.776515351937697407E+01    1
    0.149725109338760376E+01    0.745788216590881348E+00   -0.724757671356201172E+00   -0.474689292907714888E+00   -0.336037538714190065E+01   -0.532985795848461095E+02   -0.499382041977042093E+02   -0.777515351937697297E+01    1
   -0.142772054672241211E+01    0.133721351623535156E+00    0.540494441986083984E+00   -0.344099044799804688E+00   -0.336037538714190065E+01   -0.532867502446311576E+02   -0.499263748574892574E+02   -0.778515351937696565E+01    1
   -0.114343875646591187E+01    0.240695536136627197E+00    0.125823020935058594E-01   -0.450669288635253684E-01   -0.336037538714190065E+01   -0.532836271014766538E+02   -0.499232517143347536E+02   -0.779515351937696011E+01    1
    0.132692066772550366E+01   -0.230939437395227820E-01    0.336006965742685848E+00   -0.614151912674824718E+00   -0.336037538714190065E+01   -0.532707427412949812E+02   -0.499103673541530810E+02   -0.780515351937696522E+01    1
    0.124195121987493495E+01   -0.155596041202504365E+00   -0.214270381601414872E+00    0.166490750077352923E+00   -0.336037538714190065E+01   -0.532122562933482968E+02   -0.498518809062063966E+02   -0.781515351937697123E+01    1
   -0.108464938402175903E+01    0.907230377197265625E-02    0.163042306900024414E+00   -0.988383293151855469E-01   -0.336037538714190065E+01   -0.531261965504067390E+02   -0.497658211632648388E+02   -0.782515351937697279E+01    1
    0.137717038393020630E+01    0.217434167861938477E+00    0.189465880393981934E+00   -0.633437728881836026E+00   -0.336037538714190065E+01   -0.531192079732792664E+02   -0.497588325861373661E+02   -0.783515351937697524E+01    1
    0.136150199174880981E+01   -0.485188186168670654E+00    0.113377571105957031E+00    0.192276000976562278E-01   -0.336037538714190065E+01   -0.530790705521278028E+02   -0.497186951649859026E+02   -0.784515351937695993E+01    1
   -0.518714368343353271E+00    0.314594507217407227E-01    0.128236532211303711E+00   -0.784363746643066406E-01   -0.336037538714190065E+01   -0.530431936207958259E+02   -0.496828182336539257E+02   -0.785515351937696593E+01    1
    0.141108389974972770E+01    0.198326083209449777E+00    0.263728847748541995E+00   -0.742092828979080021E+00   -0.336037538714190065E+01   -0.529997317764131921E+02   -0.496393563892712919E+02   -0.786515351937697016E+01    1
    0.423539437169768496E+00   -0.208094264891676151E-01   -0.766215043058229295E-01    0.327325344043266631E-01   -0.336037538714190065E+01   -0.529735686103906573E+02   -0.496131932232487571E+02   -0.787515351937697172E+01    1
   -0.767496228218078613E+00    0.379143476486206055E+00   -0.187336325645446777E+00    0.465421676635742188E-01   -0.336037538714190065E+01   -0.529458277097032877E+02   -0.495854523225613875E+02   -0.788515351937697417E+01    1
    0.807673483987201291E+00    0.256285750293823389E+00   -0.127715641277296621E+00   -0.186089751241213297E+00   -0.336037538714190065E+01   -0.529311522579838325E+02   -0.495707768708419323E+02   -0.789515351937696952E+01    1
    0.109267753828518233E+01    0.137629708044394672E+00    0.218448276620309301E+00   -0.585756424223547012E+00   -0.336037538714190065E+01   -0.529048631557567717E+02   -0.495444877686148715E+02   -0.790515351937697019E+01    1
    0.146438795328140259E+01   -0.983160316944122314E+00    0.944069862365722656E+00   -0.521207141876220748E+00   -0.336037538714190065E+01   -0.528746258725306433E+02   -0.495142504853887431E+02   -0.791515351937696643E+01    1
    0.127342890768114625E+01    0.397313083843469972E+00   -0.192896098600209287E+00   -0.298366313743054556E+00   -0.336037538714190065E+01   -0.528647286580462108E+02   -0.495043532709043106E+02   -0.792515351937696444E+01    1
   -0.550664581974733336E+00    0.361057951213998862E-01   -0.118660485812911110E+00    0.210904376297225138E+00   -0.336037538714190065E+01   -0.527411042895375104E+02   -0.493807289023956102E+02   -0.793515351937696778E+01    1
    0.110860619318905718E+01   -0.403897167226014986E-01   -0.147841980582156252E+00   -0.171939040073365579E-01   -0.336037538714190065E+01   -0.527241104433694758E+02   -0.493637350562275756E+02   -0.794515351937696490E+01    1
    0.114709112999255769E+01    0.870085951359933496E-01    0.100275290630207792E+00   -0.372718077704706774E+00   -0.336037538714190065E+01   -0.526682048122664455E+02   -0.493078294251245453E+02   -0.795515351937696735E+01    1
   -0.134556735962161511E+01    0.777216189276288549E-01   -0.422149569919734513E+00    0.703746962511028418E+00   -0.336037538714190065E+01   -0.526500428304599879E+02   -0.492896674433180877E+02   -0.796515351937696447E+01    1
   -0.106598907709121704E+01   -0.558283388614654541E+00    0.110991954803466797E+00    0.582033157348632590E-01   -0.336037538714190065E+01   -0.526175397565651153E+02   -0.492571643694232151E+02   -0.797515351937695893E+01    1
   -0.115500239914758507E+01    0.282435153382152748E+00    0.421558201754614892E-01   -0.525916544674329689E-01   -0.336037538714190065E+01   -0.526111387589756276E+02   -0.492507633718337274E+02   -0.798515351937696582E+01    1
    0.137238902451951406E+01    0.371428699450476518E+00   -0.337991346223199596E+00   -0.258833497725905359E+00   -0.336037538714190065E+01   -0.525967642370498609E+02   -0.492363888499079607E+02   -0.799515351937696650E+01    1
    0.106977340139006305E+01   -0.519696958336628434E-01   -0.174586494520271418E+00    0.672505421639042478E-01   -0.336037538714190065E+01   -0.525931363892865065E+02   -0.492327610021446063E+02   -0.800515351937696096E+01    1
    0.141771672928067538E+01    0.446821134488312843E+00   -0.114911987283187189E+00   -0.476591107519480917E+00   -0.336037538714190065E+01   -0.525699252985448098E+02   -0.492095499114029096E+02   -0.801515351937696785E+01    1
    0.138020150749296455E+01    0.103025046247319896E+00    0.212486906088040550E+00   -0.593827139829691375E+00   -0.336037538714190065E+01   -0.525585657251431329E+02   -0.491981903380012326E+02   -0.802515351937697652E+01    1
   -0.889017015484708462E+00   -0.408236779983009779E+00    0.136658394660148286E+00    0.708019489431522819E-01   -0.336037538714190065E+01   -0.525492552536254536E+02   -0.491888798664835534E+02   -0.803515351937696920E+01    1
    0.136811187326755235E+01    0.293370973114695843E+00   -0.523347040612003211E+00   -0.347844411453680502E-01   -0.336037538714190065E+01   -0.525456498798693232E+02   -0.491852744927274230E+02   -0.804515351937696543E+01    1
   -0.127086496353149414E+01    0.193217396736145020E-01    0.170144319534301758E+00   -0.702886581420898438E-01   -0.336037538714190065E+01   -0.525205716984218398E+02   -0.491601963112799396E+02   -0.805515351937697233E+01    1
    0.126726472377777100E+01    0.300810813903808594E+00   -0.296775341033935547E+00   -0.188336467742919900E+00   -0.336037538714190065E+01   -0.524932619035000485E+02   -0.491328865163581483E+02   -0.806515351937697034E+01    1
    0.451594175448371438E+00    0.266894114000049143E-02   -0.196634134449314546E+00    0.690113937045259140E-01   -0.336037538714190065E+01   -0.524839773571734369E+02   -0.491236019700315367E+02   -0.807515351937696657E+01    1
    0.120862552212142749E+01   -0.243310451328491162E+00    0.126255282243504796E+00   -0.154492405189405768E+00   -0.336037538714190065E+01   -0.524503807449792632E+02   -0.490900053578373630E+02   -0.808515351937696636E+01    1
    0.140891519981308422E+01    0.552474419340756917E+00   -0.388578835958869329E+00   -0.246700094772826062E+00   -0.336037538714190065E+01   -0.524491248230774545E+02   -0.490887494359355543E+02   -0.809515351937696259E+01    1
   -0.975882053375244141E+00    0.504273176193237305E-01   -0.184047222137451172E-02    0.100133991241455056E+00   -0.336037538714190065E+01   -0.524334471739081280E+02   -0.490730717867662278E+02   -0.810515351937696593E+01    1
    0.139289319829098890E+01   -0.322253465175328380E-01   -0.141220185917181329E-01   -0.149771263283085210E+00   -0.336037538714190065E+01   -0.524287275000071773E+02   -0.490683521128652771E+02   -0.811515351937696572E+01    1
   -0.680669633183789036E+00   -0.223855290121421469E+00    0.872075745550220383E-01    0.291975657265014288E+00   -0.336037538714190065E+01   -0.524071935954237915E+02   -0.490468182082818913E+02   -0.812515351937696728E+01    1
    0.126433769132411467E+01    0.157994599734361918E+00    0.139860783914274700E+00   -0.527821629803620684E+00   -0.336037538714190065E+01   -0.524011400159601592E+02   -0.490407646288182590E+02   -0.813515351937696707E+01    1
   -0.143289323752656372E+01   -0.222966014611593710E+00    0.104869755981640056E+00    0.448887438084158763E+00   -0.336037538714190065E+01   -0.524008884807841895E+02   -0.490405130936422893E+02   -0.814515351937696508E+01    1
    0.818572338469782501E+00   -0.210377565879019901E+00    0.106952023760658710E+00   -0.978297659646967244E-01   -0.336037538714190065E+01   -0.523824574931664486E+02   -0.490220821060245484E+02   -0.815515351937696664E+01    1
    0.123796159101307213E+01   -0.540625581101124464E+00    0.284385588429699965E+00   -0.116021926800447317E+00   -0.336037538714190065E+01   -0.523810075417393435E+02   -0.490206321545974433E+02   -0.816515351937696643E+01    1
    0.130774537417542769E+01    0.560413509564889445E+00   -0.203816872380759628E+00   -0.668548697677405324E+00   -0.336037538714190065E+01   -0.523699647391993821E+02   -0.490095893520574819E+02   -0.817515351937696622E+01    1
   -0.986765539298385397E+00   -0.100341377252155528E-01   -0.644402639424647150E-01    0.243228448975516098E+00   -0.336037538714190065E+01   -0.523326404502674762E+02   -0.489722650631255760E+02   -0.818515351937696600E+01    1
   -0.146806282334387794E+01   -0.321952655838380952E+00    0.210289297946806286E+00    0.211073395461099045E+00   -0.336037538714190065E+01   -0.522846818808904956E+02   -0.489243064937485954E+02   -0.819515351937696224E+01    1
    0.104829401180058568E+01   -0.155061919949468496E-01    0.149787129137517239E+00   -0.357769743769748072E+00   -0.336037538714190065E+01   -0.522825761718890760E+02   -0.489222007847471758E+02   -0.820515351937696558E+01    1
    0.106510481104996479E+01    0.185498096183403183E+00   -0.574983193540081761E-01   -0.243232908483370980E+00   -0.336037538714190065E+01   -0.522384214301317300E+02   -0.488780460429898298E+02   -0.821515351937696714E+01    1
   -0.927287959498058534E+00   -0.432924033938019814E+00    0.387201690357995787E+00    0.286830725221713490E+00   -0.336037538714190065E+01   -0.522285338585092092E+02   -0.488681584713673089E+02   -0.822515351937696693E+01    1
   -0.127815226051848230E+01   -0.268083590008885819E+00    0.199981000022086075E+00    0.134556274890510030E+00   -0.336037538714190065E+01   -0.522125119740533634E+02   -0.488521365869114632E+02   -0.823515351937696671E+01    1
    0.910639107227325439E+00    0.162156164646148682E+00    0.661072731018066406E-01   -0.381361198425292980E+00   -0.336037538714190065E+01   -0.522054158114685762E+02   -0.488450404243266760E+02   -0.824515351937696295E+01    1
    0.486921787261962891E+00   -0.938766002655029297E-01    0.912320613861083984E-02   -0.173599243164062056E-01   -0.336037538714190065E+01   -0.521998795501471164E+02   -0.488395041630052162E+02   -0.825515351937696096E+01    1
    0.147304842359194588E+01    0.128009955896015493E+00   -0.189041750063944081E+00   -0.371732574109733260E-01   -0.336037538714190065E+01   -0.521992333961303601E+02   -0.488388580089884599E+02   -0.826515351937696252E+01    1
    0.888160765171051025E+00    0.211014747619628906E+00   -0.342967510223388672E-01   -0.283224296569824285E+00   -0.336037538714190065E+01   -0.521858905696756850E+02   -0.488255151825337848E+02   -0.827515351937696408E+01    1
   -0.142222354488878588E+01    0.534352021707649616E+00   -0.311465707620332211E+00    0.187313710712608161E+00   -0.336037538714190065E+01   -0.521718362949860293E+02   -0.488114609078441291E+02   -0.828515351937696565E+01    1
    0.144345666390586969E+01   -0.565865059907794121E+00    0.470858446277496956E+00   -0.338601217261293996E+00   -0.336037538714190065E+01   -0.521395769130985087E+02   -0.487792015259566085E+02   -0.829515351937696543E+01    1
    0.122887174398399512E+01    0.798964337334797658E-01    0.349300620161847597E-01   -0.458900650798673260E+00   -0.336037538714190065E+01   -0.521091502817190815E+02   -0.487487748945771813E+02   -0.830515351937696344E+01    1
   -0.121394890914887599E+01   -0.420371513684552278E+00    0.603095957913712954E-01    0.520457436128123119E+00   -0.336037538714190065E+01   -0.520938042641721069E+02   -0.487334288770302066E+02   -0.831515351937696146E+01    1
   -0.102679771184921265E+01   -0.488057613372802734E+00    0.387553811073303223E+00    0.358075046539306552E+00   -0.336037538714190065E+01   -0.520925016754852450E+02   -0.487321262883433448E+02   -0.832515351937696302E+01    1
    0.144668648040818759E+01   -0.349703927886256372E+00    0.713442056862343410E-01   -0.627849567609395365E-01   -0.336037538714190065E+01   -0.520763101034205889E+02   -0.487159347162786887E+02   -0.833515351937696813E+01    1
    0.132563365199561289E+01    0.209940935635050785E+00   -0.237955716064481404E+00   -0.181297284789634250E+00   -0.336037538714190065E+01   -0.520616324232529308E+02   -0.487012570361110306E+02   -0.834515351937696437E+01    1
   -0.122119175824272608E+01   -0.977636916052500027E-01    0.269121708315295916E+00   -0.721147936701924674E-01   -0.336037538714190065E+01   -0.520268956330048766E+02   -0.486665202458629764E+02   -0.835515351937696593E+01    1
    0.125430715084075928E+01    0.487168192863464355E+00   -0.193111300468444824E+00   -0.447594261169433627E+00   -0.336037538714190065E+01   -0.520264246576118836E+02   -0.486660492704699834E+02   -0.836515351937696927E+01    1
    0.126460307836532593E+01    0.323068499565124512E+00   -0.237132549285888672E+00   -0.143012809753418013E+00   -0.336037538714190065E+01   -0.519994046357327235E+02   -0.486390292485908233E+02   -0.837515351937696906E+01    1
    0.143638112277173846E+01   -0.196598900396279364E+00    0.428366011784677703E-01   -0.245466934287137395E+00   -0.336037538714190065E+01   -0.519774179192277543E+02   -0.486170425320858541E+02   -0.838515351937696174E+01    1
   -0.143622036260690322E+01    0.386086436828514845E+00   -0.429046611126326916E-01    0.461093342839118403E-01   -0.336037538714190065E+01   -0.519717844965515496E+02   -0.486114091094096494E+02   -0.839515351937695975E+01    1
   -0.138656732073966471E+01    0.562033688944151955E+00   -0.562218959927171635E+00    0.431034270760324967E+00   -0.336037538714190065E+01   -0.519686289009059266E+02   -0.486082535137640264E+02   -0.840515351937696487E+01    1
    0.148776608705520630E+01    0.461140215396881104E+00   -0.658652424812316895E+00   -0.143304157257080123E+00   -0.336037538714190065E+01   -0.519363200651939323E+02   -0.485759446780520321E+02   -0.841515351937696821E+01    1
    0.116170962379608866E+01   -0.213538189506938814E+00    0.395504845189876830E+00   -0.587918821240093536E+00   -0.336037538714190065E+01   -0.519352739017543357E+02   -0.485748985146124355E+02   -0.842515351937696266E+01    1
    0.134701621482007194E+01    0.307576339277974453E+00    0.112794918858668547E+00   -0.673419449456426289E+00   -0.336037538714190065E+01   -0.519294106713509009E+02   -0.485690352842090007E+02   -0.843515351937695534E+01    1
    0.628105663131410807E+00    0.239357223557024490E+00   -0.305796059458491865E-01   -0.299629447543760863E+00   -0.336037538714190065E+01   -0.519130368121654158E+02   -0.485526614250235156E+02   -0.844515351937695691E+01    1
    0.124149637211269370E+01    0.751564670465363349E-01   -0.520086032072297755E-02   -0.254416943965555364E+00   -0.336037538714190065E+01   -0.518936011012013836E+02   -0.485332257140594834E+02   -0.845515351937696202E+01    1
   -0.147626888751983643E+01   -0.193647623062133789E+00    0.638293743133544922E+00   -0.100874519348144509E+00   -0.336037538714190065E+01   -0.518887770802843278E+02   -0.485284016931424276E+02   -0.846515351937696536E+01    1
    0.780282915527445553E+00    0.112927289831299626E+00   -0.340165693325893415E+00    0.592690304048859584E-02   -0.336037538714190065E+01   -0.518835843813594693E+02   -0.485232089942175691E+02   -0.847515351937696160E+01    1
    0.136997185748532013E+01    0.220445516781229811E+00   -0.259282398500057631E+00   -0.154767339873559728E+00   -0.336037538714190065E+01   -0.518825740423587902E+02   -0.485221986552168900E+02   -0.848515351937696316E+01    1
    0.971779978318663584E+00    0.263119695298894563E-01   -0.388916387336616598E+00    0.955028683393772670E-01   -0.336037538714190065E+01   -0.518798853607429109E+02   -0.485195099736010107E+02   -0.849515351937696295E+01    1
    0.102030408382415771E+01   -0.381085395812988281E+00    0.230495691299438477E+00   -0.188733768463134721E+00   -0.336037538714190065E+01   -0.518711599299181785E+02   -0.485107845427762783E+02   -0.850515351937696629E+01    1
   -0.843409108096315308E+00    0.248440541000880311E+00   -0.135077580765758376E+00    0.115167662551689531E+00   -0.336037538714190065E+01   -0.518665387211533684E+02   -0.485061633340114682E+02   -0.851515351937696785E+01    1
    0.986170672781918167E+00    0.187033423405633892E+00   -0.870527206761679828E-01   -0.207715004454488872E+00   -0.336037538714190065E+01   -0.518607858863948010E+02   -0.485004104992529008E+02   -0.852515351937696408E+01    1
   -0.129024499654769897E+01    0.760592222213745117E-01   -0.444035530090332031E-01    0.209300613403320401E+00   -0.336037538714190065E+01   -0.518508581553723431E+02   -0.484904827682304429E+02   -0.853515351937696032E+01    1
   -0.146352117443668384E+01   -0.806394277068972376E+00    0.499024280200974557E+00    0.589922766161814494E+00   -0.336037538714190065E+01   -0.518497498926674965E+02   -0.484893745055255962E+02   -0.854515351937695655E+01    1
   -0.746617012180835093E+00   -0.129267340339559222E+00    0.149296599542510400E+00    0.226017726339626801E-01   -0.336037538714190065E+01   -0.518261182868164312E+02   -0.484657428996745310E+02   -0.855515351937696344E+01    1
   -0.138578916273533714E+01    0.774077464217448608E-02    0.467146889247664454E+00   -0.162577519207714571E+00   -0.336037538714190065E+01   -0.518141831361427521E+02   -0.484538077490008519E+02   -0.856515351937696323E+01    1
    0.109932446479797363E+01    0.131093144416809082E+00   -0.167260169982910156E+00   -0.339713096618652344E-01   -0.336037538714190065E+01   -0.517910497566108035E+02   -0.484306743694689033E+02   -0.857515351937696124E+01    1
   -0.876476347446441650E+00    0.341710031032562256E+00   -0.423345923423767090E+00    0.360478210449218794E+00   -0.336037538714190065E+01   -0.517892183896958258E+02   -0.484288430025539256E+02   -0.858515351937696103E+01    1
    0.945388112966086158E+00   -0.195314602883153388E+00    0.549831332878816248E-01   -0.809850948889387912E-01   -0.336037538714190065E+01   -0.517812974632356244E+02   -0.484209220760937242E+02   -0.859515351937696259E+01    1
   -0.138126844167709351E+01    0.427217960357666016E+00   -0.356281876564025879E+00    0.328373050689697354E+00   -0.336037538714190065E+01   -0.517708192009151134E+02   -0.484104438137732132E+02   -0.860515351937696771E+01    1
   -0.135884620903244446E+01    0.537889850706172012E+00   -0.666369130995857928E+00    0.562664868267736207E+00   -0.336037538714190065E+01   -0.517575209780549983E+02   -0.483971455909130981E+02   -0.861515351937696039E+01    1
    0.118934091970210787E+01    0.237581706154917693E+00   -0.108585862514336551E+00   -0.384131158377942261E+00   -0.336037538714190065E+01   -0.517312355551622787E+02   -0.483708601680203785E+02   -0.862515351937695662E+01    1
    0.138975817086784703E+01   -0.239051302948286581E+00   -0.409805919117873785E-01   -0.309353457908783103E-01   -0.336037538714190065E+01   -0.517306489229991229E+02   -0.483702735358572227E+02   -0.863515351937696352E+01    1
   -0.127339980874369862E+01    0.429593666335790214E-01   -0.242117552422568494E+00    0.619271408223794451E+00   -0.336037538714190065E+01   -0.517132089282341525E+02   -0.483528335410922523E+02   -0.864515351937696508E+01    1
    0.776796393939379826E+00    0.139061791613718455E+00   -0.191265473610126024E+00    0.136860367312419129E-01   -0.336037538714190065E+01   -0.517047155553025064E+02   -0.483443401681606062E+02   -0.865515351937695954E+01    1
    0.567606443775479086E+00   -0.165186611302836628E-01   -0.437628236846347995E-01   -0.576193838591397833E-01   -0.336037538714190065E+01   -0.517033390903967387E+02   -0.483429637032548385E+02   -0.866515351937696288E+01    1
    0.132441329956054688E+01    0.183244228363037109E+00   -0.599150180816650391E+00    0.102536392211914018E+00   -0.336037538714190065E+01   -0.516580989380241320E+02   -0.482977235508822318E+02   -0.867515351937696266E+01    1
    0.131082899245010509E+01    0.532222919493688273E+00   -0.280711449658070267E+00   -0.532191281287572648E+00   -0.336037538714190065E+01   -0.516531781834323596E+02   -0.482928027962904594E+02   -0.868515351937696423E+01    1
    0.125104210987870168E+01   -0.791275668731233450E+00    0.721785156196348643E+00   -0.396501691836192216E+00   -0.336037538714190065E+01   -0.516405736842051795E+02   -0.482801982970632793E+02   -0.869515351937696934E+01    1
   -0.134857309981988727E+01    0.258615827817989086E+00   -0.119050786125853625E+00    0.260536447043440145E+00   -0.336037538714190065E+01   -0.516304608480106637E+02   -0.482700854608687635E+02   -0.870515351937696735E+01    1
   -0.147461046726173195E+01   -0.250982652905064274E+00    0.993245374704667672E-01    0.338553070623039742E+00   -0.336037538714190065E+01   -0.516235291298700290E+02   -0.482631537427281287E+02   -0.871515351937696181E+01    1
   -0.115630192397157838E+01    0.294955306457609812E+00   -0.431034686144910806E+00    0.538558283564598339E+00   -0.336037538714190065E+01   -0.516195426214811519E+02   -0.482591672343392517E+02   -0.872515351937695982E+01    1
    0.676347303983979131E+00    0.169010918166770052E+00    0.256023908735691919E-02   -0.281266652713207388E+00   -0.336037538714190065E+01   -0.516056917493567155E+02   -0.482453163622148153E+02   -0.873515351937696316E+01    1
    0.907659083861526828E+00    0.151969663918076758E-01    0.389500114321992275E-01   -0.306381256766689369E+00   -0.336037538714190065E+01   -0.516027536212095939E+02   -0.482423782340676937E+02   -0.874515351937695762E+01    1
    0.143019042624679793E+01   -0.204244010799468523E+00    0.193254080067071232E+00   -0.342281010152612475E+00   -0.336037538714190065E+01   -0.515942435174046210E+02   -0.482338681302627208E+02   -0.875515351937695741E+01    1
    0.147624044295917134E+01   -0.167532780670176518E+00    0.427784389077461302E-01   -0.275068621499498400E+00   -0.336037538714190065E+01   -0.515876425756166910E+02   -0.482272671884747908E+02   -0.876515351937696252E+01    1
   -0.145268738855366752E+01   -0.196277698356176256E+00    0.617322049949896812E+00   -0.714231987869475837E-01   -0.336037538714190065E+01   -0.515846325072974352E+02   -0.482242571201555350E+02   -0.877515351937696231E+01    1
    0.119548385811335178E+01    0.736899092096567898E-01   -0.184605187276503213E+00   -0.327058425702170252E-01   -0.336037538714190065E+01   -0.515838222956080443E+02   -0.482234469084661441E+02   -0.878515351937696209E+01    1
    0.121606546646236779E+01    0.247886823706158665E+00    0.735633366424162105E-01   -0.553751447137075581E+00   -0.336037538714190065E+01   -0.515703679980743956E+02   -0.482099926109324954E+02   -0.879515351937696188E+01    1
   -0.126567530538057982E+01    0.892641007442245282E-01   -0.174920720197350166E-01    0.172288446957643004E+00   -0.336037538714190065E+01   -0.515565807838224544E+02   -0.481962053966805541E+02   -0.880515351937695812E+01    1
    0.115217876444557277E+01   -0.876995913742941724E-01    0.605018379166200049E-02   -0.139462543112879644E+00   -0.336037538714190065E+01   -0.515448986543359879E+02   -0.481845232671940877E+02   -0.881515351937695790E+01    1
   -0.137564864343902049E+01   -0.374579842765383919E+00    0.274535445434226588E+00    0.213561858592180576E+00   -0.336037538714190065E+01   -0.515321202477571276E+02   -0.481717448606152274E+02   -0.882515351937695769E+01    1
   -0.112560467925994834E+01   -0.507417054362187203E+00    0.322111809468246024E+00    0.363732455700115809E+00   -0.336037538714190065E+01   -0.515259293212317360E+02   -0.481655539340898358E+02   -0.883515351937695925E+01    1
    0.132949010286302416E+01   -0.268652072467471026E+00    0.255807124699629629E-01   -0.812864116649343327E-01   -0.336037538714190065E+01   -0.514830064287939067E+02   -0.481226310416520064E+02   -0.884515351937695904E+01    1
   -0.129828679561614990E+01   -0.279177188873291016E+00    0.603273510932922363E+00   -0.154924392700195312E-01   -0.336037538714190065E+01   -0.514785757603866614E+02   -0.481182003732447612E+02   -0.885515351937696238E+01    1
    0.127999545696710681E+01    0.293490629662012781E+00   -0.284434157316846514E+00   -0.131963729831646726E+00   -0.336037538714190065E+01   -0.514715787079509184E+02   -0.481112033208090182E+02   -0.886515351937696394E+01    1
   -0.118060781166357476E+01   -0.146817276494704885E+00    0.204455767655397969E+00    0.814511791996416212E-01   -0.336037538714190065E+01   -0.514452930195427456E+02   -0.480849176324008454E+02   -0.887515351937696018E+01    1
   -0.131483675655991350E+01   -0.281170017782016224E+00    0.203935140325576914E+00    0.207587179773473629E+00   -0.336037538714190065E+01   -0.514306524904779820E+02   -0.480702771033360818E+02   -0.888515351937696174E+01    1
   -0.113636466151434501E+01    0.236448438572871122E+00   -0.311774705673111274E-01    0.890133708354067243E-01   -0.336037538714190065E+01   -0.514299862614618348E+02   -0.480696108743199346E+02   -0.889515351937696330E+01    1
    0.699552403552120339E+00    0.765841326959701973E-01   -0.459501960915882357E-01   -0.126579588241758967E+00   -0.336037538714190065E+01   -0.514194743215452235E+02   -0.480590989344033233E+02   -0.890515351937696309E+01    1
   -0.843339560525876997E+00   -0.170073560524448553E+00    0.162332466456174274E+00    0.447227799617699873E-01   -0.336037538714190065E+01   -0.514161603013323685E+02   -0.480557849141904683E+02   -0.891515351937696288E+01    1
   -0.131427055337779009E+01   -0.614861720989427152E+00    0.515664751840041236E+00    0.348985813637234354E+00   -0.336037538714190065E+01   -0.514160685304392757E+02   -0.480556931432973755E+02   -0.892515351937696089E+01    1
   -0.128158287287545236E+01    0.545629632582780300E+00   -0.706913507937408925E+00    0.583760320289812951E+00   -0.336037538714190065E+01   -0.514138752716865781E+02   -0.480534998845446779E+02   -0.893515351937696423E+01    1
    0.720357339243754780E+00   -0.205116710534747337E-01    0.118181179506716694E+00   -0.281812175838557111E+00   -0.336037538714190065E+01   -0.514015262724011706E+02   -0.480411508852592704E+02   -0.894515351937696579E+01    1
    0.105084130246557717E+01    0.490799126049838996E+00   -0.334044432036545214E+00   -0.145602891789545663E+00   -0.336037538714190065E+01   -0.513928593739900563E+02   -0.480324839868481561E+02   -0.895515351937696202E+01    1
    0.105783771320276054E+01   -0.190231179370104142E+00    0.128061930721122152E+00   -0.207285035474614299E+00   -0.336037538714190065E+01   -0.513900497157194067E+02   -0.480296743285775065E+02   -0.896515351937696181E+01    1
   -0.108531153202056885E+01   -0.354185700416564941E-01    0.915638208389282227E-01    0.992465972900390403E-01   -0.336037538714190065E+01   -0.513843261592071414E+02   -0.480239507720652412E+02   -0.897515351937695982E+01    1
    0.146820438570505907E+01   -0.160083603862299029E+00    0.567840077013002098E-01   -0.215741393684378946E+00   -0.336037538714190065E+01   -0.513808963667064305E+02   -0.480205209795645303E+02   -0.898515351937695428E+01    1
    0.786582617389084859E+00    0.425863977566493634E+00   -0.236710100358400677E+00   -0.341241596653346413E+00   -0.336037538714190065E+01   -0.513800172220402587E+02   -0.480196418348983585E+02   -0.899515351937695407E+01    1
    0.112268081973249645E+01   -0.842213007211052300E-01    0.339772028634688361E-01   -0.248841361525550586E+00   -0.336037538714190065E+01   -0.513681039381667475E+02   -0.480077285510248473E+02   -0.900515351937695741E+01    1
    0.964071012552844664E+00    0.275393209065581512E+00   -0.504641864401245144E-02   -0.436768168408602053E+00   -0.336037538714190065E+01   -0.513650862052034896E+02   -0.480047108180615894E+02   -0.901515351937696252E+01    1
    0.106382371564765776E+01   -0.183597992801889820E+00    0.388866100174095397E+00   -0.534751974269532249E+00   -0.336037538714190065E+01   -0.513499870326031669E+02   -0.479896116454612667E+02   -0.902515351937696408E+01    1
    0.143043507716767548E+01    0.231029891970276235E+00   -0.886592244526807072E-01   -0.347454301641453966E+00   -0.336037538714190065E+01   -0.513034779340405791E+02   -0.479431025468986789E+02   -0.903515351937696032E+01    1
    0.130911708835475560E+01   -0.264328543411540551E+00    0.488410150965048473E-01   -0.120980163656186690E+00   -0.336037538714190065E+01   -0.512993464490916722E+02   -0.479389710619497720E+02   -0.904515351937695833E+01    1
    0.108627972588210886E+01    0.527209250741655922E-02   -0.786292878152530239E-01   -0.100955626483676175E+00   -0.336037538714190065E+01   -0.512962373181980027E+02   -0.479358619310561025E+02   -0.905515351937695989E+01    1
    0.127956220486533701E+01    0.563040748088954324E+00   -0.383404000985155813E+00   -0.456511153215585053E+00   -0.336037538714190065E+01   -0.512937687183218571E+02   -0.479333933311799569E+02   -0.906515351937695790E+01    1
    0.856244808554173620E+00   -0.268862683002186742E-01   -0.534434899030820088E-01   -0.917381666993938305E-01   -0.336037538714190065E+01   -0.512826113343917598E+02   -0.479222359472498596E+02   -0.907515351937695591E+01    1
    0.104497235593506810E+01    0.404330431422450731E+00   -0.323796628321312285E+00   -0.175265287869591391E+00   -0.336037538714190065E+01   -0.512711815407102804E+02   -0.479108061535683802E+02   -0.908515351937695925E+01    1
   -0.142129321785256613E+01    0.143073608403502028E+00    0.369133139004473865E-01    0.125523063943305813E+00   -0.336037538714190065E+01   -0.512649145706636062E+02   -0.479045391835217060E+02   -0.909515351937696437E+01    1
    0.105432765891980962E+01   -0.234274686755653327E+00    0.794029732712586700E-01   -0.120976538046623783E+00   -0.336037538714190065E+01   -0.512549206913597217E+02   -0.478945453042178215E+02   -0.910515351937696060E+01    1
    0.101030158996582031E+01   -0.369753599166870117E+00    0.380885124206542969E+00   -0.359596824645996127E+00   -0.336037538714190065E+01   -0.512475502268251404E+02   -0.478871748396832402E+02   -0.911515351937695506E+01    1
    0.101361372683265838E+01   -0.371222263271147934E+00    0.290369163060282487E+00   -0.233096454834973654E+00   -0.336037538714190065E+01   -0.512418908214366411E+02   -0.478815154342947409E+02   -0.912515351937696195E+01    1
   -0.138592824647974866E+01    0.151987018982356448E+00   -0.596493567991913665E-01    0.219523341539225703E+00   -0.336037538714190065E+01   -0.512398450244814612E+02   -0.478794696373395610E+02   -0.913515351937696529E+01    1
    0.112310063838958740E+01   -0.674046993255615234E+00    0.567476511001586914E+00   -0.294017982482910223E+00   -0.336037538714190065E+01   -0.512248743442492867E+02   -0.478644989571073864E+02   -0.914515351937696153E+01    1
   -0.109040281245077031E+01    0.362193963968173716E-01    0.344214170332806102E-01    0.132686554330897266E+00   -0.336037538714190065E+01   -0.512137701487142607E+02   -0.478533947615723605E+02   -0.915515351937696131E+01    1
    0.364670025137478593E+00    0.160618789679018992E+00   -0.149206862569175369E+00   -0.912331525965514034E-01   -0.336037538714190065E+01   -0.512069855208645706E+02   -0.478466101337226704E+02   -0.916515351937695577E+01    1
   -0.133699659192549536E+01    0.489493119616564165E-01   -0.801086223110853979E-01    0.324953621855220032E+00   -0.336037538714190065E+01   -0.512036588845485809E+02   -0.478432834974066807E+02   -0.917515351937695733E+01    1
   -0.142246296173783060E+01    0.828899045176134663E-03   -0.243975076188430506E+00    0.622320506757378933E+00   -0.336037538714190065E+01   -0.512028435720897122E+02   -0.478424681849478119E+02   -0.918515351937696067E+01    1
    0.127145625173514665E+01    0.227311012597085860E+00   -0.220430705238701341E+00   -0.188033137601557487E+00   -0.336037538714190065E+01   -0.512012884571849582E+02   -0.478409130700430580E+02   -0.919515351937696046E+01    1
   -0.133107781810743742E+01   -0.330074762618304485E+00    0.789675613495641748E-01    0.457035117795743684E+00   -0.336037538714190065E+01   -0.511990662004572741E+02   -0.478386908133153739E+02   -0.920515351937696202E+01    1
   -0.130990529434961500E+01    0.346616270254482828E-01   -0.231400870020267213E+00    0.548867299994825864E+00   -0.336037538714190065E+01   -0.511975664922058797E+02   -0.478371911050639795E+02   -0.921515351937696536E+01    1
    0.140680323912092220E+01    0.375591524466261095E-01    0.213134083281286024E+00   -0.692428654237486452E+00   -0.336037538714190065E+01   -0.511963159293994678E+02   -0.478359405422575676E+02   -0.922515351937696337E+01    1
    0.136124621642125865E+01    0.369625074000516030E+00    0.208128258575042135E-01   -0.751654112072001501E+00   -0.336037538714190065E+01   -0.511944146652367706E+02   -0.478340392780948704E+02   -0.923515351937695961E+01    1
    0.142441484169451726E+01   -0.295836211794180404E-01   -0.880887845911182410E-01   -0.159617031815485477E+00   -0.336037538714190065E+01   -0.511918715316239812E+02   -0.478314961444820810E+02   -0.924515351937695584E+01    1
   -0.113616181325709853E+01    0.422604278068707373E+00   -0.388369088469610046E+00    0.324700040847701654E+00   -0.336037538714190065E+01   -0.511908107243794603E+02   -0.478304353372375601E+02   -0.925515351937695918E+01    1
   -0.892656391733399390E+00   -0.164099914503937017E+00    0.584195589863345521E-01    0.295836993890025823E+00   -0.336037538714190065E+01   -0.511897627194760432E+02   -0.478293873323341430E+02   -0.926515351937696607E+01    1
   -0.139128002171789844E+01    0.205531951731552365E+00   -0.159904991041258215E+00    0.368809063205350451E+00   -0.336037538714190065E+01   -0.511889856807659811E+02   -0.478286102936240809E+02   -0.927515351937695876E+01    1
   -0.133735925968139746E+01   -0.376671579504103127E+00    0.311976976336918010E+00    0.141937782592202688E+00   -0.336037538714190065E+01   -0.511866120382198275E+02   -0.478262366510779273E+02   -0.928515351937695499E+01    1
    0.140503790985152888E+01    0.626749566938935576E-01   -0.144447164811335904E+00   -0.144154397667143330E+00   -0.336037538714190065E+01   -0.511840395068718550E+02   -0.478236641197299548E+02   -0.929515351937696188E+01    1
    0.602063244613556758E+00   -0.175022740074683991E+00    0.234811287102576260E+00   -0.267073167109496246E+00   -0.336037538714190065E+01   -0.511770975970942601E+02   -0.478167222099523599E+02   -0.930515351937696522E+01    1
    0.122160936603635495E+01    0.435212706257385396E+00   -0.560364660567163719E+00   -0.179674940909639425E+00   -0.336037538714190065E+01   -0.511746282616379702E+02   -0.478142528744960700E+02   -0.931515351937695790E+01    1
    0.111535564869398929E+01    0.360896253578942838E+00   -0.638262686558098702E-01   -0.482246135644498475E+00   -0.336037538714190065E+01   -0.511709640400837529E+02   -0.478105886529418527E+02   -0.932515351937696657E+01    1
    0.133931204763249845E+01   -0.162012664769045411E+00    0.373616731066758634E+00   -0.612744235920274605E+00   -0.336037538714190065E+01   -0.511655879213500882E+02   -0.478052125342081879E+02   -0.933515351937696458E+01    1
    0.120179069708081965E+01    0.228133901297475461E+00   -0.541230511601832887E+00    0.136291539657488192E-01   -0.336037538714190065E+01   -0.511644390860180067E+02   -0.478040636988761065E+02   -0.934515351937696082E+01    1
    0.133478575944900513E+01   -0.110865712165832520E+00    0.331529498100280762E+00   -0.611635589599609397E+00   -0.336037538714190065E+01   -0.511588628120644344E+02   -0.477984874249225342E+02   -0.935515351937695883E+01    1
   -0.100427621644340492E+01    0.437024429314293972E+00   -0.433480229109006521E+00    0.326432629012942011E+00   -0.336037538714190065E+01   -0.511587438688132039E+02   -0.477983684816713037E+02   -0.936515351937696394E+01    1
    0.144447189780137641E+01   -0.153332065065443501E+00    0.193403086026593174E+00   -0.412847462946209776E+00   -0.336037538714190065E+01   -0.511580675561494971E+02   -0.477976921690075969E+02   -0.937515351937696728E+01    1
    0.148553356447652218E+01   -0.686228077361459854E+00    0.488386038804584421E+00   -0.293449142095842830E+00   -0.336037538714190065E+01   -0.511514530649077770E+02   -0.477910776777658768E+02   -0.938515351937696352E+01    1
   -0.122702013060812565E+01    0.625939283864163976E+00   -0.482191260701969826E+00    0.283209752620348532E+00   -0.336037538714190065E+01   -0.511481336012820336E+02   -0.477877582141401334E+02   -0.939515351937695797E+01    1
    0.121704868846345349E+01    0.208240590080453813E+00   -0.104713270491748389E+00   -0.276201195258540255E+00   -0.336037538714190065E+01   -0.511474033654645197E+02   -0.477870279783226195E+02   -0.940515351937695776E+01    1
    0.123956683097358988E+01    0.937222118318821185E-01   -0.525984157260246388E-01   -0.245023548310880357E+00   -0.336037538714190065E+01   -0.511445909510475971E+02   -0.477842155639056969E+02   -0.941515351937695755E+01    1
    0.101205546548485525E+01    0.259105674274355824E+00   -0.231873125567802374E+00   -0.139216589429478566E+00   -0.336037538714190065E+01   -0.511325425095680046E+02   -0.477721671224261044E+02   -0.942515351937696089E+01    1
    0.130944137761544432E+01    0.976361640481666626E-01    0.123670510448099291E+00   -0.526381617594811280E+00   -0.336037538714190065E+01   -0.511254047024808997E+02   -0.477650293153389995E+02   -0.943515351937695712E+01    1
   -0.921459674835205078E+00   -0.229844212532043457E+00   -0.259258747100830078E-01    0.440130519866943404E+00   -0.336037538714190065E+01   -0.511252251924505359E+02   -0.477648498053086357E+02   -0.944515351937694980E+01    1
    0.129617097008121718E+01   -0.376158388879965555E+00    0.187950940820535095E+00   -0.191000818374128523E+00   -0.336037538714190065E+01   -0.511175427032879455E+02   -0.477571673161460453E+02   -0.945515351937695137E+01    1
   -0.145921346676717190E+01    0.258484602234443583E+00   -0.229709166473068160E+00    0.370120526359997815E+00   -0.336037538714190065E+01   -0.511113651098138391E+02   -0.477509897226719389E+02   -0.946515351937695826E+01    1
    0.548610187647420311E+00    0.220530489286547171E+00   -0.109817527493726086E+00   -0.195982900640001123E+00   -0.336037538714190065E+01   -0.511060418383481974E+02   -0.477456664512062972E+02   -0.947515351937695982E+01    1
    0.128610403988240973E+01   -0.688094513233371341E+00    0.604199365434731961E+00   -0.373968908701353742E+00   -0.336037538714190065E+01   -0.510934166102049971E+02   -0.477330412230630969E+02   -0.948515351937695605E+01    1
   -0.136842603217451342E+01   -0.498908341356566920E+00    0.140046399066573013E+00    0.582364337135602872E+00   -0.336037538714190065E+01   -0.510878753306062663E+02   -0.477274999434643661E+02   -0.949515351937695584E+01    1
   -0.943585691870992838E+00    0.553075750267566946E+00   -0.566111412732875352E+00    0.357652141558037595E+00   -0.336037538714190065E+01   -0.510875636172956575E+02   -0.477271882301537573E+02   -0.950515351937695741E+01    1
   -0.135595643122653087E+01   -0.649911069342358760E+00    0.557899484915115096E+00    0.318103741479903279E+00   -0.336037538714190065E+01   -0.510869330590528747E+02   -0.477265576719109745E+02   -0.951515351937695897E+01    1
    0.134088766076076826E+01    0.634496029671232087E+00   -0.505867609255129302E+00   -0.243085124680701870E+00   -0.336037538714190065E+01   -0.510822503835888497E+02   -0.477218749964469495E+02   -0.952515351937695876E+01    1
   -0.142521053458308034E+01    0.833923841867968196E+00   -0.807261472691050308E+00    0.490784188397637822E+00   -0.336037538714190065E+01   -0.510765126726510488E+02   -0.477161372855091486E+02   -0.953515351937695854E+01    1
   -0.145953206348349984E+01   -0.761418577342221958E+00    0.432361690446722235E+00    0.617897755884921906E+00   -0.336037538714190065E+01   -0.510765072833825116E+02   -0.477161318962406114E+02   -0.954515351937695833E+01    1
    0.135919994115829468E+01    0.216011166572570801E+00   -0.818347930908203125E-01   -0.418015956878662109E+00   -0.336037538714190065E+01   -0.510646204123527454E+02   -0.477042450252108452E+02   -0.955515351937695989E+01    1
    0.113773388780010620E+01   -0.469941292211424333E-01    0.126520113222324815E+00   -0.362858655536921260E+00   -0.336037538714190065E+01   -0.510612403749109092E+02   -0.477008649877690090E+02   -0.956515351937696323E+01    1
   -0.122725782686311735E+01   -0.213756840263359171E+00    0.508948141547627797E+00    0.121478045851670657E-01   -0.336037538714190065E+01   -0.510608419447186890E+02   -0.477004665575767888E+02   -0.957515351937696302E+01    1
   -0.140920634280488422E+01    0.303260013418410024E+00   -0.138019537016754512E+00    0.218623407522408275E+00   -0.336037538714190065E+01   -0.510543954244378710E+02   -0.476940200372959708E+02   -0.958515351937695215E+01    1
   -0.100211538827818103E+01    0.991671172125754286E-01   -0.938840791590311863E-02    0.145210815155819573E+00   -0.336037538714190065E+01   -0.510489677733646161E+02   -0.476885923862227159E+02   -0.959515351937695371E+01    1
    0.125756069748996868E+01    0.537585058901756785E+00   -0.279136282163417793E+00   -0.465416440538677589E+00   -0.336037538714190065E+01   -0.510447021006282142E+02   -0.476843267134863140E+02   -0.960515351937695527E+01    1
   -0.125119608471991728E+01    0.159619052738792178E+00   -0.426308899561923305E+00    0.662270438527167382E+00   -0.336037538714190065E+01   -0.510421049081309874E+02   -0.476817295209890872E+02   -0.961515351937695861E+01    1
    0.102968933067197188E+01    0.279671601364937850E+00   -0.181310783301915635E+00   -0.274556697862643695E+00   -0.336037538714190065E+01   -0.510389624598136606E+02   -0.476785870726717604E+02   -0.962515351937695662E+01    1
    0.106815616754177078E+01    0.418100517891095258E+00   -0.198363299545687211E+00   -0.434413336434139596E+00   -0.336037538714190065E+01   -0.510378105784476404E+02   -0.476774351913057401E+02   -0.963515351937695286E+01    1
   -0.145583931700745906E+01   -0.132427276206102729E+00    0.775483375075047832E-02    0.395562229185333347E+00   -0.336037538714190065E+01   -0.510352142726198679E+02   -0.476748388854779677E+02   -0.964515351937695797E+01    1
   -0.138915147938227057E+01    0.331726448287270381E+00   -0.459188640170818174E+00    0.562211697243541586E+00   -0.336037538714190065E+01   -0.510266784887891518E+02   -0.476663031016472516E+02   -0.965515351937696309E+01    1
   -0.136617451129049927E+01   -0.292413630867567331E+00    0.261727119749885384E+00    0.193301352561420003E+00   -0.336037538714190065E+01   -0.510253336367392407E+02   -0.476649582495973405E+02   -0.966515351937695755E+01    1
   -0.143563887576845239E+01    0.219365811970197333E+00   -0.340274600177280728E+00    0.544580867120541656E+00   -0.336037538714190065E+01   -0.510154897482654235E+02   -0.476551143611235233E+02   -0.967515351937695556E+01    1
   -0.116873445303694967E+01   -0.306165148960935163E-01   -0.197854793680818153E+00    0.550520493538390943E+00   -0.336037538714190065E+01   -0.510122887126293065E+02   -0.476519133254874063E+02   -0.968515351937696067E+01    1
    0.111798759872764242E+01    0.846087895410290169E-01   -0.413506797540308391E-02   -0.344001700359918283E+00   -0.336037538714190065E+01   -0.510071004034050688E+02   -0.476467250162631686E+02   -0.969515351937696224E+01    1
   -0.984705006168212882E+00   -0.258632616643694746E-02   -0.109517667059001012E+00    0.358256474472060216E+00   -0.336037538714190065E+01   -0.510050733803515257E+02   -0.476446979932096255E+02   -0.970515351937696025E+01    1
   -0.145288914822687043E+01   -0.141623362342629733E+00   -0.136396835475724343E+00    0.627772012657894507E+00   -0.336037538714190065E+01   -0.509964979583860156E+02   -0.476361225712441154E+02   -0.971515351937696003E+01    1
    0.782879896517239438E+00    0.120345626787516258E+00   -0.107652535318479847E+00   -0.122554067447901427E+00   -0.336037538714190065E+01   -0.509962404378156151E+02   -0.476358650506737149E+02   -0.972515351937696160E+01    1
   -0.133848615671111237E+01   -0.571701965962591485E+00    0.374764399246773960E+00    0.469868320803667805E+00   -0.336037538714190065E+01   -0.509937880163032844E+02   -0.476334126291613842E+02   -0.973515351937696316E+01    1
    0.149028834006690047E+01   -0.299724032749124625E-01   -0.726358600608489891E-02   -0.269920697145104471E+00   -0.336037538714190065E+01   -0.509934179197890600E+02   -0.476330425326471598E+02   -0.974515351937696295E+01    1
   -0.990388846486402241E+00    0.166341888190193465E+00   -0.183762027183913768E+00    0.298902394546288752E+00   -0.336037538714190065E+01   -0.509926777249368897E+02   -0.476323023377949895E+02   -0.975515351937696273E+01    1
    0.149298724750435508E+01   -0.362787624244796048E+00    0.517853527072527298E+00   -0.627729385504836923E+00   -0.336037538714190065E+01   -0.509912067383486303E+02   -0.476308313512067301E+02   -0.976515351937695542E+01    1
   -0.102802525977555881E+01   -0.770949172564643348E-01   -0.130512700051764963E+00    0.473393081295920615E+00   -0.336037538714190065E+01   -0.509902027796368316E+02   -0.476298273924949314E+02   -0.977515351937695698E+01    1
   -0.606036906535169839E+00    0.142188313277984868E+00   -0.155144485520488873E+00    0.210340630088176272E+00   -0.336037538714190065E+01   -0.509888467362632909E+02   -0.476284713491213907E+02   -0.978515351937696209E+01    1
    0.120470288712877505E+01    0.692555177241782616E-01    0.133419676587822167E+00   -0.504285038827125165E+00   -0.336037538714190065E+01   -0.509828382009689562E+02   -0.476224628138270560E+02   -0.979515351937696011E+01    1
   -0.124021375892812058E+01   -0.134974024904902956E+00    0.125847353009778784E+00    0.207088406059329655E+00   -0.336037538714190065E+01   -0.509809236064320217E+02   -0.476205482192901215E+02   -0.980515351937695812E+01    1
    0.414223821506852996E+00    0.117862348822737051E-01   -0.186352481408291748E-02   -0.916463491011187958E-01   -0.336037538714190065E+01   -0.509797269558409454E+02   -0.476193515686990452E+02   -0.981515351937695613E+01    1
   -0.110416083276109900E+01   -0.139345824917689098E+00   -0.472580173964654016E-02    0.410184922694175835E+00   -0.336037538714190065E+01   -0.509795581483833899E+02   -0.476191827612414897E+02   -0.982515351937695769E+01    1
   -0.940385259026293885E+00   -0.867344309271074199E-01   -0.143364299760819991E+00    0.521550560942685371E+00   -0.336037538714190065E+01   -0.509749445048027923E+02   -0.476145691176608921E+02   -0.983515351937696103E+01    1
    0.147222575652306231E+01    0.215241276372957868E+00    0.143454321385528827E+00   -0.786922234669800713E+00   -0.336037538714190065E+01   -0.509709478937551381E+02   -0.476105725066132379E+02   -0.984515351937696082E+01    1
   -0.135923306030797453E+01   -0.645096336449193508E+00    0.458562559388399071E+00    0.492116552895677906E+00   -0.336037538714190065E+01   -0.509692882232402908E+02   -0.476089128360983906E+02   -0.985515351937696060E+01    1
    0.148072516557334311E+01    0.451085499202237061E+00    0.328428671549030327E-03   -0.751398302051770051E+00   -0.336037538714190065E+01   -0.509611222387110061E+02   -0.476007468515691059E+02   -0.986515351937695506E+01    1
    0.147745530354465959E+01    0.676588861940053743E+00   -0.470781646430879053E+00   -0.264217784226896679E+00   -0.336037538714190065E+01   -0.509539816508979158E+02   -0.475936062637560156E+02   -0.987515351937695307E+01    1
   -0.147623341896304550E+01   -0.207640152622923679E+00   -0.142090046017525173E+00    0.714059428043590128E+00   -0.336037538714190065E+01   -0.509531323391750774E+02   -0.475927569520331772E+02   -0.988515351937695641E+01    1
   -0.139618959935403009E+01   -0.465473781287665700E+00    0.103344167873746784E+00    0.606379014712324027E+00   -0.336037538714190065E+01   -0.509499714190745365E+02   -0.475895960319326363E+02   -0.989515351937695975E+01    1
    0.149908496189617768E+01   -0.771766411286863852E+00    0.662193699766429500E+00   -0.413104020037352415E+00   -0.336037538714190065E+01   -0.509496658544206866E+02   -0.475892904672787864E+02   -0.990515351937695954E+01    1
   -0.145727594438005426E+01    0.458311107808760276E+00   -0.425895572602965844E+00    0.423619234457058402E+00   -0.336037538714190065E+01   -0.509492742137209476E+02   -0.475888988265790474E+02   -0.991515351937695577E+01    1
   -0.145214044905239503E+01    0.329670932514322779E+00   -0.445280609795579041E+00    0.568437746787616716E+00   -0.336037538714190065E+01   -0.509474476197023378E+02   -0.475870722325604376E+02   -0.992515351937695911E+01    1
   -0.969329307014392461E+00    0.463587197497787429E+00   -0.570573737428573646E+00    0.437736504784078662E+00   -0.336037538714190065E+01   -0.509437200863467794E+02   -0.475833446992048792E+02   -0.993515351937696067E+01    1
    0.146559189950736757E+01   -0.197395618118267446E+00    0.377413339103382706E+00   -0.657859322397427504E+00   -0.336037538714190065E+01   -0.509432809852231046E+02   -0.475829055980812043E+02   -0.994515351937695513E+01    1
   -0.135247242775261900E+01    0.190025540908839385E+00   -0.188184222658761335E+00    0.402414826097734490E+00   -0.336037538714190065E+01   -0.509422476024797461E+02   -0.475818722153378459E+02   -0.995515351937695492E+01    1
   -0.118976911096262938E+01   -0.255325579251866497E+00    0.101557195499395458E-01    0.526514031467323784E+00   -0.336037538714190065E+01   -0.509399846423666176E+02   -0.475796092552247174E+02   -0.996515351937695826E+01    1
   -0.142904357172694052E+01    0.772715405567827585E-01   -0.382556427626793982E+00    0.746125446231596934E+00   -0.336037538714190065E+01   -0.509389455859511457E+02   -0.475785701988092455E+02   -0.997515351937695982E+01    1
   -0.149786129858373962E+01    0.176870781429848467E+00   -0.101587345688301633E+00    0.301483372896245827E+00   -0.336037538714190065E+01   -0.509377301119936305E+02   -0.475773547248517303E+02   -0.998515351937696138E+01    1
    0.134695436535342195E+01   -0.384974819984059247E+00    0.280399849083560637E+00   -0.319448412323550479E+00   -0.336037538714190065E+01   -0.509364083151400351E+02   -0.475760329279981349E+02   -0.999515351937695584E+01    1
    0.108823279631750802E+01   -0.101907127614566884E+00    0.171861906959847932E+00   -0.401733902837855705E+00   -0.336037538714190065E+01   -0.509351744277153244E+02   -0.475747990405734242E+02   -0.100051535193769503E+02    1
    0.121315790991549965E+01    0.649871908806216592E+00   -0.387720439192341559E+00   -0.521602551704452910E+00   -0.336037538714190065E+01   -0.509323551325140116E+02   -0.475719797453721114E+02   -0.100151535193769536E+02    1
   -0.789170592900113821E+00   -0.122575240887550674E+00   -0.768083747238779146E-02    0.321932987991937480E+00   -0.336037538714190065E+01   -0.509306367378757869E+02   -0.475702613507338867E+02   -0.100251535193769570E+02    1
   -0.133872118109622740E+01    0.906290664210667174E-01   -0.328312041648385122E+00    0.673247346219280507E+00   -0.336037538714190065E+01   -0.509306057023500642E+02   -0.475702303152081640E+02   -0.100351535193769603E+02    1
    0.111668477306629121E+01   -0.487708478507383081E+00    0.449141095735882123E+00   -0.345846425265215585E+00   -0.336037538714190065E+01   -0.509285999694499267E+02   -0.475682245823080265E+02   -0.100451535193769637E+02    1
    0.141473490900274168E+01    0.103684658161748100E+00    0.189427927036250665E+00   -0.670105979301672039E+00   -0.336037538714190065E+01   -0.509274622998668960E+02   -0.475670869127249958E+02   -0.100551535193769475E+02    1
   -0.149889752353323713E+01    0.526676616667274722E+00   -0.671687436770270652E+00    0.661033760797676839E+00   -0.336037538714190065E+01   -0.509273232350210989E+02   -0.475669478478791987E+02   -0.100651535193769543E+02    1
    0.135882840908030733E+01   -0.640894864014751597E-01    0.269616263290423763E+00   -0.598531111831037244E+00   -0.336037538714190065E+01   -0.509252149197990320E+02   -0.475648395326571318E+02   -0.100751535193769577E+02    1
    0.121658824804850330E+01   -0.317994801045873077E+00    0.246590627634788229E+00   -0.310227291090638291E+00   -0.336037538714190065E+01   -0.509237841536458546E+02   -0.475634087665039544E+02   -0.100851535193769539E+02    1
    0.119458216556209962E+01    0.346106972907392674E+00   -0.880510249244285115E-01   -0.462369098240301535E+00   -0.336037538714190065E+01   -0.509194181750978387E+02   -0.475590427879559385E+02   -0.100951535193769484E+02    1
   -0.148637791109567519E+01   -0.382350799688654819E+00   -0.676889882927556030E-02    0.753293497064599249E+00   -0.336037538714190065E+01   -0.509163375011028947E+02   -0.475559621139609945E+02   -0.101051535193769499E+02    1
    0.960373559686814371E+00   -0.150033562514847674E+00    0.318721574865012069E+00   -0.489996117911650986E+00   -0.336037538714190065E+01   -0.509152866102819459E+02   -0.475549112231400457E+02   -0.101151535193769551E+02    1
    0.103807515494438984E+01    0.174079872877716646E+00   -0.451114751296186611E-01   -0.311095995588419993E+00   -0.336037538714190065E+01   -0.509134804520572501E+02   -0.475531050649153499E+02   -0.101251535193769566E+02    1
    0.967589276762013561E+00   -0.816785956926802115E-01    0.824823732130592902E-01   -0.269389135714540040E+00   -0.336037538714190065E+01   -0.509121705712002424E+02   -0.475517951840583422E+02   -0.101351535193769582E+02    1
    0.148200814324509400E+01    0.412016657812001252E+00   -0.292658162280008960E+00   -0.350149572974255308E+00   -0.336037538714190065E+01   -0.509117754335103498E+02   -0.475514000463684496E+02   -0.101451535193769562E+02    1
   -0.123520822874985226E+01    0.565014194691204175E+00   -0.471941999891067443E+00    0.322738447469025358E+00   -0.336037538714190065E+01   -0.509101862089600914E+02   -0.475498108218181912E+02   -0.101551535193769507E+02    1
   -0.132572818568578210E+01   -0.365069588136785361E+00    0.270840933806530071E+00    0.292426841136208759E+00   -0.336037538714190065E+01   -0.509090889444313817E+02   -0.475487135572894815E+02   -0.101651535193769487E+02    1
   -0.131310974956695858E+01   -0.451804014533623288E+00    0.277054867286265383E+00    0.369041001382451217E+00   -0.336037538714190065E+01   -0.509081883431192637E+02   -0.475478129559773635E+02   -0.101751535193769485E+02    1
    0.144096160805581830E+01   -0.816008876287514617E+00    0.843404462534517396E+00   -0.542041229177472772E+00   -0.336037538714190065E+01   -0.509059562434031818E+02   -0.475455808562612816E+02   -0.101851535193769500E+02    1
   -0.106976548178425590E+01   -0.306660799618709401E+00    0.188133527346068474E+00    0.269673119594003641E+00   -0.336037538714190065E+01   -0.509040112010886290E+02   -0.475436358139467288E+02   -0.101951535193769534E+02    1
   -0.143189028742621471E+01    0.102222857748777152E+00   -0.908077551935756455E-01    0.338056746545054576E+00   -0.336037538714190065E+01   -0.509027539745754183E+02   -0.475423785874335181E+02   -0.102051535193769531E+02    1
   -0.128050531281793045E+01   -0.191550543033916387E+00   -0.174275802224866938E+00    0.719797473713186475E+00   -0.336037538714190065E+01   -0.508990552860053143E+02   -0.475386798988634141E+02   -0.102151535193769565E+02    1
    0.120003348384165420E+01   -0.390704843991581896E+00    0.283539962901200315E+00   -0.270130451276305306E+00   -0.336037538714190065E+01   -0.508942530406344460E+02   -0.475338776534925458E+02   -0.102251535193769545E+02    1
   -0.113514099563287685E+01   -0.569613334769530466E+00    0.298443695101554107E+00    0.518682683230477393E+00   -0.336037538714190065E+01   -0.508936508022431084E+02   -0.475332754151012082E+02   -0.102351535193769507E+02    1
   -0.132472836907537772E+01    0.291216767485716455E+00   -0.440898601649967636E+00    0.571523904621747958E+00   -0.336037538714190065E+01   -0.508933871767784538E+02   -0.475330117896365536E+02   -0.102451535193769541E+02    1
   -0.148464437544979577E+01    0.490356210034341267E+00   -0.643980673619624522E+00    0.646721300500681773E+00   -0.336037538714190065E+01   -0.508842139183821942E+02   -0.475238385312402940E+02   -0.102551535193769521E+02    1
    0.116039237080803437E+01    0.331142780779376533E+00   -0.228046192486766053E-01   -0.536645988030380883E+00   -0.336037538714190065E+01   -0.508839550507141780E+02   -0.475235796635722778E+02   -0.102651535193769536E+02    1
    0.143995849771862261E+01   -0.109464504758332914E+00    0.383853250462330209E+00   -0.744593086811411342E+00   -0.336037538714190065E+01   -0.508812190027707771E+02   -0.475208436156288769E+02   -0.102751535193769570E+02    1
    0.131897614970260468E+01   -0.387216242753265494E-01    0.993134191711790848E-01   -0.383209827889388621E+00   -0.336037538714190065E+01   -0.508801597495429831E+02   -0.475197843624010829E+02   -0.102851535193769532E+02    1
   -0.130633736899132558E+01    0.308579664378694218E-03   -0.152651739745869652E+00    0.493121180092991773E+00   -0.336037538714190065E+01   -0.508796163014804179E+02   -0.475192409143385177E+02   -0.102951535193769512E+02    1
    0.126102001597850011E+01   -0.362832101771248805E+00    0.508821225280982947E+00   -0.572875878303912289E+00   -0.336037538714190065E+01   -0.508789616142637300E+02   -0.475185862271218298E+02   -0.103051535193769492E+02    1
   -0.113597737482717620E+01    0.954289245305941503E-01   -0.818578793764733748E-01    0.271753729228138896E+00   -0.336037538714190065E+01   -0.508767543010658514E+02   -0.475163789139239512E+02   -0.103151535193769526E+02    1
   -0.134182817073232608E+01   -0.172509845323125521E+00    0.733093558401396450E-01    0.337199861139924950E+00   -0.336037538714190065E+01   -0.508732126339409660E+02   -0.475128372467990658E+02   -0.103251535193769541E+02    1
    0.127281979789530197E+01    0.412218850049926200E+00   -0.474693556457410626E-01   -0.612644708996452847E+00   -0.336037538714190065E+01   -0.508726228747740024E+02   -0.475122474876321021E+02   -0.103351535193769539E+02    1
   -0.111179814738982485E+01    0.463138235891848327E+00   -0.531900147535594003E+00    0.454144778955091866E+00   -0.336037538714190065E+01   -0.508721783527353679E+02   -0.475118029655934677E+02   -0.103451535193769555E+02    1
    0.641378918488616279E+00   -0.283424688673690195E+00    0.295794635682127049E+00   -0.229347283318673933E+00   -0.336037538714190065E+01   -0.508704626180530894E+02   -0.475100872309111892E+02   -0.103551535193769570E+02    1
    0.517987419389651649E+00   -0.115203498619903089E+00    0.213635173655235544E+00   -0.271115563601616483E+00   -0.336037538714190065E+01   -0.508703100167591558E+02   -0.475099346296172556E+02   -0.103651535193769533E+02    1
   -0.114782646173581004E+01   -0.631935890058303862E-01   -0.205159971866433199E+00    0.624932510715214162E+00   -0.336037538714190065E+01   -0.508696322784074368E+02   -0.475092568912655366E+02   -0.103751535193769513E+02    1
    0.105267941017492905E+01    0.818673949282766600E-01   -0.394096622493391724E-01   -0.245454227818661219E+00   -0.336037538714190065E+01   -0.508688655258751297E+02   -0.475084901387332295E+02   -0.103851535193769564E+02    1
    0.149512691459623914E+01   -0.369809273229351643E+00    0.259731128289257374E+00   -0.338605981491742758E+00   -0.336037538714190065E+01   -0.508684647524217723E+02   -0.475080893652798721E+02   -0.103951535193769562E+02    1
   -0.145225530089094002E+01    0.247316346820993793E-01   -0.210699000143355075E-01    0.328464140035199526E+00   -0.336037538714190065E+01   -0.508684022441051980E+02   -0.475080268569632977E+02   -0.104051535193769507E+02    1
    0.145875416572249339E+01    0.710469653434290471E+00   -0.655149389633934542E+00   -0.431323602190578581E+00   -0.336037538714190065E+01   -0.508675090461052335E+02   -0.475071336589633333E+02   -0.104151535193769558E+02    1
   -0.110271719390253575E+01   -0.389978213380150818E+00    0.246609081017836074E+00    0.311205255426294514E+00   -0.336037538714190065E+01   -0.508657826957784920E+02   -0.475054073086365918E+02   -0.104251535193769538E+02    1
   -0.148211804098180333E+01    0.134704347540432812E+00   -0.324627030842528752E+00    0.631600606670334574E+00   -0.336037538714190065E+01   -0.508656289949920932E+02   -0.475052536078501930E+02   -0.104351535193769482E+02    1
    0.770792373977767564E+00    0.183449094412069691E+00   -0.706572277427122142E-01   -0.259451133437134440E+00   -0.336037538714190065E+01   -0.508639396926867917E+02   -0.475035643055448915E+02   -0.104451535193769534E+02    1
    0.109322762489318848E+01   -0.525190830230712891E-01    0.805230140686035156E-01   -0.322618007659912109E+00   -0.336037538714190065E+01   -0.508637424858694018E+02   -0.475033670987275016E+02   -0.104551535193769531E+02    1
    0.135502159123842691E+01   -0.223251869122973456E-01    0.249876717374420076E+00   -0.619820354618649594E+00   -0.336037538714190065E+01   -0.508622068019283731E+02   -0.475018314147864729E+02   -0.104651535193769529E+02    1
   -0.116846015754868038E+01   -0.984987919729014560E-01    0.446211463764052407E-01    0.286165035607518492E+00   -0.336037538714190065E+01   -0.508619295648001568E+02   -0.475015541776582566E+02   -0.104751535193769580E+02    1
    0.140498855370652587E+01    0.384518617674055374E+00   -0.594404350424369010E-01   -0.631998635122572039E+00   -0.336037538714190065E+01   -0.508618359782816469E+02   -0.475014605911397467E+02   -0.104851535193769543E+02    1
    0.997799724910706676E+00   -0.157298435958692195E+00    0.110223942537460262E+00   -0.234392056501066870E+00   -0.336037538714190065E+01   -0.508606598911101244E+02   -0.475002845039682242E+02   -0.104951535193769523E+02    1
   -0.704983771003912962E+00   -0.357248137204268179E+00    0.241209753479501465E+00    0.267731823078175335E+00   -0.336037538714190065E+01   -0.508600272211646285E+02   -0.474996518340227283E+02   -0.105051535193769539E+02    1
   -0.828775304339718799E+00    0.140847604907126112E-01   -0.194212081473862264E+00    0.446063028322810418E+00   -0.336037538714190065E+01   -0.508583208086976981E+02   -0.474979454215557979E+02   -0.105151535193769536E+02    1
    0.133241405105784860E+01    0.469578197302336964E+00   -0.223214010142290697E+00   -0.461361325481298379E+00   -0.336037538714190065E+01   -0.508578851928060729E+02   -0.474975098056641727E+02   -0.105251535193769499E+02    1
    0.136420866437177413E+01    0.451906666388560918E+00   -0.320267100447528708E+00   -0.353284418838884506E+00   -0.336037538714190065E+01   -0.508572869736544604E+02   -0.474969115865125602E+02   -0.105351535193769514E+02    1
    0.140020390354081936E+01    0.375279317981501492E+00   -0.128936450857878526E+00   -0.480798659397752792E+00   -0.336037538714190065E+01   -0.508557681030085362E+02   -0.474953927158666360E+02   -0.105451535193769512E+02    1
    0.117049118296581067E+01   -0.718752357238585660E-01    0.574083473220181606E-01   -0.273889021325665394E+00   -0.336037538714190065E+01   -0.508518212953251449E+02   -0.474914459081832447E+02   -0.105551535193769528E+02    1
    0.790281466823897993E+00   -0.990765345376232176E-02    0.223220647179711573E-01   -0.193769069149921314E+00   -0.336037538714190065E+01   -0.508517260876238169E+02   -0.474913507004819166E+02   -0.105651535193769543E+02    1
   -0.122822958915633906E+01   -0.246803108944885441E+00    0.588166487245322944E-01    0.409319266974055074E+00   -0.336037538714190065E+01   -0.508515458051867739E+02   -0.474911704180448737E+02   -0.105751535193769524E+02    1
    0.139826027788246954E+01   -0.652169985561612542E-01    0.244630671100162456E+00   -0.579422221628916545E+00   -0.336037538714190065E+01   -0.508508392728483614E+02   -0.474904638857064612E+02   -0.105851535193769575E+02    1
    0.126719254898127520E+01    0.490099516683517589E+00   -0.407386562800731600E+00   -0.247170824601211647E+00   -0.336037538714190065E+01   -0.508492025165280026E+02   -0.474888271293861024E+02   -0.105951535193769573E+02    1
    0.139326768434654902E+01   -0.328531166837444655E-01    0.385263558054600441E-01   -0.335999398157668272E+00   -0.336037538714190065E+01   -0.508488228100462507E+02   -0.474884474229043505E+02   -0.106051535193769570E+02    1
   -0.128230606123401270E+01   -0.565378594413434854E-02   -0.294347823963314381E+00    0.709194967577740476E+00   -0.336037538714190065E+01   -0.508487767337614471E+02   -0.474884013466195469E+02   -0.106151535193769551E+02    1
   -0.106840284841464062E+01   -0.133339166966916167E+00   -0.285634249657161776E-01    0.424424371564898317E+00   -0.336037538714190065E+01   -0.508481276121906518E+02   -0.474877522250487516E+02   -0.106251535193769495E+02    1
    0.131057273588072043E+01   -0.799161476183594122E-01    0.281184684576758714E+00   -0.615251087819709497E+00   -0.336037538714190065E+01   -0.508481219925598467E+02   -0.474877466054179465E+02   -0.106351535193769458E+02    1
    0.149020190629967564E+01    0.343627372555344479E+00   -0.849501550502039793E-01   -0.524262451602491408E+00   -0.336037538714190065E+01   -0.508480684581136231E+02   -0.474876930709717229E+02   -0.106451535193769526E+02    1
    0.109579801477637417E+01   -0.111064022369023796E+00    0.340139391528743840E+00   -0.582490990692179689E+00   -0.336037538714190065E+01   -0.508476459548632249E+02   -0.474872705677213247E+02   -0.106551535193769560E+02    1
   -0.138876165816991648E+01    0.673105134387594006E+00   -0.651425053896017792E+00    0.461570490778811626E+00   -0.336037538714190065E+01   -0.508474456814132054E+02   -0.474870702942713052E+02   -0.106651535193769540E+02    1
    0.751744694773302413E+00   -0.247048268685033268E+00    0.197303263786543059E+00   -0.190218102566196090E+00   -0.336037538714190065E+01   -0.508467318807373516E+02   -0.474863564935954514E+02   -0.106751535193769556E+02    1
   -0.146171152687158479E+01    0.186121222332073843E+00   -0.478649893531211124E+00    0.775154260559067332E+00   -0.336037538714190065E+01   -0.508460342872877717E+02   -0.474856589001458715E+02   -0.106851535193769500E+02    1
   -0.107728173369967184E+01   -0.227080325869372102E+00    0.609477011349166542E-01    0.357591308408534037E+00   -0.336037538714190065E+01   -0.508450449061954188E+02   -0.474846695190535186E+02   -0.106951535193769480E+02    1
    0.133626788757961501E+01   -0.773478084126113519E-01    0.150806954766591117E+00   -0.426636417894993347E+00   -0.336037538714190065E+01   -0.508435532602638531E+02   -0.474831778731219529E+02   -0.107051535193769549E+02    1
    0.109654475223690850E+01    0.923504784579287641E-01    0.154269887588269539E+00   -0.552168731687994851E+00   -0.336037538714190065E+01   -0.508420020550318128E+02   -0.474816266678899126E+02   -0.107151535193769494E+02    1
   -0.102622609115759067E+01   -0.339397901578601280E+00    0.172197508420196099E+00    0.329635296024979763E+00   -0.336037538714190065E+01   -0.508400142103511286E+02   -0.474796388232092283E+02   -0.107251535193769456E+02    1
    0.122138717594632595E+01   -0.709789967797810561E+00    0.757668590470996328E+00   -0.482652763023298681E+00   -0.336037538714190065E+01   -0.508394608796125524E+02   -0.474790854924706522E+02   -0.107351535193769543E+02    1
    0.137630246674140899E+01    0.434473658937327478E+00   -0.171377257485104906E+00   -0.491390253942069033E+00   -0.336037538714190065E+01   -0.508374354048151886E+02   -0.474770600176732884E+02   -0.107451535193769505E+02    1
    0.101379329379630434E+01    0.202653601692029284E+00    0.557568627921984916E-01   -0.499121597478863643E+00   -0.336037538714190065E+01   -0.508370336676732180E+02   -0.474766582805313178E+02   -0.107551535193769414E+02    1
    0.110121877035610272E+01   -0.235847004233885160E+00    0.348033156347937300E+00   -0.474227796003849900E+00   -0.336037538714190065E+01   -0.508368494471877668E+02   -0.474764740600458666E+02   -0.107651535193769483E+02    1
    0.116299527384862245E+01   -0.124158935191935882E-01    0.132504637733915853E+00   -0.426436205334110030E+00   -0.336037538714190065E+01   -0.508362473927689393E+02   -0.474758720056270391E+02   -0.107751535193769499E+02    1
    0.122075937534099621E+01   -0.976771615550060535E-01    0.353025131961415939E+00   -0.653023362328816082E+00   -0.336037538714190065E+01   -0.508360376098174456E+02   -0.474756622226755454E+02   -0.107851535193769426E+02    1
   -0.121419973052766972E+01   -0.715470022107331793E-01   -0.131935420136005677E+00    0.549840245702097219E+00   -0.336037538714190065E+01   -0.508359569012986867E+02   -0.474755815141567865E+02   -0.107951535193769441E+02    1
   -0.130427252588024611E+01    0.243546547088125065E+00   -0.201643360723418930E+00    0.345607102812705902E+00   -0.336037538714190065E+01   -0.508352150163712153E+02   -0.474748396292293151E+02   -0.108051535193769528E+02    1
    0.130244722450913475E+01    0.174227324202700373E-01    0.203500011099396971E+00   -0.588339846524375543E+00   -0.336037538714190065E+01   -0.508339093139465916E+02   -0.474735339268046914E+02   -0.108151535193769561E+02    1
   -0.134941288596302744E+01    0.218495044339920286E+00   -0.203694973287232184E+00    0.369466189932146527E+00   -0.336037538714190065E+01   -0.508326232834754705E+02   -0.474722478963335703E+02   -0.108251535193769524E+02    1
    0.130625906257612012E+01    0.515044974588832360E+00   -0.399565416105751248E+00   -0.352280247308340400E+00   -0.336037538714190065E+01   -0.508325163339668080E+02   -0.474721409468249078E+02   -0.108351535193769521E+02    1
    0.977598476615375134E+00   -0.235292028126210973E+00    0.336965789702939444E+00   -0.425472290547672272E+00   -0.336037538714190065E+01   -0.508317713740488273E+02   -0.474713959869069271E+02   -0.108451535193769519E+02    1
   -0.110666290582293225E+01   -0.360112031058013038E-01   -0.234227622983319117E+00    0.615185469533131579E+00   -0.336037538714190065E+01   -0.508307406016204837E+02   -0.474703652144785835E+02   -0.108551535193769482E+02    1
    0.924226955645607973E+00    0.326383809572278860E+00   -0.444181566911050485E-01   -0.466993257033109010E+00   -0.336037538714190065E+01   -0.508302627635833701E+02   -0.474698873764414699E+02   -0.108651535193769480E+02    1
   -0.146942304304403049E+01    0.415074915917324816E+00   -0.584352630678732332E+00    0.658047079433547788E+00   -0.336037538714190065E+01   -0.508297995060502430E+02   -0.474694241189083428E+02   -0.108751535193769477E+02    1
   -0.690793690741525190E+00    0.517104718911980399E-01   -0.965552296097597074E-01    0.248320724586689190E+00   -0.336037538714190065E+01   -0.508297918882167323E+02   -0.474694165010748321E+02   -0.108851535193769493E+02    1
    0.569472602971450748E+00    0.465234769337565801E-01    0.981784432096859394E-01   -0.314884862567855528E+00   -0.336037538714190065E+01   -0.508295727070073156E+02   -0.474691973198654154E+02   -0.108951535193769473E+02    1
    0.932788584669840493E+00   -0.182555580529802697E+00    0.239472756849994362E+00   -0.344530292323707688E+00   -0.336037538714190065E+01   -0.508295461092610026E+02   -0.474691707221191024E+02   -0.109051535193769453E+02    1
    0.596938975906704972E+00   -0.173674195249939878E-02    0.101366621719235717E+00   -0.281528768723136147E+00   -0.336037538714190065E+01   -0.508277085687069174E+02   -0.474673331815650172E+02   -0.109151535193769469E+02    1
   -0.128105519691798264E+01   -0.655872153772247168E+00    0.316576953689639229E+00    0.601340582542294388E+00   -0.336037538714190065E+01   -0.508269852142539023E+02   -0.474666098271120021E+02   -0.109251535193769485E+02    1
    0.123097152983095404E+01    0.539974502902170528E+00   -0.430219208906193473E+00   -0.343493452189279624E+00   -0.336037538714190065E+01   -0.508246791139875995E+02   -0.474643037268456993E+02   -0.109351535193769500E+02    1
    0.140152382245502238E+01    0.168753772390779488E+00    0.363901177007299736E-01   -0.545233526248653400E+00   -0.336037538714190065E+01   -0.508232731979389811E+02   -0.474628978107970809E+02   -0.109451535193769498E+02    1
    0.134593373329955845E+01    0.292302594045396269E+00   -0.124708040391231401E+00   -0.410603738751102509E+00   -0.336037538714190065E+01   -0.508227078568591608E+02   -0.474623324697172606E+02   -0.109551535193769460E+02    1
   -0.901451020514691836E+00   -0.117952992727235140E+00   -0.988679521918724991E-01    0.458967766053065995E+00   -0.336037538714190065E+01   -0.508216116840188263E+02   -0.474612362968769261E+02   -0.109651535193769440E+02    1
   -0.129858557472185399E+01   -0.219217528979089860E+00    0.222503083611200747E-01    0.453044920974563059E+00   -0.336037538714190065E+01   -0.508214060048442207E+02   -0.474610306177023205E+02   -0.109751535193769456E+02    1
    0.138952026322364031E+01   -0.590823774113813815E+00    0.542219872173774320E+00   -0.419515635807659826E+00   -0.336037538714190065E+01   -0.508209765305054901E+02   -0.474606011433635899E+02   -0.109851535193769454E+02    1
    0.133016687758205254E+01    0.468053328632928700E+00   -0.364092583511643531E+00   -0.306627792678360322E+00   -0.336037538714190065E+01   -0.508209304267283031E+02   -0.474605550395864029E+02   -0.109951535193769434E+02    1
   -0.646776983650998893E+00   -0.268610973806781006E+00    0.209053866615654949E+00    0.172563320276545973E+00   -0.336037538714190065E+01   -0.508193284428646805E+02   -0.474589530557227803E+02   -0.110051535193769485E+02    1
    0.131257272000446168E+01    0.317991332640944480E+00   -0.166033686704015415E+00   -0.366337470409315413E+00   -0.336037538714190065E+01   -0.508190846174264763E+02   -0.474587092302845761E+02   -0.110151535193769536E+02    1
   -0.136631961594976903E+01   -0.676455738818494523E+00    0.300995756306102979E+00    0.647658827383297941E+00   -0.336037538714190065E+01   -0.508188255439648628E+02   -0.474584501568229626E+02   -0.110251535193769499E+02    1
    0.129498569534448560E+01    0.120491518215973592E+00    0.179315878597074763E+00   -0.680278961255942338E+00   -0.336037538714190065E+01   -0.508186341800909815E+02   -0.474582587929490813E+02   -0.110351535193769461E+02    1
    0.140549391063481988E+01    0.333601333749015794E+00    0.848099926143930372E-01   -0.776544054307195086E+00   -0.336037538714190065E+01   -0.508186094096777126E+02   -0.474582340225358124E+02   -0.110451535193769441E+02    1
    0.911027442427205347E+00    0.376225357364567525E+00   -0.236203041623308629E+00   -0.313970172829029281E+00   -0.336037538714190065E+01   -0.508183920306660184E+02   -0.474580166435241182E+02   -0.110551535193769439E+02    1
    0.122971273204353837E+01   -0.353780625212944955E-01    0.211117329356439676E+00   -0.530052657240092318E+00   -0.336037538714190065E+01   -0.508182337582717807E+02   -0.474578583711298805E+02   -0.110651535193769455E+02    1
    0.126746974115061573E+01    0.415474563940544162E+00   -0.291333692789508936E+00   -0.321591087287255828E+00   -0.336037538714190065E+01   -0.508178142398499944E+02   -0.474574388527080941E+02   -0.110751535193769488E+02    1
    0.148290167271265716E+01   -0.950918491802354993E-02    0.938502630637749746E-01   -0.446547956280598846E+00   -0.336037538714190065E+01   -0.508172222918961936E+02   -0.474568469047542933E+02   -0.110851535193769504E+02    1
    0.149573364455338886E+01    0.477403014737249887E+00   -0.273191219597026524E-01   -0.766553649666452674E+00   -0.336037538714190065E+01   -0.508169395567288973E+02   -0.474565641695869971E+02   -0.110951535193769502E+02    1
    0.122941219117136491E+01   -0.282806798416146421E-01    0.666257546085997632E-01   -0.350365253949910860E+00   -0.336037538714190065E+01   -0.508168543203229675E+02   -0.474564789331810672E+02   -0.111051535193769553E+02    1
   -0.696856730061883645E+00   -0.281794891774757694E+00    0.165652835552792199E+00    0.247644772578623495E+00   -0.336037538714190065E+01   -0.508164962952841464E+02   -0.474561209081422462E+02   -0.111151535193769551E+02    1
    0.122500904327286708E+01    0.597364483546392044E-02    0.857499476376271108E-01   -0.415572747055146241E+00   -0.336037538714190065E+01   -0.508156575355795326E+02   -0.474552821484376324E+02   -0.111251535193769460E+02    1
   -0.106199976209503100E+01    0.155263551554664980E+00   -0.172783185147797891E+00    0.335709758419034499E+00   -0.336037538714190065E+01   -0.508140626056325075E+02   -0.474536872184906073E+02   -0.111351535193769493E+02    1
    0.123290564642656841E+01    0.423427147260121206E+00   -0.254450458279863234E+00   -0.380747853147984650E+00   -0.336037538714190065E+01   -0.508132547001549000E+02   -0.474528793130129998E+02   -0.111451535193769491E+02    1
   -0.921401756353119605E+00   -0.467562410116943994E+00    0.216600602406756160E+00    0.440562263819040290E+00   -0.336037538714190065E+01   -0.508130275160182947E+02   -0.474526521288763945E+02   -0.111551535193769507E+02    1
   -0.120438310505218249E+01   -0.286051072834245801E-01   -0.725176603822766941E-01    0.391238562049788463E+00   -0.336037538714190065E+01   -0.508128529410516165E+02   -0.474524775539097163E+02   -0.111651535193769469E+02    1
    0.101568805613058943E+01   -0.212312716450818284E+00    0.229971093924132397E+00   -0.326630049498143060E+00   -0.336037538714190065E+01   -0.508128524025672021E+02   -0.474524770154253019E+02   -0.111751535193769467E+02    1
    0.135603391422737696E+01    0.125393638686837949E+00    0.270657148302428929E-01   -0.473162250983457822E+00   -0.336037538714190065E+01   -0.508123716956620584E+02   -0.474519963085201582E+02   -0.111851535193769482E+02    1
    0.115509093950568342E+01   -0.379674081404941077E+00    0.422558167709201848E+00   -0.428203183808012144E+00   -0.336037538714190065E+01   -0.508123433202108572E+02   -0.474519679330689570E+02   -0.111951535193769498E+02    1
   -0.125108843358066579E+01   -0.491683430745105010E+00    0.254892647559683327E+00    0.450304556774576037E+00   -0.336037538714190065E+01   -0.508108955697895013E+02   -0.474505201826476011E+02   -0.112051535193769514E+02    1
   -0.102930366291374109E+01    0.786080155183741525E-01   -0.970794358520967737E-01    0.300436484971634776E+00   -0.336037538714190065E+01   -0.508105995532461989E+02   -0.474502241661042987E+02   -0.112151535193769529E+02    1
    0.112521609655420907E+01    0.418510608257764760E+00   -0.897965653040502243E-01   -0.546601014217826142E+00   -0.336037538714190065E+01   -0.508103363933269065E+02   -0.474499610061850063E+02   -0.112251535193769527E+02    1
    0.763382984331282710E+00    0.822260263907774736E-01    0.258726433214235829E-01   -0.295359796505305305E+00   -0.336037538714190065E+01   -0.508091928697113246E+02   -0.474488174825694244E+02   -0.112351535193769525E+02    1
   -0.101266860073284359E+01    0.230293542608905888E-01   -0.957419275068498443E-01    0.334709929234924708E+00   -0.336037538714190065E+01   -0.508091380981593872E+02   -0.474487627110174870E+02   -0.112451535193769505E+02    1
   -0.123937320291275155E+01   -0.453262546285548185E+00    0.244774803764922222E+00    0.412784162149526734E+00   -0.336037538714190065E+01   -0.508071974112555012E+02   -0.474468220241136009E+02   -0.112551535193769485E+02    1
    0.973742959311217682E+00   -0.275501102103415274E+00    0.312913901728934407E+00   -0.350669472649572267E+00   -0.336037538714190065E+01   -0.508070610668760168E+02   -0.474466856797341165E+02   -0.112651535193769465E+02    1
    0.116721867983220395E+01    0.519488521649635882E+00   -0.389742479636824957E+00   -0.370834969556799010E+00   -0.336037538714190065E+01   -0.508070348129732707E+02   -0.474466594258313705E+02   -0.112751535193769428E+02    1
   -0.968420688370852156E+00   -0.781061109419627364E-01   -0.145504403682237271E+00    0.507658955054873573E+00   -0.336037538714190065E+01   -0.508056267049487644E+02   -0.474452513178068642E+02   -0.112851535193769514E+02    1
    0.149723368813668944E+01    0.281356245989988540E+00    0.612140204646651753E-01   -0.690407150797159641E+00   -0.336037538714190065E+01   -0.508049899275671066E+02   -0.474446145404252064E+02   -0.112951535193769441E+02    1
    0.769460141658782959E+00    0.312792420387268066E+00   -0.120797157287597656E+00   -0.331207561492919966E+00   -0.336037538714190065E+01   -0.508043603233198198E+02   -0.474439849361779196E+02   -0.113051535193769475E+02    1
    0.115028148265709795E+01    0.256396491422048456E+00   -0.104776742581245252E+00   -0.352923251304231411E+00   -0.336037538714190065E+01   -0.508042815957852412E+02   -0.474439062086433410E+02   -0.113151535193769508E+02    1
   -0.120349364276260373E+01    0.210326044362796338E-02   -0.961865803204811076E-01    0.397686576861273178E+00   -0.336037538714190065E+01   -0.508035466830230646E+02   -0.474431712958811644E+02   -0.113251535193769524E+02    1
    0.130094441417213780E+01    0.465673242337069304E+00   -0.536332697269004122E-01   -0.691548715102663691E+00   -0.336037538714190065E+01   -0.508031863474243863E+02   -0.474428109602824861E+02   -0.113351535193769486E+02    1
    0.143698361256262697E+01   -0.407961684921752221E+00    0.473680859140697130E+00   -0.530289260143397279E+00   -0.336037538714190065E+01   -0.508029772544754294E+02   -0.474426018673335292E+02   -0.113451535193769519E+02    1
   -0.147675139682163081E+01   -0.712062443579106530E+00    0.308512133735433514E+00    0.696086191421902756E+00   -0.336037538714190065E+01   -0.508028615184926480E+02   -0.474424861313507478E+02   -0.113551535193769464E+02    1
   -0.103985008025784387E+01   -0.303975280458743669E+00    0.168318129041425069E+00    0.303698945491856609E+00   -0.336037538714190065E+01   -0.508026879918107213E+02   -0.474423126046688211E+02   -0.113651535193769444E+02    1
    0.133931243732924043E+01    0.612544098823269767E+00   -0.267663547960303561E+00   -0.613915384561003363E+00   -0.336037538714190065E+01   -0.508026404909278000E+02   -0.474422651037858998E+02   -0.113751535193769477E+02    1
    0.107760820449539585E+01   -0.113857331448202093E+00    0.117924555601963466E+00   -0.303643801960493509E+00   -0.336037538714190065E+01   -0.508017768054356083E+02   -0.474414014182937080E+02   -0.113851535193769493E+02    1
   -0.696177542405640004E+00   -0.187546233780462757E+00   -0.923126171162791387E-02    0.361061144698671788E+00   -0.336037538714190065E+01   -0.508016283148629810E+02   -0.474412529277210808E+02   -0.113951535193769544E+02    1
   -0.123675013130777267E+01    0.154651079392855717E-01   -0.242932301936021777E+00    0.599456518613507017E+00   -0.336037538714190065E+01   -0.508010527891985362E+02   -0.474406774020566360E+02   -0.114051535193769453E+02    1
   -0.145469182351069937E+01    0.756207287625514368E-01   -0.250425166267493560E+00    0.614963390793507036E+00   -0.336037538714190065E+01   -0.508010272377423888E+02   -0.474406518506004886E+02   -0.114151535193769433E+02    1
   -0.142226009478488868E+01   -0.227044380631707510E+00   -0.127694757866645636E+00    0.738967545437586137E+00   -0.336037538714190065E+01   -0.508009040929304092E+02   -0.474405287057885090E+02   -0.114251535193769502E+02    1
    0.140202315531135913E+01   -0.466500486025069439E+00    0.464549686083894908E+00   -0.454323216955879849E+00   -0.336037538714190065E+01   -0.508008222051189620E+02   -0.474404468179770618E+02   -0.114351535193769465E+02    1
   -0.847449440391714659E+00    0.286767362679391180E+00   -0.296772189946129528E+00    0.287580678355429553E+00   -0.336037538714190065E+01   -0.508007723608588577E+02   -0.474403969737169575E+02   -0.114451535193769427E+02    1
   -0.122581004679723327E+01   -0.506521962835540629E+00    0.405539582751694105E+00    0.332295192076073054E+00   -0.336037538714190065E+01   -0.508006816661343592E+02   -0.474403062789924590E+02   -0.114551535193769425E+02    1
    0.116405332729302380E+01    0.274727398502611075E+00   -0.334734757996555388E-01   -0.471247782549470307E+00   -0.336037538714190065E+01   -0.508005769061254924E+02   -0.474402015189835922E+02   -0.114651535193769476E+02    1
   -0.121413282403180434E+01    0.225311871430349697E+00   -0.203332396307471353E+00    0.337106534290732007E+00   -0.336037538714190065E+01   -0.508003446581445885E+02   -0.474399692710026883E+02   -0.114751535193769509E+02    1
    0.880006999272623602E+00    0.127105118509943438E+00    0.840864564321468499E-01   -0.451844958932388352E+00   -0.336037538714190065E+01   -0.507996679189880496E+02   -0.474392925318461494E+02   -0.114851535193769489E+02    1
   -0.118968772661891342E+01   -0.907761862458764668E-01   -0.162816812012832379E+00    0.599489074638714037E+00   -0.336037538714190065E+01   -0.507996257186531892E+02   -0.474392503315112890E+02   -0.114951535193769505E+02    1
   -0.147845001849891267E+01   -0.324646982700253828E+00   -0.154704007277631783E-01    0.686683348162692386E+00   -0.336037538714190065E+01   -0.507996175181816056E+02   -0.474392421310397054E+02   -0.115051535193769467E+02    1
    0.120533625041229620E+01    0.436428395031646321E+00   -0.966210882074539645E-01   -0.588026347850773234E+00   -0.336037538714190065E+01   -0.507990689623003533E+02   -0.474386935751584531E+02   -0.115151535193769430E+02    1
   -0.119955076453082743E+01   -0.135377444213250264E+00   -0.196532677299545711E-01    0.416532046626054253E+00   -0.336037538714190065E+01   -0.507986142750889726E+02   -0.474382388879470724E+02   -0.115251535193769428E+02    1
   -0.124762646357859230E+01   -0.434334356895418328E+00    0.782850873121159196E-01    0.617834198383370392E+00   -0.336037538714190065E+01   -0.507985935924462737E+02   -0.474382182053043735E+02   -0.115351535193769426E+02    1
   -0.116871775145120282E+01   -0.426829749915142331E+00    0.196798161091940926E+00    0.445863767533633437E+00   -0.336037538714190065E+01   -0.507981374910212509E+02   -0.474377621038793507E+02   -0.115451535193769423E+02    1
    0.149133757399364830E+01    0.360700569734283327E+00    0.514845433848376555E-01   -0.768325818995795773E+00   -0.336037538714190065E+01   -0.507980787780546947E+02   -0.474377033909127945E+02   -0.115551535193769439E+02    1
    0.604676183474762485E+00    0.286384742722457730E+00   -0.243746454055031814E+00   -0.181782470497004356E+00   -0.336037538714190065E+01   -0.507978919508298006E+02   -0.474375165636879004E+02   -0.115651535193769455E+02    1
    0.116040791195181692E+01    0.455219013808474848E+00   -0.158436337316009812E+00   -0.524260666519142271E+00   -0.336037538714190065E+01   -0.507965823101930383E+02   -0.474362069230511381E+02   -0.115751535193769453E+02    1
    0.111183882523782618E+01    0.528187293353068021E+00   -0.218406534974560529E+00   -0.531050209159808384E+00   -0.336037538714190065E+01   -0.507964955275580650E+02   -0.474361201404161648E+02   -0.115851535193769433E+02    1
    0.106867241228186005E+01    0.475770513832640463E+00   -0.177507853538298566E+00   -0.502970184012346277E+00   -0.336037538714190065E+01   -0.507963559562000668E+02   -0.474359805690581666E+02   -0.115951535193769448E+02    1
    0.145043636062192371E+01   -0.806400623652576698E-01    0.295519535460275762E+00   -0.651082058646518469E+00   -0.336037538714190065E+01   -0.507963191501021782E+02   -0.474359437629602780E+02   -0.116051535193769446E+02    1
   -0.692020467776995996E+00   -0.271925495389919947E+00    0.107786837780505795E+00    0.297447472894237563E+00   -0.336037538714190065E+01   -0.507956465175759959E+02   -0.474352711304340957E+02   -0.116151535193769408E+02    1
   -0.115393272471757768E+01   -0.117953010497506394E+00   -0.111277361271024944E-01    0.391006286874106435E+00   -0.336037538714190065E+01   -0.507955563046434193E+02   -0.474351809175015191E+02   -0.116251535193769424E+02    1
    0.134083702357979373E+01   -0.218735921792902355E+00    0.261041186779714884E+00   -0.453236366377259892E+00   -0.336037538714190065E+01   -0.507945998106748746E+02   -0.474342244235329744E+02   -0.116351535193769458E+02    1
    0.134183679640335685E+01    0.445119622951440697E+00   -0.263477597632492566E+00   -0.397035904228036640E+00   -0.336037538714190065E+01   -0.507943219864651638E+02   -0.474339465993232636E+02   -0.116451535193769455E+02    1
   -0.125324871322093911E+01    0.105112373794070013E+00   -0.127168833568694906E+00    0.360942461755218380E+00   -0.336037538714190065E+01   -0.507940290092634683E+02   -0.474336536221215681E+02   -0.116551535193769418E+02    1
    0.118089483044273758E+01    0.562822333686587406E+00   -0.311590930593562354E+00   -0.493339582892772022E+00   -0.336037538714190065E+01   -0.507933279869579195E+02   -0.474329525998160193E+02   -0.116651535193769451E+02    1
    0.601712340448929517E+00   -0.122433724164248359E+00    0.145696334407072525E+00   -0.208944358821828269E+00   -0.336037538714190065E+01   -0.507931584872853250E+02   -0.474327831001434248E+02   -0.116751535193769502E+02    1
   -0.841578503626451813E+00   -0.151700760300840010E+00    0.140714164162252242E-01    0.308110381545470435E+00   -0.336037538714190065E+01   -0.507927953230188223E+02   -0.474324199358769221E+02   -0.116851535193769465E+02    1
    0.122982609780811192E+01    0.761096734209012471E-01    0.382195624057333205E-01   -0.407837534026693482E+00   -0.336037538714190065E+01   -0.507927320164192366E+02   -0.474323566292773364E+02   -0.116951535193769445E+02    1
    0.107156832302727345E+01   -0.164565575727999569E-01    0.944979531846126264E-01   -0.354688599165119134E+00   -0.336037538714190065E+01   -0.507924664358966282E+02   -0.474320910487547280E+02   -0.117051535193769460E+02    1
    0.140561822808724335E+01    0.158609205455791491E+00    0.785494944337881140E-01   -0.573970911038291565E+00   -0.336037538714190065E+01   -0.507921951819542556E+02   -0.474318197948123554E+02   -0.117151535193769476E+02    1
   -0.833684860300828556E+00   -0.252313516881075284E-01   -0.693336265127963980E-01    0.306250871411813508E+00   -0.336037538714190065E+01   -0.507921073415623070E+02   -0.474317319544204068E+02   -0.117251535193769456E+02    1
   -0.143766055808844229E+01   -0.134446186056956130E+00   -0.224352800199831837E-01    0.474296050038423456E+00   -0.336037538714190065E+01   -0.507918443967524667E+02   -0.474314690096105664E+02   -0.117351535193769418E+02    1
    0.147799697067433966E+01   -0.305324546451559264E+00    0.289834079888101614E+00   -0.432068121350135836E+00   -0.336037538714190065E+01   -0.507916532438122985E+02   -0.474312778566703983E+02   -0.117451535193769399E+02    1
    0.126178432320375311E+01    0.536853088485734986E+00   -0.546982493462415453E+00   -0.241313908429975910E+00   -0.336037538714190065E+01   -0.507909422348485791E+02   -0.474305668477066789E+02   -0.117551535193769414E+02    1
    0.139866341114312664E+01    0.641915817409491218E+00   -0.567378466093881206E+00   -0.378735156033289000E+00   -0.336037538714190065E+01   -0.507909345139797637E+02   -0.474305591268378635E+02   -0.117651535193769430E+02    1
    0.144463814400034218E+01    0.326024415325800510E+00   -0.945568970192374181E-01   -0.498019604497997592E+00   -0.336037538714190065E+01   -0.507909100192438956E+02   -0.474305346321019954E+02   -0.117751535193769463E+02    1
   -0.138412161239172837E+01   -0.426284197330567993E+00    0.217462174586891877E+00    0.442689310864700092E+00   -0.336037538714190065E+01   -0.507908660739168454E+02   -0.474304906867749452E+02   -0.117851535193769479E+02    1
    0.109375667769359053E+01   -0.232639818636057871E+00    0.228294151558202874E+00   -0.332231210812357625E+00   -0.336037538714190065E+01   -0.507901562641401654E+02   -0.474297808769982652E+02   -0.117951535193769459E+02    1
   -0.902780332899419502E+00   -0.983485404322113066E-01   -0.875716467388429898E-01    0.424670709659351608E+00   -0.336037538714190065E+01   -0.507900485576800946E+02   -0.474296731705381944E+02   -0.118051535193769439E+02    1
    0.144799104990477723E+01    0.548606249575570359E+00   -0.367564295317006851E+00   -0.434292334259923862E+00   -0.336037538714190065E+01   -0.507900033690323554E+02   -0.474296279818904551E+02   -0.118151535193769472E+02    1
   -0.122313708288492928E+01   -0.128978548020445949E+00   -0.101301574412472561E+00    0.542659619068982968E+00   -0.336037538714190065E+01   -0.507898454679890108E+02   -0.474294700808471106E+02   -0.118251535193769470E+02    1
   -0.738428727802189377E+00   -0.205241256918907267E+00    0.882269858547144459E-01    0.243704729420353594E+00   -0.336037538714190065E+01   -0.507898423808561574E+02   -0.474294669937142572E+02   -0.118351535193769397E+02    1
   -0.139421942858490144E+01   -0.188518296213536996E+00   -0.129116976764681146E+00    0.694120895184125120E+00   -0.336037538714190065E+01   -0.507898272941548186E+02   -0.474294519070129184E+02   -0.118451535193769431E+02    1
   -0.140507771779170509E+01   -0.105168570387708993E+00   -0.169157079236943231E+00    0.660873182725323804E+00   -0.336037538714190065E+01   -0.507896409568514997E+02   -0.474292655697095995E+02   -0.118551535193769446E+02    1
   -0.858168725688865486E+00    0.227800496020709398E+00   -0.272556072850470787E+00    0.322168804429550537E+00   -0.336037538714190065E+01   -0.507893609403859259E+02   -0.474289855532440257E+02   -0.118651535193769391E+02    1
    0.148316188224929579E+01    0.102462335298136642E+00    0.830230854339053526E-01   -0.542012264781200237E+00   -0.336037538714190065E+01   -0.507893309017837282E+02   -0.474289555146418280E+02   -0.118751535193769389E+02    1
    0.124307451014037262E+01    0.214247007256750832E+00    0.440007896870644455E-01   -0.545361400916007044E+00   -0.336037538714190065E+01   -0.507890827964168636E+02   -0.474287074092749634E+02   -0.118851535193769422E+02    1
   -0.950041028319539294E+00    0.964167019830797223E-01   -0.222788948557171351E+00    0.420066834732092387E+00   -0.336037538714190065E+01   -0.507887262064640979E+02   -0.474283508193221977E+02   -0.118951535193769455E+02    1
    0.963598905714385445E+00    0.365649927359896765E+00   -0.273555069646842952E+00   -0.250666523732220425E+00   -0.336037538714190065E+01   -0.507887241139471399E+02   -0.474283487268052397E+02   -0.119051535193769453E+02    1
    0.772472920540977714E+00    0.225411679639511364E+00   -0.979149947344761795E-01   -0.263146427169072772E+00   -0.336037538714190065E+01   -0.507886158527640745E+02   -0.474282404656221743E+02   -0.119151535193769504E+02    1
    0.119045197975473327E+01    0.412690846084966978E+00   -0.757261527270973733E-01   -0.575398292661363109E+00   -0.336037538714190065E+01   -0.507885420991835232E+02   -0.474281667120416230E+02   -0.119251535193769467E+02    1
   -0.119750805383023184E+01   -0.357587976600954427E+00    0.112721695118235488E+00    0.473278233909758539E+00   -0.336037538714190065E+01   -0.507884139974724604E+02   -0.474280386103305602E+02   -0.119351535193769447E+02    1
    0.144937363943495034E+01    0.224249023086058541E+00    0.982634160826167946E-01   -0.686390948145526369E+00   -0.336037538714190065E+01   -0.507878451002955771E+02   -0.474274697131536769E+02   -0.119451535193769427E+02    1
    0.119439372276154065E+01    0.106836010108581236E+00    0.767989422492165730E-01   -0.475926165778666921E+00   -0.336037538714190065E+01   -0.507878359884872808E+02   -0.474274606013453806E+02   -0.119551535193769443E+02    1
    0.139895633394894947E+01    0.308863659101711319E+00    0.342058584150704004E-01   -0.664463560832998623E+00   -0.336037538714190065E+01   -0.507877231033191876E+02   -0.474273477161772874E+02   -0.119651535193769440E+02    1
    0.147803689119444659E+01    0.308160080761853639E+00   -0.790708683656309308E-01   -0.514273975273789041E+00   -0.336037538714190065E+01   -0.507872962225283615E+02   -0.474269208353864613E+02   -0.119751535193769421E+02    1
   -0.111130009176343325E+01    0.114518062760982087E+00   -0.199863886241544941E+00    0.411074157684473196E+00   -0.336037538714190065E+01   -0.507872531289068405E+02   -0.474268777417649403E+02   -0.119851535193769418E+02    1
   -0.142753431409868226E+01   -0.176979465633151589E+00   -0.136635738085490344E+00    0.701006116058978890E+00   -0.336037538714190065E+01   -0.507871937900651389E+02   -0.474268184029232387E+02   -0.119951535193769452E+02    1
    0.119167612966620107E+01    0.308416878651074144E+00   -0.592060949707096107E-02   -0.560500751106679296E+00   -0.336037538714190065E+01   -0.507864655757419001E+02   -0.474260901885999999E+02   -0.120051535193769467E+02    1
    0.144518966575214858E+01    0.642601842005879220E+00   -0.248906413379842206E+00   -0.674000400898553731E+00   -0.336037538714190065E+01   -0.507855703673898802E+02   -0.474251949802479800E+02   -0.120151535193769430E+02    1
    0.119069123512493036E+01    0.162472071350690861E+00    0.276584427328478988E-01   -0.470981154177578742E+00   -0.336037538714190065E+01   -0.507854647272104671E+02   -0.474250893400685669E+02   -0.120251535193769445E+02    1
    0.121694995643429182E+01    0.398842624404322166E+00   -0.121398287850499553E+00   -0.512439875811299128E+00   -0.336037538714190065E+01   -0.507854597357145963E+02   -0.474250843485726961E+02   -0.120351535193769426E+02    1
   -0.141477795782445881E+01   -0.108534551100709198E+00   -0.147494614312917660E+00    0.648371147251601609E+00   -0.336037538714190065E+01   -0.507851989971756979E+02   -0.474248236100337976E+02   -0.120451535193769441E+02    1
   -0.139473692088000734E+01   -0.163846424737263519E+00   -0.303671378873868747E-01    0.506114696042228696E+00   -0.336037538714190065E+01   -0.507845407434302984E+02   -0.474241653562883982E+02   -0.120551535193769492E+02    1
   -0.149327524184590676E+01    0.521893873217362803E-01   -0.296414500117857527E+00    0.697354440820317611E+00   -0.336037538714190065E+01   -0.507843524182980914E+02   -0.474239770311561912E+02   -0.120651535193769472E+02    1
    0.103176525223205573E+01    0.271500563453996868E+00   -0.458962351234726285E-02   -0.492867909165865647E+00   -0.336037538714190065E+01   -0.507842616166473348E+02   -0.474238862295054346E+02   -0.120751535193769470E+02    1
    0.115641757780290000E+01    0.324528207771099142E+00   -0.717615087133076646E-01   -0.472967337517355313E+00   -0.336037538714190065E+01   -0.507841917541537811E+02   -0.474238163670118809E+02   -0.120851535193769504E+02    1
    0.146312329731467949E+01    0.634537712093662165E+00   -0.302425604695644945E+00   -0.615786699297263485E+00   -0.336037538714190065E+01   -0.507841626380550011E+02   -0.474237872509131009E+02   -0.120951535193769466E+02    1
    0.144525049757025359E+01    0.596735140710127787E+00   -0.392816547463388677E+00   -0.460411697108886075E+00   -0.336037538714190065E+01   -0.507838875250571391E+02   -0.474235121379152389E+02   -0.121051535193769411E+02    1
   -0.135664842762648141E+01    0.563479191727649376E-01   -0.212682800357529511E+00    0.558397066457051006E+00   -0.336037538714190065E+01   -0.507837949346454778E+02   -0.474234195475035776E+02   -0.121151535193769444E+02    1
    0.131836451706437163E+01    0.547984853269700700E+00   -0.466192393366870683E+00   -0.318926598153726926E+00   -0.336037538714190065E+01   -0.507835637597047835E+02   -0.474231883725628833E+02   -0.121251535193769460E+02    1
    0.142416174229235803E+01   -0.139334871762368806E+00    0.322795194956516873E+00   -0.622151565549166063E+00   -0.336037538714190065E+01   -0.507833876493775662E+02   -0.474230122622356660E+02   -0.121351535193769386E+02    1
    0.130444898740910453E+01    0.299928827259245967E+00   -0.784335824928916736E-01   -0.469137729882353804E+00   -0.336037538714190065E+01   -0.507832676338365658E+02   -0.474228922466946656E+02   -0.121451535193769420E+02    1
    0.102298596566458366E+01    0.220593537583922750E+00   -0.195812164631168351E-01   -0.420723682824631795E+00   -0.336037538714190065E+01   -0.507832356890657408E+02   -0.474228603019238406E+02   -0.121551535193769453E+02    1
   -0.771367962497127690E+00   -0.277670450818440218E+00    0.934371515405425512E-01    0.324903194501605652E+00   -0.336037538714190065E+01   -0.507827662372027220E+02   -0.474223908500608218E+02   -0.121651535193769433E+02    1
    0.868345294939820711E+00   -0.457857398918097847E-01    0.129251980304244452E+00   -0.338469986103739739E+00   -0.336037538714190065E+01   -0.507826553400506242E+02   -0.474222799529087240E+02   -0.121751535193769413E+02    1
    0.745805132221311951E+00    0.310092251344731284E+00   -0.104132824187019413E+00   -0.350982606131581720E+00   -0.336037538714190065E+01   -0.507826156403517572E+02   -0.474222402532098570E+02   -0.121851535193769358E+02    1
   -0.140418412509571588E+01    0.266558936147672565E+00   -0.385275082371636102E+00    0.564604555025594479E+00   -0.336037538714190065E+01   -0.507825855503978545E+02   -0.474222101632559543E+02   -0.121951535193769427E+02    1
    0.147773744135976504E+01    0.531094548655911325E+00   -0.336829371539242084E+00   -0.440409225914631497E+00   -0.336037538714190065E+01   -0.507824036422401477E+02   -0.474220282550982475E+02   -0.122051535193769496E+02    1
    0.132614266188951513E+01   -0.690209769718659327E-01    0.133975794497901646E+00   -0.428063610633951042E+00   -0.336037538714190065E+01   -0.507822353663965984E+02   -0.474218599792546982E+02   -0.122151535193769423E+02    1
    0.811244971102897949E+00   -0.124860251878448070E+00    0.184839162448133143E+00   -0.313325489010524594E+00   -0.336037538714190065E+01   -0.507821562581155632E+02   -0.474217808709736630E+02   -0.122251535193769385E+02    1
    0.130991589694725707E+01    0.353545103665634741E+00   -0.109827486048672096E+00   -0.482771416808726928E+00   -0.336037538714190065E+01   -0.507821318629671552E+02   -0.474217564758252550E+02   -0.122351535193769383E+02    1
    0.149737232117794816E+01   -0.319182007408260970E+00    0.351626114776700804E+00   -0.495535972434509919E+00   -0.336037538714190065E+01   -0.507820141598242003E+02   -0.474216387726823001E+02   -0.122451535193769416E+02    1
    0.116634765137298713E+01    0.268826988371209996E+00   -0.417252137629873232E-01   -0.458586612226593804E+00   -0.336037538714190065E+01   -0.507817990793901402E+02   -0.474214236922482399E+02   -0.122551535193769450E+02    1
   -0.137258186189626885E+01   -0.510201470059476248E+00    0.280297972029303288E+00    0.462369577177792923E+00   -0.336037538714190065E+01   -0.507817857584206820E+02   -0.474214103712787818E+02   -0.122651535193769465E+02    1
   -0.141307779315006066E+01    0.278259406285819244E+00   -0.287429779086825210E+00    0.439573683035616503E+00   -0.336037538714190065E+01   -0.507816915996875977E+02   -0.474213162125456975E+02   -0.122751535193769445E+02    1
   -0.963272326772187659E+00   -0.102694607476185862E+00   -0.850477052799845090E-01    0.446797089681819193E+00   -0.336037538714190065E+01   -0.507816436655934282E+02   -0.474212682784515280E+02   -0.122851535193769408E+02    1
   -0.883237312595627877E+00    0.621238170504048171E-01   -0.951663697816683696E-01    0.276477790354797248E+00   -0.336037538714190065E+01   -0.507815655949141842E+02   -0.474211902077722840E+02   -0.122951535193769388E+02    1
    0.117518589126091921E+01    0.474923298789613257E+00   -0.150686777975595376E+00   -0.552232054207497658E+00   -0.336037538714190065E+01   -0.507814790209651150E+02   -0.474211036338232148E+02   -0.123051535193769421E+02    1
    0.129991526891447329E+01    0.546063585076324021E-01    0.174096260904238020E+00   -0.602688165262618814E+00   -0.336037538714190065E+01   -0.507813838910037489E+02   -0.474210085038618487E+02   -0.123151535193769419E+02    1
   -0.135556204736268660E+01   -0.259434130201247282E+00    0.536288548542040999E-02    0.553807442398098759E+00   -0.336037538714190065E+01   -0.507812955839128080E+02   -0.474209201967709078E+02   -0.123251535193769381E+02    1
    0.124022780052886494E+01    0.170356843320772944E+00    0.592613603726437344E-01   -0.538576493343819074E+00   -0.336037538714190065E+01   -0.507812686979614227E+02   -0.474208933108195225E+02   -0.123351535193769379E+02    1
    0.130699170708268753E+01    0.595561039572483519E+00   -0.283743503228940930E+00   -0.568242329049496342E+00   -0.336037538714190065E+01   -0.507808465037722527E+02   -0.474204711166303525E+02   -0.123451535193769395E+02    1
    0.136372419750954021E+01   -0.105412753900860467E+00    0.296502008210589141E+00   -0.611349479948788965E+00   -0.336037538714190065E+01   -0.507806768618258957E+02   -0.474203014746839955E+02   -0.123551535193769428E+02    1
   -0.144308341046490440E+01   -0.172711534258060961E+00   -0.100243013196524622E+00    0.648252514994341000E+00   -0.336037538714190065E+01   -0.507806081038570056E+02   -0.474202327167151054E+02   -0.123651535193769408E+02    1
   -0.138508969729327358E+01   -0.552871606396935888E+00    0.370752682524468913E+00    0.433466313903480005E+00   -0.336037538714190065E+01   -0.507805764485499083E+02   -0.474202010614080081E+02   -0.123751535193769424E+02    1
   -0.128302031963102503E+01   -0.251951267913288479E+00    0.265256183637689880E-01    0.496083101335855536E+00   -0.336037538714190065E+01   -0.507805474512903103E+02   -0.474201720641484101E+02   -0.123851535193769422E+02    1
   -0.140404463413094294E+01   -0.231874083311358170E+00   -0.931037661430056396E-02    0.545778649175749919E+00   -0.336037538714190065E+01   -0.507805413613695080E+02   -0.474201659742276078E+02   -0.123951535193769384E+02    1
   -0.103900133025077279E+01   -0.383192824103028240E+00    0.103019402420744921E+00    0.484311279278266893E+00   -0.336037538714190065E+01   -0.507802878247641090E+02   -0.474199124376222088E+02   -0.124051535193769382E+02    1
    0.863725371153666988E+00    0.354521420313240743E+00   -0.236228502006720076E+00   -0.278928700829751741E+00   -0.336037538714190065E+01   -0.507801426722055425E+02   -0.474197672850636422E+02   -0.124151535193769398E+02    1
    0.126721978704064409E+01    0.144715319069856685E+00    0.586373221055223048E-01   -0.517307514506821109E+00   -0.336037538714190065E+01   -0.507800765763075148E+02   -0.474197011891656146E+02   -0.124251535193769431E+02    1
   -0.103402710729675595E+01   -0.214584153102764130E+00    0.309717956379127468E-01    0.396762724268237221E+00   -0.336037538714190065E+01   -0.507800415628137998E+02   -0.474196661756718996E+02   -0.124351535193769447E+02    1
   -0.111373092961596298E+01   -0.279497360861994393E+00    0.224154452536440285E-01    0.497067205636590348E+00   -0.336037538714190065E+01   -0.507799226866264632E+02   -0.474195472994845630E+02   -0.124451535193769427E+02    1
   -0.124504913511182336E+01    0.103381205492627526E+00   -0.269619652047542901E+00    0.550774915711117696E+00   -0.336037538714190065E+01   -0.507798060466803136E+02   -0.474194306595384134E+02   -0.124551535193769389E+02    1
   -0.139587099172762774E+01    0.223819869511428182E+00   -0.344110968406563744E+00    0.555265122671691591E+00   -0.336037538714190065E+01   -0.507793777216289470E+02   -0.474190023344870468E+02   -0.124651535193769369E+02    1
   -0.102974638499664106E+01   -0.392477127560048933E+00    0.269615371169117157E+00    0.296725363930736563E+00   -0.336037538714190065E+01   -0.507791886626048097E+02   -0.474188132754629095E+02   -0.124751535193769385E+02    1
   -0.123188365458201599E+01   -0.205129601836591569E+00   -0.479975349293616516E-01    0.543577949056649690E+00   -0.336037538714190065E+01   -0.507791355365562609E+02   -0.474187601494143607E+02   -0.124851535193769383E+02    1
    0.113202008182334835E+01    0.301263418685513873E+00   -0.362412251148360731E-01   -0.496636076121434122E+00   -0.336037538714190065E+01   -0.507790925358314951E+02   -0.474187171486895949E+02   -0.124951535193769399E+02    1
   -0.660462216233884458E+00   -0.377792685480091706E-01   -0.810701530385875557E-01    0.305575755126347159E+00   -0.336037538714190065E+01   -0.507788403556472474E+02   -0.474184649685053472E+02   -0.125051535193769414E+02    1
   -0.111071052784098301E+01    0.238764403414907456E+00   -0.278887566869481462E+00    0.387544435725480252E+00   -0.336037538714190065E+01   -0.507784439111127028E+02   -0.474180685239708026E+02   -0.125151535193769394E+02    1
   -0.136483132099914495E+01    0.441878746539559053E-02   -0.111402068454310998E+00    0.468075538579149963E+00   -0.336037538714190065E+01   -0.507783318582508656E+02   -0.474179564711089654E+02   -0.125251535193769392E+02    1
   -0.885338906278765658E+00   -0.380487848771902115E+00    0.260574975382394269E+00    0.291360907178340955E+00   -0.336037538714190065E+01   -0.507781639562645992E+02   -0.474177885691226990E+02   -0.125351535193769408E+02    1
    0.100758655757707993E+01    0.967904406958330910E-01    0.923212048450086087E-01   -0.454401825237427726E+00   -0.336037538714190065E+01   -0.507781405161205939E+02   -0.474177651289786937E+02   -0.125451535193769388E+02    1
   -0.877391743493817766E+00   -0.322359794267597088E-01   -0.627192661342913516E-01    0.315460829415553423E+00   -0.336037538714190065E+01   -0.507780810992479061E+02   -0.474177057121060059E+02   -0.125551535193769404E+02    1
   -0.132171171813912136E+01   -0.211721573553587117E+00   -0.246239148244806749E-01    0.532221698924934872E+00   -0.336037538714190065E+01   -0.507780481864081565E+02   -0.474176727992662563E+02   -0.125651535193769437E+02    1
    0.123993064667606134E+01    0.476690554790983878E+00   -0.148367233920087216E+00   -0.565073039027427004E+00   -0.336037538714190065E+01   -0.507780420504180441E+02   -0.474176666632761439E+02   -0.125751535193769470E+02    1
    0.115132610120405143E+01    0.423102538919597926E+00   -0.219970404286440546E+00   -0.407828216448222980E+00   -0.336037538714190065E+01   -0.507779858560246424E+02   -0.474176104688827422E+02   -0.125851535193769468E+02    1
   -0.107813141562570580E+01   -0.262470844582127105E+00    0.122953964531584692E-01    0.485253349147065860E+00   -0.336037538714190065E+01   -0.507779010622361184E+02   -0.474175256750942182E+02   -0.125951535193769413E+02    1
    0.147358749984181658E+01    0.107173775604726851E+00    0.169216802202269090E+00   -0.686578093114506904E+00   -0.336037538714190065E+01   -0.507778306131588266E+02   -0.474174552260169264E+02   -0.126051535193769357E+02    1
    0.143867070370506500E+01    0.303711613618660614E+00    0.195914780174364367E-01   -0.653426611925609135E+00   -0.336037538714190065E+01   -0.507777959354537884E+02   -0.474174205483118882E+02   -0.126151535193769408E+02    1
    0.147813187592358108E+01    0.619051660638101797E+00   -0.518096343912755497E+00   -0.368939733223922095E+00   -0.336037538714190065E+01   -0.507777758463916626E+02   -0.474174004592497624E+02   -0.126251535193769389E+02    1
    0.104064980534603313E+01    0.412644157453189830E+00   -0.302791743442188621E+00   -0.289796415379034777E+00   -0.336037538714190065E+01   -0.507777335660877398E+02   -0.474173581789458396E+02   -0.126351535193769404E+02    1
   -0.145078614866121858E+01   -0.176667546415001375E+00   -0.709679982222870542E-01    0.595003985609346531E+00   -0.336037538714190065E+01   -0.507776923779551339E+02   -0.474173169908132337E+02   -0.126451535193769455E+02    1
    0.116388381869430058E+01   -0.317907217115696028E-01    0.161714257609828049E+00   -0.467145202673881377E+00   -0.336037538714190065E+01   -0.507774463259185893E+02   -0.474170709387766891E+02   -0.126551535193769382E+02    1
    0.137051003665561444E+01   -0.448839242013425732E-01    0.135127985074228629E+00   -0.463599185334148123E+00   -0.336037538714190065E+01   -0.507774297387516143E+02   -0.474170543516097140E+02   -0.126651535193769345E+02    1
    0.900860084389495608E+00    0.485093423028293280E-01    0.451054452004651107E-01   -0.315954301849539876E+00   -0.336037538714190065E+01   -0.507774236482123129E+02   -0.474170482610704127E+02   -0.126751535193769378E+02    1
   -0.123288287156426768E+01   -0.320786196504244003E+00    0.308852370347740823E-01    0.547356480235733800E+00   -0.336037538714190065E+01   -0.507773347395835373E+02   -0.474169593524416371E+02   -0.126851535193769429E+02    1
    0.126571699761382828E+01    0.244028214577866498E+00    0.354493396276083228E-01   -0.574464332662499633E+00   -0.336037538714190065E+01   -0.507772495535124335E+02   -0.474168741663705333E+02   -0.126951535193769462E+02    1
   -0.143876149159115618E+01   -0.355815025053399570E+00    0.305439460623480041E-01    0.626058772251859574E+00   -0.336037538714190065E+01   -0.507772023631934601E+02   -0.474168269760515599E+02   -0.127051535193769389E+02    1
   -0.123663468097604312E+00   -0.463991714863907223E-01    0.285865224325170253E-01    0.387353676598728436E-01   -0.336037538714190065E+01   -0.507771895294326043E+02   -0.474168141422907041E+02   -0.127151535193769352E+02    1
    0.103453924806343345E+01    0.316176585349679851E+00   -0.118372063757416601E+00   -0.383750069779428493E+00   -0.336037538714190065E+01   -0.507771539485687384E+02   -0.474167785614268382E+02   -0.127251535193769367E+02    1
   -0.121036108164840939E+01   -0.426066647758391426E+00    0.225048169212929361E+00    0.410166067055619310E+00   -0.336037538714190065E+01   -0.507771324621851363E+02   -0.474167570750432361E+02   -0.127351535193769383E+02    1
   -0.106530530474562246E+01   -0.309770338186303729E+00    0.722474205278049730E-01    0.447086477996460507E+00   -0.336037538714190065E+01   -0.507769776794014689E+02   -0.474166022922595687E+02   -0.127451535193769399E+02    1
   -0.849937618009871887E+00    0.923728050781746912E-01   -0.152346820386466852E+00    0.315990009131650762E+00   -0.336037538714190065E+01   -0.507769429675376784E+02   -0.474165675803957782E+02   -0.127551535193769396E+02    1
   -0.140584977448850057E+01   -0.184563705106292719E+00   -0.935701752105884133E-01    0.631598212393113867E+00   -0.336037538714190065E+01   -0.507768372331382736E+02   -0.474164618459963734E+02   -0.127651535193769430E+02    1
   -0.790848854831810444E+00   -0.174668368496219140E+00    0.195576490677480397E-01    0.320681325854634380E+00   -0.336037538714190065E+01   -0.507767895950129997E+02   -0.474164142078710995E+02   -0.127751535193769410E+02    1
   -0.105837348366212125E+01   -0.346270117500877994E+00    0.917616110599284163E-01    0.460429756752923414E+00   -0.336037538714190065E+01   -0.507767857192823726E+02   -0.474164103321404724E+02   -0.127851535193769372E+02    1
   -0.998583573940166946E+00   -0.372944257577548344E+00    0.226960563165085505E+00    0.319088700165560679E+00   -0.336037538714190065E+01   -0.507767599723937124E+02   -0.474163845852518122E+02   -0.127951535193769352E+02    1
   -0.143045974269210685E+01   -0.177634457323985862E+00   -0.101887742519065405E+00    0.642560029273066213E+00   -0.336037538714190065E+01   -0.507766981401258732E+02   -0.474163227529839730E+02   -0.128051535193769332E+02    1
   -0.138175309806571711E+01   -0.225811572811020156E+00   -0.453352456918182378E-01    0.602072378277813014E+00   -0.336037538714190065E+01   -0.507766800248806263E+02   -0.474163046377387261E+02   -0.128151535193769330E+02    1
   -0.879555304729951803E+00   -0.139494402282193342E+00   -0.427397125748290030E-01    0.399523915490078707E+00   -0.336037538714190065E+01   -0.507765521795789923E+02   -0.474161767924370920E+02   -0.128251535193769310E+02    1
    0.146032390495538511E+01    0.430652508450604543E+00   -0.128184902956393398E+00   -0.573277268509579496E+00   -0.336037538714190065E+01   -0.507763834494073194E+02   -0.474160080622654192E+02   -0.128351535193769379E+02    1
   -0.139558794337444425E+01   -0.511116190890244182E+00    0.299775735206846417E+00    0.447502910386892827E+00   -0.336037538714190065E+01   -0.507763160853723932E+02   -0.474159406982304930E+02   -0.128451535193769448E+02    1
   -0.788103635261352964E+00    0.160570074385377737E-01   -0.104308535723251161E+00    0.307765725572745286E+00   -0.336037538714190065E+01   -0.507762136952603669E+02   -0.474158383081184667E+02   -0.128551535193769428E+02    1
    0.133787974437774793E+01    0.266136934288891069E+00    0.179859091110075031E-01   -0.590246514137364842E+00   -0.336037538714190065E+01   -0.507761783673889084E+02   -0.474158029802470082E+02   -0.128651535193769408E+02    1
    0.139830024509544515E+01    0.629111615273578728E-01    0.170256740887779756E+00   -0.628019147986267345E+00   -0.336037538714190065E+01   -0.507761422365035173E+02   -0.474157668493616171E+02   -0.128751535193769406E+02    1
    0.123815956631887225E+01    0.318430386248739428E+00   -0.585044156289684647E-01   -0.505235124169471028E+00   -0.336037538714190065E+01   -0.507760554944405129E+02   -0.474156801072986127E+02   -0.128851535193769422E+02    1
   -0.751733457364828106E+00   -0.326055458487815919E+00    0.144095742058641729E+00    0.326151648294918051E+00   -0.336037538714190065E+01   -0.507760219720891612E+02   -0.474156465849472610E+02   -0.128951535193769384E+02    1
   -0.893606573312269004E+00    0.817275138835769077E-01   -0.191067996033540854E+00    0.383383435043535448E+00   -0.336037538714190065E+01   -0.507759809605525874E+02   -0.474156055734106872E+02   -0.129051535193769364E+02    1
   -0.134540597386115257E+01   -0.335573165124118944E+00    0.408614982439226004E-01    0.570927206992051683E+00   -0.336037538714190065E+01   -0.507759732888143418E+02   -0.474155979016724416E+02   -0.129151535193769416E+02    1
    0.114664774652639911E+01    0.327664257415358540E+00   -0.565495940326254942E-01   -0.501685651284270007E+00   -0.336037538714190065E+01   -0.507758681674771353E+02   -0.474154927803352351E+02   -0.129251535193769396E+02    1
    0.138428803929570599E+01    0.274529073395310963E-01    0.196690626526095258E+00   -0.618945959872417739E+00   -0.336037538714190065E+01   -0.507758179627069097E+02   -0.474154425755650095E+02   -0.129351535193769358E+02    1
    0.122255720787069633E+01    0.130845043828382801E+00    0.944665136450939524E-01   -0.538549894786917727E+00   -0.336037538714190065E+01   -0.507757114014346698E+02   -0.474153360142927696E+02   -0.129451535193769356E+02    1
   -0.922981592860879441E+00   -0.234544214933684492E+00    0.319696817626844432E-01    0.393055389812095868E+00   -0.336037538714190065E+01   -0.507756658198365187E+02   -0.474152904326946185E+02   -0.129551535193769336E+02    1
   -0.558050540589119404E+00   -0.159252202677713894E+00    0.392440131550804150E-01    0.226819727339369503E+00   -0.336037538714190065E+01   -0.507755810164149040E+02   -0.474152056292730038E+02   -0.129651535193769405E+02    1
   -0.125198466537349651E+01   -0.255649685718954967E+00    0.188370254711258678E-01    0.502310969191299028E+00   -0.336037538714190065E+01   -0.507754427644351836E+02   -0.474150673772932834E+02   -0.129751535193769403E+02    1
   -0.142629907311897619E+01   -0.417508088911641373E+00    0.121962436233962190E+00    0.562977832451624804E+00   -0.336037538714190065E+01   -0.507754257817894299E+02   -0.474150503946475297E+02   -0.129851535193769401E+02    1
    0.148805132773020743E+01    0.244643281522562983E+00    0.119921250575580896E-01   -0.584222896816475323E+00   -0.336037538714190065E+01   -0.507753676676781254E+02   -0.474149922805362252E+02   -0.129951535193769381E+02    1
   -0.115187896920361754E+01    0.488843333174566741E-01   -0.121044607011832062E+00    0.388583681609657949E+00   -0.336037538714190065E+01   -0.507752728790619230E+02   -0.474148974919200228E+02   -0.130051535193769379E+02    1
   -0.714856054994970513E+00   -0.183447656353452837E+00    0.271233740727940820E-01    0.302339092356092465E+00   -0.336037538714190065E+01   -0.507752326589944261E+02   -0.474148572718525259E+02   -0.130151535193769377E+02    1
   -0.143934740794068627E+01   -0.763116707696960273E-01   -0.134041042340725003E+00    0.587660747218685886E+00   -0.336037538714190065E+01   -0.507751963020565640E+02   -0.474148209149146638E+02   -0.130251535193769410E+02    1
    0.953374866311251346E+00   -0.109207994322624291E-01    0.888035656903938264E-01   -0.329063507638638730E+00   -0.336037538714190065E+01   -0.507751812773052293E+02   -0.474148058901633291E+02   -0.130351535193769426E+02    1
   -0.850713962381203559E+00   -0.120894514944118736E-01   -0.630010153739539724E-01    0.296062461243907782E+00   -0.336037538714190065E+01   -0.507751513863777575E+02   -0.474147759992358573E+02   -0.130451535193769388E+02    1
    0.120471689274867000E+01    0.151336781655306840E+00    0.306096794789487703E-01   -0.462867316359818926E+00   -0.336037538714190065E+01   -0.507751246578217916E+02   -0.474147492706798914E+02   -0.130551535193769386E+02    1
   -0.124571151791480661E+01    0.550642691787763816E-01   -0.207703562996825575E+00    0.515939316578859719E+00   -0.336037538714190065E+01   -0.507751147609171198E+02   -0.474147393737752196E+02   -0.130651535193769419E+02    1
   -0.129759844978746397E+01   -0.685101041670606037E-01   -0.805110353201110573E-01    0.478816224500134169E+00   -0.336037538714190065E+01   -0.507751094513109393E+02   -0.474147340641690391E+02   -0.130751535193769399E+02    1
    0.119515447764256955E+01    0.133881210993320066E+00    0.960458823302996478E-01   -0.543762665663433564E+00   -0.336037538714190065E+01   -0.507751011696365708E+02   -0.474147257824946706E+02   -0.130851535193769362E+02    1
   -0.107333404889007933E+01   -0.398578308256449798E+00    0.127051165855735615E+00    0.474527825179108520E+00   -0.336037538714190065E+01   -0.507750904635830409E+02   -0.474147150764411407E+02   -0.130951535193769359E+02    1
   -0.120531554485868564E+01   -0.393222643167942199E+00    0.119157019495955474E+00    0.498190997662219193E+00   -0.336037538714190065E+01   -0.507750731035642033E+02   -0.474146977164223031E+02   -0.131051535193769393E+02    1
    0.126128418619696436E+01    0.107205384397409897E+00    0.520554327740296863E-01   -0.458708047902545324E+00   -0.336037538714190065E+01   -0.507750443967414640E+02   -0.474146690095995638E+02   -0.131151535193769391E+02    1
    0.140131855367432223E+01    0.417886889639480952E+00   -0.104690047801433206E+00   -0.584364747248563243E+00   -0.336037538714190065E+01   -0.507749314795330662E+02   -0.474145560923911660E+02   -0.131251535193769353E+02    1
   -0.125386620255112846E+01    0.432779298624148545E-01   -0.212492843770341278E+00    0.537062375445575002E+00   -0.336037538714190065E+01   -0.507749109864153709E+02   -0.474145355992734707E+02   -0.131351535193769315E+02    1
   -0.114661462612542175E+01   -0.462458635331714163E+00    0.282096735403458254E+00    0.390319881959625858E+00   -0.336037538714190065E+01   -0.507748147059662855E+02   -0.474144393188243853E+02   -0.131451535193769349E+02    1
    0.144572687581137949E+01    0.516108036759792110E+00   -0.159182879427760104E+00   -0.632838091682533133E+00   -0.336037538714190065E+01   -0.507747721741319182E+02   -0.474143967869900180E+02   -0.131551535193769382E+02    1
    0.136125647597929689E+01    0.431904672646155952E+00   -0.112754973151927951E+00   -0.579298778950922633E+00   -0.336037538714190065E+01   -0.507747492903882787E+02   -0.474143739032463785E+02   -0.131651535193769345E+02    1
   -0.119663298152015130E+01   -0.510830089093894379E-01   -0.153208672474014151E+00    0.543409005674203582E+00   -0.336037538714190065E+01   -0.507746679375992329E+02   -0.474142925504573327E+02   -0.131751535193769342E+02    1
   -0.145937680672088210E+01   -0.587001973128342680E+00    0.311056117578504709E+00    0.535087236119467624E+00   -0.336037538714190065E+01   -0.507745540276439229E+02   -0.474141786405020227E+02   -0.131851535193769323E+02    1
   -0.100404088515774514E+01    0.160340627269233815E+00   -0.240031260460025098E+00    0.392411747473282446E+00   -0.336037538714190065E+01   -0.507745130825977995E+02   -0.474141376954558993E+02   -0.131951535193769320E+02    1
   -0.119089798174279582E+01    0.121608348147483225E+00   -0.234422393261050299E+00    0.476041477465462437E+00   -0.336037538714190065E+01   -0.507745130178595261E+02   -0.474141376307176259E+02   -0.132051535193769336E+02    1
   -0.135349395823841512E+01   -0.122532998014861505E+00   -0.741244476574797195E-01    0.525852638393739857E+00   -0.336037538714190065E+01   -0.507744867817272691E+02   -0.474141113945853689E+02   -0.132151535193769334E+02    1
   -0.904540726321458433E+00   -0.331514961868109026E+00    0.188047730298845472E+00    0.297823539440068785E+00   -0.336037538714190065E+01   -0.507744492930817870E+02   -0.474140739059398868E+02   -0.132251535193769367E+02    1
   -0.117395888407604376E+01   -0.124743911100552607E+00   -0.953120431443441607E-01    0.524743027006851603E+00   -0.336037538714190065E+01   -0.507744243756984162E+02   -0.474140489885565160E+02   -0.132351535193769418E+02    1
    0.104111746780166348E+01   -0.649765499130878776E-01    0.125463155536337911E+00   -0.353152427145122350E+00   -0.336037538714190065E+01   -0.507743334647648936E+02   -0.474139580776229934E+02   -0.132451535193769399E+02    1
   -0.975601521275145211E+00    0.176775793027146300E-01   -0.142915104812849081E+00    0.403118347329026738E+00   -0.336037538714190065E+01   -0.507742671911427834E+02   -0.474138918040008832E+02   -0.132551535193769343E+02    1
   -0.143307585955995220E+01    0.280510878893028837E+00   -0.339463120128212559E+00    0.505506477084332051E+00   -0.336037538714190065E+01   -0.507741954063283174E+02   -0.474138200191864172E+02   -0.132651535193769359E+02    1
    0.138726506140089878E+01    0.180107275062995509E+00    0.300703843294489737E-01   -0.527201898609162445E+00   -0.336037538714190065E+01   -0.507740402744187875E+02   -0.474136648872768873E+02   -0.132751535193769392E+02    1
   -0.143577204537707459E+01   -0.727387040942895080E-01   -0.125201078963141477E+00    0.582298728336018590E+00   -0.336037538714190065E+01   -0.507740101468926213E+02   -0.474136347597507211E+02   -0.132851535193769372E+02    1
   -0.395256969734782526E+00    0.390422590217869292E-01   -0.788353993951144139E-01    0.158870745102519861E+00   -0.336037538714190065E+01   -0.507738683890022742E+02   -0.474134930018603740E+02   -0.132951535193769352E+02    1
    0.133193848215658406E+01   -0.594626140268165515E+00    0.750029315255577922E+00   -0.617490597184483736E+00   -0.336037538714190065E+01   -0.507737690915482460E+02   -0.474133937044063458E+02   -0.133051535193769332E+02    1
   -0.609825700139106086E+00   -0.558183219715802093E-01   -0.557551139125529449E-01    0.273170622475485292E+00   -0.336037538714190065E+01   -0.507737077370704810E+02   -0.474133323499285808E+02   -0.133151535193769330E+02    1
   -0.122565368651739193E+01   -0.410943968074921617E+00    0.167652610065992302E+00    0.462363526698959637E+00   -0.336037538714190065E+01   -0.507736260085163309E+02   -0.474132506213744307E+02   -0.133251535193769346E+02    1
   -0.126002915493892198E+01   -0.484467670817681828E+00    0.302721939618832092E+00    0.398466828979832766E+00   -0.336037538714190065E+01   -0.507734769564338180E+02   -0.474131015692919178E+02   -0.133351535193769397E+02    1
   -0.987205581974194946E+00   -0.355934621269635709E+00    0.186317634723007108E+00    0.341145751309642531E+00   -0.336037538714190065E+01   -0.507734720753141389E+02   -0.474130966881722387E+02   -0.133451535193769431E+02    1
    0.146817534312805043E+01    0.622155645814789882E+00   -0.441881602428265685E+00   -0.451434675210207692E+00   -0.336037538714190065E+01   -0.507730925120597334E+02   -0.474127171249178332E+02   -0.133551535193769411E+02    1
   -0.124693885220184963E+01    0.220860530485669226E+00   -0.277414552929010627E+00    0.442132505252824881E+00   -0.336037538714190065E+01   -0.507730567917008813E+02   -0.474126814045589811E+02   -0.133651535193769355E+02    1
    0.123022414644382394E+01    0.502608680442456990E+00   -0.206645581517917565E+00   -0.525377064906625391E+00   -0.336037538714190065E+01   -0.507730140128477601E+02   -0.474126386257058599E+02   -0.133751535193769353E+02    1
   -0.861287138722836021E+00    0.560819213213643586E-01   -0.165572797082846113E+00    0.369861735026762117E+00   -0.336037538714190065E+01   -0.507729537855676796E+02   -0.474125783984257794E+02   -0.133851535193769404E+02    1
    0.116139404882329789E+01    0.158353400112688281E+00    0.280995367432481657E-01   -0.454906096333482446E+00   -0.336037538714190065E+01   -0.507729481570860841E+02   -0.474125727699441839E+02   -0.133951535193769420E+02    1
   -0.847428617645057169E+00    0.351713708427678906E-01   -0.125480047839137798E+00    0.337633691682135417E+00   -0.336037538714190065E+01   -0.507727899951446204E+02   -0.474124146080027202E+02   -0.134051535193769382E+02    1
    0.945058900444113892E+00    0.394620878859923474E+00   -0.214691324622708901E+00   -0.351429445356376935E+00   -0.336037538714190065E+01   -0.507727430914686835E+02   -0.474123677043267833E+02   -0.134151535193769345E+02    1
   -0.143470462805784660E+01   -0.507968004037862242E+00    0.196741026341474612E+00    0.574687004157595327E+00   -0.336037538714190065E+01   -0.507727248467056995E+02   -0.474123494595637993E+02   -0.134251535193769378E+02    1
   -0.843440209034843624E+00   -0.106647686393966268E+00   -0.280912213127979538E-01    0.331938702660777851E+00   -0.336037538714190065E+01   -0.507725342252668312E+02   -0.474121588381249310E+02   -0.134351535193769376E+02    1
    0.128561234477481001E+01   -0.800749855588746784E+00    0.835045511889618064E+00   -0.491228035985510403E+00   -0.336037538714190065E+01   -0.507724160001398488E+02   -0.474120406129979486E+02   -0.134451535193769338E+02    1
   -0.131471774061187707E+01   -0.111620072113035818E+00   -0.120734891231369934E+00    0.584369154701480653E+00   -0.336037538714190065E+01   -0.507724068466559544E+02   -0.474120314595140542E+02   -0.134551535193769372E+02    1
    0.143934565254486202E+01    0.134685315406148920E-01    0.129825491393420034E+00   -0.520370605376094475E+00   -0.336037538714190065E+01   -0.507723632047026996E+02   -0.474119878175607994E+02   -0.134651535193769423E+02    1
   -0.147975545891528659E+01    0.215120094869138967E-01   -0.215893794389061977E+00    0.624727185792334216E+00   -0.336037538714190065E+01   -0.507723309759064207E+02   -0.474119555887645205E+02   -0.134751535193769367E+02    1
    0.118506860640127831E+01    0.439626929412444856E+00   -0.218295282447352745E+00   -0.432664348026573831E+00   -0.336037538714190065E+01   -0.507722515146849673E+02   -0.474118761275430671E+02   -0.134851535193769294E+02    1
   -0.839649550045791004E+00   -0.350543037444609018E+00    0.172400609088475321E+00    0.331991997288510809E+00   -0.336037538714190065E+01   -0.507722174670399369E+02   -0.474118420798980367E+02   -0.134951535193769345E+02    1
   -0.147444759731011787E+01   -0.568175327019400767E+00    0.292463509373701580E+00    0.542052506666825806E+00   -0.336037538714190065E+01   -0.507721178806707840E+02   -0.474117424935288838E+02   -0.135051535193769414E+02    1
    0.122756175049006933E+01    0.549911600197891648E+00   -0.323181929727641037E+00   -0.466455678398795037E+00   -0.336037538714190065E+01   -0.507720648449011804E+02   -0.474116894577592802E+02   -0.135151535193769359E+02    1
   -0.119432328022024858E+01   -0.154545260965504028E-01   -0.136333937210260103E+00    0.485324617792120216E+00   -0.336037538714190065E+01   -0.507718702499082539E+02   -0.474114948627663537E+02   -0.135251535193769303E+02    1
    0.113657641385856367E+01    0.418827117567181606E+00   -0.188074652394040309E+00   -0.431946991609434283E+00   -0.336037538714190065E+01   -0.507718698081206341E+02   -0.474114944209787339E+02   -0.135351535193769337E+02    1
    0.127455656585381227E+01    0.518256522638401051E+00   -0.284459456900746366E+00   -0.461614068388637611E+00   -0.336037538714190065E+01   -0.507718581659009018E+02   -0.474114827787590016E+02   -0.135451535193769317E+02    1
   -0.148056570800922160E+01    0.181969312357918689E+00   -0.241715964284783369E+00    0.493087203415894404E+00   -0.336037538714190065E+01   -0.507718480167959854E+02   -0.474114726296540852E+02   -0.135551535193769279E+02    1
    0.109244994356625558E+01    0.160740673149184943E+00    0.374310334321492633E-01   -0.457053792772315892E+00   -0.336037538714190065E+01   -0.507717906726650980E+02   -0.474114152855231978E+02   -0.135651535193769366E+02    1
   -0.139218315973675644E+01    0.130394567408279816E+00   -0.282472958730970780E+00    0.576242762447894963E+00   -0.336037538714190065E+01   -0.507717749316424332E+02   -0.474113995445005330E+02   -0.135751535193769381E+02    1
   -0.125581353617824210E+01   -0.610211982058967983E-01   -0.969869553539719487E-01    0.478779232746988859E+00   -0.336037538714190065E+01   -0.507717690999993394E+02   -0.474113937128574392E+02   -0.135851535193769308E+02    1
    0.132284198301714095E+01    0.563963469111917526E+00   -0.429408018576334038E+00   -0.383187307147435985E+00   -0.336037538714190065E+01   -0.507717000158253384E+02   -0.474113246286834382E+02   -0.135951535193769377E+02    1
    0.144221545762006409E+01   -0.106630182416300956E+00    0.265359728561432862E+00   -0.593256532209900489E+00   -0.336037538714190065E+01   -0.507716519066666692E+02   -0.474112765195247690E+02   -0.136051535193769428E+02    1
   -0.927050003128107925E+00   -0.864040368650227375E-01   -0.785526402658305312E-01    0.408001067524270677E+00   -0.336037538714190065E+01   -0.507716513202381918E+02   -0.474112759330962916E+02   -0.136151535193769373E+02    1
   -0.801231541870586872E+00   -0.298657341752531114E+00    0.166236904632905746E+00    0.271665878497431290E+00   -0.336037538714190065E+01   -0.507716115191089656E+02   -0.474112361319670654E+02   -0.136251535193769335E+02    1
    0.971133646101132175E+00    0.104301312073535435E+00    0.673837222095488020E-01   -0.420986443021848622E+00   -0.336037538714190065E+01   -0.507715059197158283E+02   -0.474111305325739281E+02   -0.136351535193769369E+02    1
   -0.140565603727935340E+01    0.768226735942063588E-01   -0.160187401130568396E+00    0.470711836414669405E+00   -0.336037538714190065E+01   -0.507714690903342145E+02   -0.474110937031923143E+02   -0.136451535193769367E+02    1
   -0.820249482239277627E+00    0.101704359817822887E+00   -0.142863493371123029E+00    0.283072045467600120E+00   -0.336037538714190065E+01   -0.507714492203489485E+02   -0.474110738332070483E+02   -0.136551535193769364E+02    1
    0.708829176963861496E+00   -0.274195433807418176E-01    0.741539809357956159E-01   -0.239205648320928277E+00   -0.336037538714190065E+01   -0.507714212803118201E+02   -0.474110458931699199E+02   -0.136651535193769398E+02    1
   -0.142775909696631964E+01   -0.527301326738791376E+00    0.200469855948635312E+00    0.590871961208798480E+00   -0.336037538714190065E+01   -0.507713784736780411E+02   -0.474110030865361409E+02   -0.136751535193769360E+02    1
    0.125619044156866089E+01    0.493268799720540274E+00   -0.312241013102876552E+00   -0.400036134607614668E+00   -0.336037538714190065E+01   -0.507713275901812722E+02   -0.474109522030393720E+02   -0.136851535193769305E+02    1
    0.105953182681209324E+01    0.238418118367096366E-01    0.122191172337127840E+00   -0.435589151295837806E+00   -0.336037538714190065E+01   -0.507713247901117057E+02   -0.474109494029698055E+02   -0.136951535193769338E+02    1
    0.142465860163202773E+01    0.580628453701635294E+00   -0.382407604522178035E+00   -0.459025374689414956E+00   -0.336037538714190065E+01   -0.507712343231479011E+02   -0.474108589360060009E+02   -0.137051535193769354E+02    1
    0.146118649724951410E+01   -0.844508120798534989E-01    0.169994787991553764E+00   -0.490060027295215639E+00   -0.336037538714190065E+01   -0.507711354002155204E+02   -0.474107600130736202E+02   -0.137151535193769316E+02    1
   -0.138136379452600422E+01   -0.177499934717186836E-01   -0.188922409205385278E+00    0.598552488956564543E+00   -0.336037538714190065E+01   -0.507709804049281317E+02   -0.474106050177862315E+02   -0.137251535193769367E+02    1
    0.132138233850074061E+01    0.557181779083895101E+00   -0.274303355937537185E+00   -0.531777582692771533E+00   -0.336037538714190065E+01   -0.507709751823641255E+02   -0.474105997952222253E+02   -0.137351535193769365E+02    1
   -0.418778275418158819E+00    0.346974260123587008E-01   -0.817906318551809841E-01    0.173666160100158229E+00   -0.336037538714190065E+01   -0.507709165453261377E+02   -0.474105411581842375E+02   -0.137451535193769327E+02    1
   -0.127449214645095044E+01   -0.422504860219561351E-01   -0.914033881003457616E-01    0.461539771957234057E+00   -0.336037538714190065E+01   -0.507708411326213991E+02   -0.474104657454794989E+02   -0.137551535193769361E+02    1
   -0.132379627293822066E+01    0.722538922750273205E-01   -0.221893721942856947E+00    0.542835879327612236E+00   -0.336037538714190065E+01   -0.507708410114270805E+02   -0.474104656242851803E+02   -0.137651535193769359E+02    1
   -0.953371264941745733E+00   -0.770832725563175281E-01   -0.754064148440413140E-01    0.397918341744634363E+00   -0.336037538714190065E+01   -0.507707766643669274E+02   -0.474104012772250272E+02   -0.137751535193769321E+02    1
   -0.149721673754276408E+01   -0.273502492761117377E-01   -0.172375783758406342E+00    0.617860071407838607E+00   -0.336037538714190065E+01   -0.507707513460622550E+02   -0.474103759589203548E+02   -0.137851535193769337E+02    1
   -0.134755129134077301E+01   -0.244092914818216933E-02   -0.115649901878337680E+00    0.471347675016357881E+00   -0.336037538714190065E+01   -0.507707289943635018E+02   -0.474103536072216016E+02   -0.137951535193769335E+02    1
    0.111674807449813995E+01   -0.738132287872264037E-01    0.202922346583752189E+00   -0.461488483259918203E+00   -0.336037538714190065E+01   -0.507707204671695109E+02   -0.474103450800276107E+02   -0.138051535193769315E+02    1
   -0.145177910134246435E+01   -0.859771851319377500E-01   -0.154850769960544810E+00    0.636547001779141253E+00   -0.336037538714190065E+01   -0.507706198067179812E+02   -0.474102444195760810E+02   -0.138151535193769348E+02    1
    0.141232209219269311E+01    0.555187947191996489E+00   -0.359350334798674953E+00   -0.445089943196288862E+00   -0.336037538714190065E+01   -0.507704885833218142E+02   -0.474101131961799140E+02   -0.138251535193769364E+02    1
    0.147018350651326468E+01    0.147354752054618121E+00    0.852163195646196137E-01   -0.595626812949124007E+00   -0.336037538714190065E+01   -0.507704757379366143E+02   -0.474101003507947141E+02   -0.138351535193769326E+02    1
    0.132309643783674336E+01    0.105373237884600179E+00    0.115203695639834347E+00   -0.571734454019931282E+00   -0.336037538714190065E+01   -0.507704742542555252E+02   -0.474100988671136250E+02   -0.138451535193769306E+02    1
   -0.576396566395394716E+00    0.292322715320603166E-01   -0.704259022617881314E-01    0.203322680500014341E+00   -0.336037538714190065E+01   -0.507704195265742300E+02   -0.474100441394323298E+02   -0.138551535193769340E+02    1
   -0.993518848647282904E+00   -0.395336489987512252E-01   -0.109244097529251238E+00    0.418938842135297973E+00   -0.336037538714190065E+01   -0.507704133136301294E+02   -0.474100379264882292E+02   -0.138651535193769337E+02    1
   -0.104762310452692775E+01    0.223764243524273709E-01   -0.166351867550982746E+00    0.449640216129394421E+00   -0.336037538714190065E+01   -0.507703283376857613E+02   -0.474099529505438610E+02   -0.138751535193769282E+02    1
    0.141153175914066509E+01    0.550375251942636368E+00   -0.347021865151113773E+00   -0.450507241103474732E+00   -0.336037538714190065E+01   -0.507702935107876812E+02   -0.474099181236457810E+02   -0.138851535193769280E+02    1
    0.119235927336709757E+01    0.442365543978074927E+00   -0.188405569309060050E+00   -0.470617185777740532E+00   -0.336037538714190065E+01   -0.507702369923678063E+02   -0.474098616052259061E+02   -0.138951535193769278E+02    1
    0.110014195684935290E+01    0.414583492758232142E+00   -0.185196849988759515E+00   -0.426351672780883595E+00   -0.336037538714190065E+01   -0.507701852635863702E+02   -0.474098098764444700E+02   -0.139051535193769276E+02    1
    0.106502029970956480E+01    0.428401910418141130E+00   -0.226225232060596748E+00   -0.392676641642393798E+00   -0.336037538714190065E+01   -0.507701732504870051E+02   -0.474097978633451049E+02   -0.139151535193769291E+02    1
    0.142434741392445119E+01    0.116101796362477305E+00    0.123186795735209520E+00   -0.616270832851704808E+00   -0.336037538714190065E+01   -0.507701677141440086E+02   -0.474097923270021084E+02   -0.139251535193769325E+02    1
   -0.672871486918170669E+00    0.209603069863937286E-01   -0.101241696094276135E+00    0.273469225564987983E+00   -0.336037538714190065E+01   -0.507700987096821521E+02   -0.474097233225402519E+02   -0.139351535193769323E+02    1
   -0.101936137789110148E+01   -0.644439827544307509E-01   -0.614472007418542798E-01    0.380521148126807152E+00   -0.336037538714190065E+01   -0.507700014909401673E+02   -0.474096261037982671E+02   -0.139451535193769356E+02    1
    0.114868099545498215E+01    0.474990182286032514E+00   -0.356512778214962522E+00   -0.328222262254698860E+00   -0.336037538714190065E+01   -0.507699504895486982E+02   -0.474095751024067980E+02   -0.139551535193769389E+02    1
   -0.142807389830326126E+01   -0.211181789311571944E-01   -0.116054010485372228E+00    0.508631625346481098E+00   -0.336037538714190065E+01   -0.507699287007294231E+02   -0.474095533135875229E+02   -0.139651535193769387E+02    1
   -0.675145557847182998E+00   -0.257492236138852748E+00    0.145823212892012943E+00    0.229764707821307423E+00   -0.336037538714190065E+01   -0.507698823997295889E+02   -0.474095070125876887E+02   -0.139751535193769332E+02    1
   -0.148024119725536174E+01   -0.643424172296740648E+00    0.380785922291157597E+00    0.546001113992773401E+00   -0.336037538714190065E+01   -0.507698195171850344E+02   -0.474094441300431342E+02   -0.139851535193769276E+02    1
   -0.865646175861540135E+00    0.825351821941673336E-01   -0.169997410993264708E+00    0.349033976896610199E+00   -0.336037538714190065E+01   -0.507697575868668665E+02   -0.474093821997249663E+02   -0.139951535193769292E+02    1
    0.104641818876114323E+01   -0.589844023634662484E-01    0.173913838863545944E+00   -0.425049711693148369E+00   -0.336037538714190065E+01   -0.507697447061109273E+02   -0.474093693189690271E+02   -0.140051535193769290E+02    1
    0.139314826060171360E+01    0.561334879538726739E+00   -0.376785666439521272E+00   -0.431928031887597708E+00   -0.336037538714190065E+01   -0.507696886756586920E+02   -0.474093132885167918E+02   -0.140151535193769305E+02    1
   -0.120999390218471081E+01   -0.210233422446053364E-01   -0.975043279572066490E-01    0.434343634489865460E+00   -0.336037538714190065E+01   -0.507695983873158667E+02   -0.474092230001739665E+02   -0.140251535193769321E+02    1
   -0.149008632023706511E+01    0.117391224730488464E+00   -0.212467862388235451E+00    0.524889465245645725E+00   -0.336037538714190065E+01   -0.507694873581189015E+02   -0.474091119709770012E+02   -0.140351535193769301E+02    1
    0.144249943566455485E+01   -0.678361388379810970E+00    0.820292364401249863E+00   -0.649582502843324083E+00   -0.336037538714190065E+01   -0.507694534854602892E+02   -0.474090780983183890E+02   -0.140451535193769317E+02    1
   -0.139316077836459273E+01   -0.531308501425582946E+00    0.254551597346977854E+00    0.524706593953867095E+00   -0.336037538714190065E+01   -0.507694169437751199E+02   -0.474090415566332197E+02   -0.140551535193769332E+02    1
    0.117976174935510736E+01    0.168793408207941198E-01    0.153376257179676845E+00   -0.501768124493651158E+00   -0.336037538714190065E+01   -0.507694084241048031E+02   -0.474090330369629029E+02   -0.140651535193769348E+02    1
   -0.146628429604340682E+01    0.133496575927615879E+00   -0.284110310633026830E+00    0.593425989545227184E+00   -0.336037538714190065E+01   -0.507694069642322532E+02   -0.474090315770903530E+02   -0.140751535193769310E+02    1
    0.145088611669066081E+01   -0.190152952587776092E+00    0.265872680572076803E+00   -0.510825908532584583E+00   -0.336037538714190065E+01   -0.507693601702623596E+02   -0.474089847831204594E+02   -0.140851535193769308E+02    1
    0.144069818121649584E+01    0.569410194424299299E+00   -0.364167471615541860E+00   -0.460265238902746121E+00   -0.336037538714190065E+01   -0.507693282248034663E+02   -0.474089528376615661E+02   -0.140951535193769324E+02    1
    0.139892810468124473E+01   -0.159338921986138526E+00    0.255545566260490187E+00   -0.512126971115335783E+00   -0.336037538714190065E+01   -0.507693031586735088E+02   -0.474089277715316086E+02   -0.141051535193769304E+02    1
   -0.129202571644291764E+01   -0.496042185912410449E+00    0.234064753216566945E+00    0.496012465639628530E+00   -0.336037538714190065E+01   -0.507692700284269520E+02   -0.474088946412850518E+02   -0.141151535193769302E+02    1
   -0.133995870185635635E+01    0.181768267981739839E+00   -0.248729611332415113E+00    0.469092291212523937E+00   -0.336037538714190065E+01   -0.507692693442707395E+02   -0.474088939571288392E+02   -0.141251535193769335E+02    1
   -0.966720410210384684E+00   -0.896644803469932583E-01   -0.696549144202014414E-01    0.407665788030188381E+00   -0.336037538714190065E+01   -0.507692542122659844E+02   -0.474088788251240842E+02   -0.141351535193769298E+02    1
    0.145781529985025493E+01    0.593301521143108967E+00   -0.303424180737856486E+00   -0.553635453977175285E+00   -0.336037538714190065E+01   -0.507692513237526910E+02   -0.474088759366107908E+02   -0.141451535193769331E+02    1
    0.139300657392845517E+01   -0.136693877892141158E+00    0.260129465747628963E+00   -0.539356721419083751E+00   -0.336037538714190065E+01   -0.507692329037408783E+02   -0.474088575165989781E+02   -0.141551535193769329E+02    1
    0.144323130450919113E+01   -0.138493811612748763E+00    0.229040279137865843E+00   -0.509515303939223729E+00   -0.336037538714190065E+01   -0.507692265741137732E+02   -0.474088511869718729E+02   -0.141651535193769345E+02    1
   -0.147026766704341072E+01   -0.192700804586536378E-01   -0.161613579179199940E+00    0.579630012728910904E+00   -0.336037538714190065E+01   -0.507692226377917279E+02   -0.474088472506498277E+02   -0.141751535193769325E+02    1
   -0.985850098867971703E+00    0.119931019910466397E+00   -0.189141231631081652E+00    0.364991720274896903E+00   -0.336037538714190065E+01   -0.507691918769783470E+02   -0.474088164898364468E+02   -0.141851535193769251E+02    1
   -0.137811358078175261E+01   -0.100324666520859918E+00   -0.886273721691512861E-01    0.534542219943862085E+00   -0.336037538714190065E+01   -0.507691742881068961E+02   -0.474087989009649959E+02   -0.141951535193769285E+02    1
    0.136005105464943110E+01    0.707568592936616003E-01    0.922414569165233011E-01   -0.508813525407117107E+00   -0.336037538714190065E+01   -0.507691429427931240E+02   -0.474087675556512238E+02   -0.142051535193769300E+02    1
    0.115866052341632786E+01   -0.245186034808075881E-02    0.163096819394082271E+00   -0.491039523007140266E+00   -0.336037538714190065E+01   -0.507691400933657562E+02   -0.474087647062238560E+02   -0.142151535193769263E+02    1
    0.135888710713995309E+01   -0.808687721542724613E-01    0.173392824278451929E+00   -0.476811368363790455E+00   -0.336037538714190065E+01   -0.507691361015381801E+02   -0.474087607143962799E+02   -0.142251535193769278E+02    1
   -0.116872885146620220E+01    0.464211793491369207E-01   -0.190448368096167497E+00    0.488560649197317565E+00   -0.336037538714190065E+01   -0.507691281928078766E+02   -0.474087528056659764E+02   -0.142351535193769365E+02    1
    0.819952283205644061E+00    0.468319527223104437E-01    0.835610122233072516E-01   -0.352615305072795870E+00   -0.336037538714190065E+01   -0.507689536480203998E+02   -0.474085782608784996E+02   -0.142451535193769399E+02    1
    0.147508605777221113E+01   -0.346598836171057023E-01    0.209870487536770955E+00   -0.594790423211121855E+00   -0.336037538714190065E+01   -0.507688448594476540E+02   -0.474084694723057538E+02   -0.142551535193769414E+02    1
    0.146696196077390795E+01   -0.192911769607604366E-01    0.193357690201969357E+00   -0.585337041727813534E+00   -0.336037538714190065E+01   -0.507688254774461356E+02   -0.474084500903042354E+02   -0.142651535193769412E+02    1
    0.108831270730546148E+01    0.997843226183503518E-02    0.105303663079090670E+00   -0.404648076555701619E+00   -0.336037538714190065E+01   -0.507688160939961719E+02   -0.474084407068542717E+02   -0.142751535193769321E+02    1
   -0.128791906261967370E+01   -0.753517027146068941E-01   -0.123918661439736066E+00    0.546221008761196059E+00   -0.336037538714190065E+01   -0.507688046384774125E+02   -0.474084292513355123E+02   -0.142851535193769266E+02    1
   -0.139782034548796807E+01    0.175261432858750954E+00   -0.254030035390805820E+00    0.497404381546437291E+00   -0.336037538714190065E+01   -0.507688006313284035E+02   -0.474084252441865033E+02   -0.142951535193769299E+02    1
    0.132370499348546034E+01    0.562584250437824007E+00   -0.291175949472641471E+00   -0.517561216654292888E+00   -0.336037538714190065E+01   -0.507687113364122524E+02   -0.474083359492703522E+02   -0.143051535193769297E+02    1
   -0.139956272209141819E+01    0.169253951168497174E+00   -0.251683652317087225E+00    0.501045207057475350E+00   -0.336037538714190065E+01   -0.507686700698035551E+02   -0.474082946826616549E+02   -0.143151535193769295E+02    1
    0.885520009611691528E+00    0.377049107039267195E+00   -0.282794942645997693E+00   -0.261123604721033131E+00   -0.336037538714190065E+01   -0.507686674429746603E+02   -0.474082920558327601E+02   -0.143251535193769310E+02    1
    0.145600347135140362E+01   -0.564630091573721238E-01    0.229538971001039815E+00   -0.600254373949490883E+00   -0.336037538714190065E+01   -0.507686444544553126E+02   -0.474082690673134124E+02   -0.143351535193769326E+02    1
   -0.139468959439184248E+01   -0.557962103953840050E+00    0.271976296258712669E+00    0.538414636027914062E+00   -0.336037538714190065E+01   -0.507686191525653641E+02   -0.474082437654234639E+02   -0.143451535193769359E+02    1
   -0.148128794130392993E+01   -0.639254044857779036E+00    0.349298345220666384E+00    0.567318280616615933E+00   -0.336037538714190065E+01   -0.507686165021894098E+02   -0.474082411150475096E+02   -0.143551535193769340E+02    1
    0.134704519239829423E+01   -0.118339169593863369E+00    0.226866244403083339E+00   -0.508164459955545267E+00   -0.336037538714190065E+01   -0.507685871205092667E+02   -0.474082117333673665E+02   -0.143651535193769337E+02    1
    0.137880597463765620E+01    0.545503007328340672E-02    0.180733070945381158E+00   -0.573694260603555106E+00   -0.336037538714190065E+01   -0.507685222033053947E+02   -0.474081468161634945E+02   -0.143751535193769318E+02    1
   -0.464914106812732708E+00    0.330251179638816339E-01   -0.624920283640710839E-01    0.161858184601719302E+00   -0.336037538714190065E+01   -0.507684636454357872E+02   -0.474080882582938870E+02   -0.143851535193769298E+02    1
    0.991829589014336488E+00    0.403318799030355724E+00   -0.198337983832816755E+00   -0.385814332931358805E+00   -0.336037538714190065E+01   -0.507684037315026089E+02   -0.474080283443607087E+02   -0.143951535193769349E+02    1
    0.119581247116893241E+01    0.500513666408975322E+00   -0.372305578201344800E+00   -0.349795062362401321E+00   -0.336037538714190065E+01   -0.507683669716425356E+02   -0.474079915845006354E+02   -0.144051535193769329E+02    1
    0.627438766617230304E+00   -0.399255308041837065E-01    0.888444846200788785E-01   -0.227298563253337971E+00   -0.336037538714190065E+01   -0.507683414327661922E+02   -0.474079660456242920E+02   -0.144151535193769291E+02    1
    0.797966894357216905E+00   -0.791140061491901747E-02    0.108351578491444389E+00   -0.328884647355875970E+00   -0.336037538714190065E+01   -0.507682997974147199E+02   -0.474079244102728197E+02   -0.144251535193769325E+02    1
   -0.132346279265922417E+01    0.266522822287473815E-02   -0.127223029250078112E+00    0.480790667225982737E+00   -0.336037538714190065E+01   -0.507682956417476774E+02   -0.474079202546057772E+02   -0.144351535193769358E+02    1
   -0.109459253789386279E+01    0.464658398414243834E-01   -0.151769306448128249E+00    0.420031604228218614E+00   -0.336037538714190065E+01   -0.507682774052492789E+02   -0.474079020181073787E+02   -0.144451535193769320E+02    1
   -0.129873562043997737E+01    0.104812787024264553E+00   -0.238669222835531825E+00    0.523168243037978042E+00   -0.336037538714190065E+01   -0.507682712351888199E+02   -0.474078958480469197E+02   -0.144551535193769283E+02    1
   -0.110570840157453398E+01   -0.442605268686526276E+00    0.211221016233467340E+00    0.433780831814980727E+00   -0.336037538714190065E+01   -0.507681038411058694E+02   -0.474077284539639692E+02   -0.144651535193769316E+02    1
   -0.124662492222657573E+01    0.585678813396710574E-01   -0.194477677393010251E+00    0.496747118692187239E+00   -0.336037538714190065E+01   -0.507680575055437515E+02   -0.474076821184018513E+02   -0.144751535193769314E+02    1
   -0.898224122118171819E+00   -0.388287112128758771E+00    0.267390997002594277E+00    0.290966053382193390E+00   -0.336037538714190065E+01   -0.507680446669480006E+02   -0.474076692798061003E+02   -0.144851535193769312E+02    1
    0.779456766670624912E+00    0.334157168442736019E+00   -0.246456422083330073E+00   -0.237372422875927191E+00   -0.336037538714190065E+01   -0.507680027993856768E+02   -0.474076274122437766E+02   -0.144951535193769345E+02    1
   -0.135987664885005000E+01   -0.548704862433891383E+00    0.352363815958279814E+00    0.439120932137947895E+00   -0.336037538714190065E+01   -0.507679112941840316E+02   -0.474075359070421314E+02   -0.145051535193769308E+02    1
    0.923522423816846683E+00    0.181498424790806911E-01    0.113309751180739937E+00   -0.390418011847257107E+00   -0.336037538714190065E+01   -0.507678681803711598E+02   -0.474074927932292596E+02   -0.145151535193769323E+02    1
   -0.132146426395668359E+01    0.135465589154594612E+00   -0.243627661001918572E+00    0.504937367542254156E+00   -0.336037538714190065E+01   -0.507677878722167009E+02   -0.474074124850748007E+02   -0.145251535193769339E+02    1
    0.142075908710138066E+01    0.354829305493797875E-02    0.152488131768766522E+00   -0.540612188753027301E+00   -0.336037538714190065E+01   -0.507677395765547317E+02   -0.474073641894128315E+02   -0.145351535193769283E+02    1
   -0.115821298581850596E+01   -0.737683120839474071E-01   -0.839667206750109862E-01    0.454509395540061201E+00   -0.336037538714190065E+01   -0.507677169847856504E+02   -0.474073415976437502E+02   -0.145451535193769281E+02    1
    0.103057980480615896E+01   -0.627441993106359064E-02    0.140866981040642436E+00   -0.426792982865689563E+00   -0.336037538714190065E+01   -0.507676609226225963E+02   -0.474072855354806961E+02   -0.145551535193769279E+02    1
   -0.145903387406462004E+01    0.402066187314447099E-01   -0.218184540706064523E+00    0.601713861751669743E+00   -0.336037538714190065E+01   -0.507676150560897526E+02   -0.474072396689478524E+02   -0.145651535193769277E+02    1
    0.118693481406538881E+01   -0.229327275463973024E-01    0.148896452213684860E+00   -0.456045775072350112E+00   -0.336037538714190065E+01   -0.507676047943082338E+02   -0.474072294071663336E+02   -0.145751535193769328E+02    1
    0.111903705455301017E+01   -0.119387582150092264E-01    0.113593674729190575E+00   -0.403399574535330319E+00   -0.336037538714190065E+01   -0.507675288368006576E+02   -0.474071534496587574E+02   -0.145851535193769326E+02    1
   -0.148689122649110228E+01   -0.602795360231712984E+00    0.319952389193986164E+00    0.551549506453039795E+00   -0.336037538714190065E+01   -0.507675141910941932E+02   -0.474071388039522930E+02   -0.145951535193769324E+02    1
    0.114618142562844394E+01   -0.937813267541756090E-01    0.196384421595606318E+00   -0.440083621275972559E+00   -0.336037538714190065E+01   -0.507674880809863964E+02   -0.474071126938444962E+02   -0.146051535193769340E+02    1
    0.123392048285428046E+01    0.415954780255745060E-01    0.137088088338171321E+00   -0.518478155413554909E+00   -0.336037538714190065E+01   -0.507674667112231646E+02   -0.474070913240812644E+02   -0.146151535193769302E+02    1
    0.136242167064007624E+01   -0.140835384280242337E+00    0.224477610526364391E+00   -0.484744973387183586E+00   -0.336037538714190065E+01   -0.507674147154246782E+02   -0.474070393282827780E+02   -0.146251535193769318E+02    1
    0.124793837011473219E+01    0.496593067075342454E+00   -0.261493212815675835E+00   -0.461013491984691215E+00   -0.336037538714190065E+01   -0.507673804039834025E+02   -0.474070050168415023E+02   -0.146351535193769351E+02    1
   -0.999012770017226548E+00   -0.414138576538336745E+00    0.240149152742001437E+00    0.358640145365420437E+00   -0.336037538714190065E+01   -0.507673418843723070E+02   -0.474069664972304068E+02   -0.146451535193769313E+02    1
   -0.117672840864556738E+01   -0.633925368203973605E-01   -0.110257108117234215E+00    0.488200737777854998E+00   -0.336037538714190065E+01   -0.507673281999560047E+02   -0.474069528128141044E+02   -0.146551535193769329E+02    1
   -0.134358024383006325E+01   -0.384385730650107504E-01   -0.151396104377034435E+00    0.561011513480774493E+00   -0.336037538714190065E+01   -0.507672894824683496E+02   -0.474069140953264494E+02   -0.146651535193769309E+02    1
   -0.817087369915885153E+00    0.346030123154550395E-02   -0.112769265788396522E+00    0.342438742898659942E+00   -0.336037538714190065E+01   -0.507672873881100202E+02   -0.474069120009681200E+02   -0.146751535193769307E+02    1
   -0.135667289767589128E+01    0.380102087841498459E-01   -0.154303471925032465E+00    0.488666924318332363E+00   -0.336037538714190065E+01   -0.507672859047163314E+02   -0.474069105175744312E+02   -0.146851535193769358E+02    1
   -0.116617367553357565E+01   -0.479535780538336898E+00    0.262666077444007939E+00    0.431587535701748015E+00   -0.336037538714190065E+01   -0.507672767489906533E+02   -0.474069013618487531E+02   -0.146951535193769338E+02    1
    0.126535630002038335E+01    0.506068575096546347E+00   -0.263671976465241431E+00   -0.470488069706019418E+00   -0.336037538714190065E+01   -0.507672743941759137E+02   -0.474068990070340135E+02   -0.147051535193769336E+02    1
    0.129886558208792646E+01    0.715006908944850750E-01    0.102069422615508998E+00   -0.509909058246046376E+00   -0.336037538714190065E+01   -0.507672630200057569E+02   -0.474068876328638567E+02   -0.147151535193769334E+02    1
   -0.131590266774052012E+01    0.437828970067142276E-01   -0.194633872565050270E+00    0.532546470952030448E+00   -0.336037538714190065E+01   -0.507672598788505809E+02   -0.474068844917086807E+02   -0.147251535193769314E+02    1
    0.833494297701936393E+00    0.363683800313401751E+00   -0.256846958343664111E+00   -0.267367858143248704E+00   -0.336037538714190065E+01   -0.507672552853583170E+02   -0.474068798982164168E+02   -0.147351535193769294E+02    1
   -0.110381413266062678E+01    0.260300338232248851E-01   -0.141046401360137130E+00    0.423185827627887035E+00   -0.336037538714190065E+01   -0.507671806489661890E+02   -0.474068052618242888E+02   -0.147451535193769274E+02    1
    0.123055276043100559E+01   -0.744740354468380605E-01    0.171604509870165955E+00   -0.446618112071841766E+00   -0.336037538714190065E+01   -0.507671764206039597E+02   -0.474068010334620595E+02   -0.147551535193769272E+02    1
    0.128026140628993312E+01    0.551310648716009766E+00   -0.401303431866771754E+00   -0.394271391733451271E+00   -0.336037538714190065E+01   -0.507671493136050458E+02   -0.474067739264631456E+02   -0.147651535193769234E+02    1
   -0.128837138680772179E+01   -0.265600729699522198E-02   -0.134992350698691754E+00    0.485537417656544790E+00   -0.336037538714190065E+01   -0.507671095179833998E+02   -0.474067341308414996E+02   -0.147751535193769286E+02    1
   -0.829358091363866734E+00    0.680367032191764309E-01   -0.121136361728028774E+00    0.291798725227053524E+00   -0.336037538714190065E+01   -0.507671065435608710E+02   -0.474067311564189708E+02   -0.147851535193769337E+02    1
    0.138399376184766965E+01   -0.156426612573206558E+00    0.247075110379327390E+00   -0.502741854745577088E+00   -0.336037538714190065E+01   -0.507671060035053117E+02   -0.474067306163634115E+02   -0.147951535193769281E+02    1
   -0.551270140554932286E+00   -0.305808930583535421E-01   -0.474691462366261252E-01    0.223460590306348461E+00   -0.336037538714190065E+01   -0.507671058274455262E+02   -0.474067304403036260E+02   -0.148051535193769244E+02    1
    0.930860681298180559E+00   -0.182668310815781165E-01    0.999811269450825435E-01   -0.335351024513989904E+00   -0.336037538714190065E+01   -0.507670487379788327E+02   -0.474066733508369325E+02   -0.148151535193769277E+02    1
    0.105443594053387057E+01    0.456959941162414118E+00   -0.334804728072010227E+00   -0.325614524048452869E+00   -0.336037538714190065E+01   -0.507670107446376662E+02   -0.474066353574957660E+02   -0.148251535193769310E+02    1
   -0.137396248463056492E+01    0.314956703489774892E-01   -0.149515136513855507E+00    0.494071854779068786E+00   -0.336037538714190065E+01   -0.507669817210658465E+02   -0.474066063339239463E+02   -0.148351535193769291E+02    1
    0.134321233365479564E+01    0.539893104734179730E+00   -0.284631737092640114E+00   -0.499220247757337920E+00   -0.336037538714190065E+01   -0.507669569101888953E+02   -0.474065815230469951E+02   -0.148451535193769306E+02    1
   -0.111486286643896615E+01   -0.445496410583254399E+00    0.242580494780954670E+00    0.404270480332649118E+00   -0.336037538714190065E+01   -0.507669451545024657E+02   -0.474065697673605655E+02   -0.148551535193769304E+02    1
    0.118252748496404214E+01    0.498620832689144811E+00   -0.349342584014703528E+00   -0.370991158615156857E+00   -0.336037538714190065E+01   -0.507669036086224565E+02   -0.474065282214805563E+02   -0.148651535193769320E+02    1
   -0.126864065376128954E+01    0.264372637013170486E-01   -0.154433420455342141E+00    0.484077591705122989E+00   -0.336037538714190065E+01   -0.507668887321672315E+02   -0.474065133450253313E+02   -0.148751535193769318E+02    1
    0.149842041186775310E+01   -0.453577362425328090E-01    0.186780976573407198E+00   -0.563553450789967325E+00   -0.336037538714190065E+01   -0.507668317355726302E+02   -0.474064563484307300E+02   -0.148851535193769298E+02    1
    0.138598905842526987E+01   -0.705375789009104581E+00    0.816909861005446380E+00   -0.603761957630240209E+00   -0.336037538714190065E+01   -0.507668200704604260E+02   -0.474064446833185258E+02   -0.148951535193769313E+02    1
    0.950089680429245576E+00    0.250034748354606151E-01    0.105936948840313017E+00   -0.392812861026054894E+00   -0.336037538714190065E+01   -0.507668021492334631E+02   -0.474064267620915629E+02   -0.149051535193769347E+02    1
   -0.975710779322489286E+00    0.268283797790371814E-01   -0.145964079361028287E+00    0.401637139369712903E+00   -0.336037538714190065E+01   -0.507667384867546545E+02   -0.474063630996127543E+02   -0.149151535193769238E+02    1
   -0.520113265731748098E+00    0.279063444907103886E-01   -0.770419788554177476E-01    0.200030098059890360E+00   -0.336037538714190065E+01   -0.507667302104794373E+02   -0.474063548233375371E+02   -0.149251535193769254E+02    1
    0.144806141970201097E+01   -0.387636203152910142E-01    0.191753023190076144E+00   -0.565324898154823896E+00   -0.336037538714190065E+01   -0.507667045980625673E+02   -0.474063292109206671E+02   -0.149351535193769216E+02    1
    0.101036447567765642E+01    0.497214218081807324E-01    0.883507779353476241E-01   -0.404770143165082807E+00   -0.336037538714190065E+01   -0.507666765148680028E+02   -0.474063011277261026E+02   -0.149451535193769285E+02    1
   -0.144404028956609731E+01   -0.546932693864139452E-01   -0.139374101425256969E+00    0.582530191545193032E+00   -0.336037538714190065E+01   -0.507666382805105272E+02   -0.474062628933686270E+02   -0.149551535193769300E+02    1
    0.149020361353859032E+01   -0.154817449195108647E+00    0.263846651741286742E+00   -0.552333870071341271E+00   -0.336037538714190065E+01   -0.507666059614485761E+02   -0.474062305743066759E+02   -0.149651535193769245E+02    1
    0.147717783681525061E+01   -0.685835281335848590E+00    0.835802056290529505E+00   -0.665822596355132190E+00   -0.336037538714190065E+01   -0.507665712908323883E+02   -0.474061959036904881E+02   -0.149751535193769278E+02    1
    0.133158771509934137E+01   -0.483244217750022909E-01    0.196253579847642579E+00   -0.533599057769245544E+00   -0.336037538714190065E+01   -0.507665597156221153E+02   -0.474061843284802151E+02   -0.149851535193769259E+02    1
    0.111522508146158561E+01    0.451372817979984076E+00   -0.269196570380106692E+00   -0.383746047654647704E+00   -0.336037538714190065E+01   -0.507665542396496789E+02   -0.474061788525077787E+02   -0.149951535193769221E+02    1
   -0.124551016409368120E+01    0.128413244739247201E-01   -0.155088361264240082E+00    0.488876389869084438E+00   -0.336037538714190065E+01   -0.507665536700391229E+02   -0.474061782828972227E+02   -0.150051535193769272E+02    1
    0.144975945619932123E+01   -0.121434473381733854E+00    0.250495261338021358E+00   -0.557508438583521726E+00   -0.336037538714190065E+01   -0.507665303729344046E+02   -0.474061549857925044E+02   -0.150151535193769305E+02    1
    0.752569461017166041E+00    0.314356097096092135E+00   -0.208901263194716469E+00   -0.244935044870714047E+00   -0.336037538714190065E+01   -0.507664717141177206E+02   -0.474060963269758204E+02   -0.150251535193769286E+02    1
   -0.125969545519953741E+01   -0.333417309575660958E-01   -0.124634241306469828E+00    0.495505113618176285E+00   -0.336037538714190065E+01   -0.507664582185060453E+02   -0.474060828313641451E+02   -0.150351535193769301E+02    1
    0.147697191004966788E+01   -0.771796952800158920E-01    0.238988737146117680E+00   -0.594945093488011612E+00   -0.336037538714190065E+01   -0.507664402568713200E+02   -0.474060648697294198E+02   -0.150451535193769299E+02    1
    0.990134114777536212E+00    0.402489439402287097E+00   -0.222179106907120727E+00   -0.359855021447699930E+00   -0.336037538714190065E+01   -0.507663847745249299E+02   -0.474060093873830297E+02   -0.150551535193769279E+02    1
   -0.922089002977369510E+00    0.372185150729205105E-01   -0.112455503685132907E+00    0.332964607686414338E+00   -0.336037538714190065E+01   -0.507663814774761661E+02   -0.474060060903342659E+02   -0.150651535193769295E+02    1
   -0.129723426776840545E+01    0.490597042884817203E-01   -0.157377706136535123E+00    0.469367515683585479E+00   -0.336037538714190065E+01   -0.507661883389109647E+02   -0.474058129517690645E+02   -0.150751535193769275E+02    1
   -0.145986644262340470E+01    0.109929515382543475E+00   -0.239574183169605770E+00    0.559412826121624240E+00   -0.336037538714190065E+01   -0.507660681482601746E+02   -0.474056927611182743E+02   -0.150851535193769237E+02    1
   -0.142655199998839843E+01    0.464570071506811288E-01   -0.211194498097159178E+00    0.577170782988502884E+00   -0.336037538714190065E+01   -0.507660360095141456E+02   -0.474056606223722454E+02   -0.150951535193769217E+02    1
    0.130617296838535601E+01    0.565240903871131017E+00   -0.370201584126407357E+00   -0.443399810743736300E+00   -0.336037538714190065E+01   -0.507659629691541312E+02   -0.474055875820122310E+02   -0.151051535193769269E+02    1
    0.104046988644521265E+01   -0.288839553173982910E-01    0.151211323081219984E+00   -0.421524625627592020E+00   -0.336037538714190065E+01   -0.507659225489177146E+02   -0.474055471617758144E+02   -0.151151535193769284E+02    1
    0.108774667763532795E+01   -0.836066176932488414E-01    0.179316119381576433E+00   -0.414749041951403774E+00   -0.336037538714190065E+01   -0.507658605937691050E+02   -0.474054852066272048E+02   -0.151251535193769282E+02    1
   -0.142637899476848218E+01   -0.593479368129816720E+00    0.384814000106911802E+00    0.471012100623767083E+00   -0.336037538714190065E+01   -0.507658597780119223E+02   -0.474054843908700221E+02   -0.151351535193769298E+02    1
    0.138695966718134089E+01    0.240923529647307788E-01    0.151491616632870141E+00   -0.554718277245904279E+00   -0.336037538714190065E+01   -0.507656394484452136E+02   -0.474052640613033134E+02   -0.151451535193769278E+02    1
   -0.550028355656493106E+00   -0.235390141273967402E+00    0.154853245746072954E+00    0.184066907183360606E+00   -0.336037538714190065E+01   -0.507656352831422311E+02   -0.474052598960003309E+02   -0.151551535193769258E+02    1
    0.149597656309610771E+01    0.299569989984498353E-01    0.156650932790674435E+00   -0.593308089876652289E+00   -0.336037538714190065E+01   -0.507655841314905203E+02   -0.474052087443486201E+02   -0.151651535193769238E+02    1
   -0.120179856551360853E+01    0.325481271241661041E-01   -0.148161451289896440E+00    0.450372444973907493E+00   -0.336037538714190065E+01   -0.507655361379399750E+02   -0.474051607507980748E+02   -0.151751535193769271E+02    1
   -0.113779769554771226E+01    0.773840624027042345E-01   -0.171104104396204382E+00    0.423440445947457667E+00   -0.336037538714190065E+01   -0.507654606447050085E+02   -0.474050852575631083E+02   -0.151851535193769305E+02    1
    0.149623163813295967E+01    0.212364432011185045E-01    0.161940157198407153E+00   -0.592145681461466733E+00   -0.336037538714190065E+01   -0.507654182443403030E+02   -0.474050428571984028E+02   -0.151951535193769249E+02    1
   -0.127195011776047773E+01    0.461904021188597191E-02   -0.157414411956702138E+00    0.508331718587985648E+00   -0.336037538714190065E+01   -0.507652737888671908E+02   -0.474048984017252906E+02   -0.152051535193769247E+02    1
   -0.149176248993288874E+01    0.919827670866650848E-01   -0.229476090104891561E+00    0.571333994890572905E+00   -0.336037538714190065E+01   -0.507652609359657134E+02   -0.474048855488238132E+02   -0.152151535193769263E+02    1
    0.133642736897265024E+01   -0.753011771885452541E+00    0.819300147451136329E+00   -0.545802026916081928E+00   -0.336037538714190065E+01   -0.507651779436382924E+02   -0.474048025564963922E+02   -0.152251535193769278E+02    1
    0.872335047070152747E+00   -0.233604670575320306E-01    0.116295878292717259E+00   -0.339491926719034387E+00   -0.336037538714190065E+01   -0.507651029928792070E+02   -0.474047276057373068E+02   -0.152351535193769276E+02    1
   -0.135107986320248541E+01    0.559745530638400268E-02   -0.154433862732595184E+00    0.521542911203487281E+00   -0.336037538714190065E+01   -0.507650534807630436E+02   -0.474046780936211434E+02   -0.152451535193769221E+02    1
    0.129955787479683460E+01   -0.361028793088793432E-01    0.162392846821878489E+00   -0.489926202228430974E+00   -0.336037538714190065E+01   -0.507650024553468668E+02   -0.474046270682049666E+02   -0.152551535193769201E+02    1
    0.147374990266880435E+01   -0.713074117242370242E+00    0.861002054571692543E+00   -0.670269594993029183E+00   -0.336037538714190065E+01   -0.507633515465089289E+02   -0.474029761593670287E+02   -0.152651535193769270E+02    1
    0.127087008448193606E+01   -0.615446088689038051E+00    0.736053696433942140E+00   -0.565419671606996133E+00   -0.336037538714190065E+01   -0.507633408802696948E+02   -0.474029654931277946E+02   -0.152751535193769303E+02    1
    0.803882992349823855E+00   -0.408235419056799831E+00    0.472405936459674658E+00   -0.348385197393723978E+00   -0.336037538714190065E+01   -0.507630338165255921E+02   -0.474026584293836919E+02   -0.152851535193769266E+02    1
    0.128367881830985375E+01   -0.660442982097685150E+00    0.760011445371559180E+00   -0.555857303238385114E+00   -0.336037538714190065E+01   -0.507620885601907190E+02   -0.474017131730488188E+02   -0.152951535193769264E+02    1
    0.119014268712478000E+01   -0.690326567670320745E+00    0.747538378002732262E+00   -0.478527807430731145E+00   -0.336037538714190065E+01   -0.507616359567229267E+02   -0.474012605695810265E+02   -0.153051535193769297E+02    1
    0.149292481466050031E+01   -0.758386774637991978E+00    0.884255496836470867E+00   -0.656750165695314303E+00   -0.336037538714190065E+01   -0.507613778716743411E+02   -0.474010024845324409E+02   -0.153151535193769313E+02    1
    0.113779743961276480E+01   -0.542224331867843690E+00    0.652440467433450966E+00   -0.506502211690021964E+00   -0.336037538714190065E+01   -0.507600062539075196E+02   -0.473996308667656194E+02   -0.153251535193769257E+02    1
    0.124603488921420569E+01   -0.681664937538440485E+00    0.762260271023137204E+00   -0.521893305640267036E+00   -0.336037538714190065E+01   -0.507587112455671203E+02   -0.473983358584252201E+02   -0.153351535193769255E+02    1
    0.135174898499948792E+01   -0.637732680418730546E+00    0.780958404554097374E+00   -0.623842258801140859E+00   -0.336037538714190065E+01   -0.507582249907666991E+02   -0.473978496036247989E+02   -0.153451535193769288E+02    1
    0.754746899304882923E+00   -0.384329912301617949E+00    0.445350311626261153E+00   -0.328123861664621541E+00   -0.336037538714190065E+01   -0.507577648855059067E+02   -0.473973894983640065E+02   -0.153551535193769304E+02    1
    0.115869775180227963E+01   -0.520515242000987532E+00    0.652112161612143915E+00   -0.536581427033551606E+00   -0.336037538714190065E+01   -0.507575444787921271E+02   -0.473971690916502268E+02   -0.153651535193769249E+02    1
    0.121613198622819274E+01   -0.742010542017833563E+00    0.775825949181641494E+00   -0.477014004125380975E+00   -0.336037538714190065E+01   -0.507562301680847696E+02   -0.473958547809428694E+02   -0.153751535193769246E+02    1
    0.111683369878763106E+01   -0.529104515348331139E+00    0.640754138176055754E+00   -0.504589784633675986E+00   -0.336037538714190065E+01   -0.507549265644560208E+02   -0.473945511773141206E+02   -0.153851535193769244E+02    1
    0.114011703810139320E+01   -0.618743704152767471E+00    0.690527833985016049E+00   -0.481073155015747767E+00   -0.336037538714190065E+01   -0.507547769901593995E+02   -0.473944016030174993E+02   -0.153951535193769207E+02    1
    0.713210421463502442E+00   -0.381100694372431548E+00    0.434666309087745839E+00   -0.302648607005090775E+00   -0.336037538714190065E+01   -0.507544509968714621E+02   -0.473940756097295619E+02   -0.154051535193769258E+02    1
    0.904735325175450633E+00   -0.471681982444806636E+00    0.550462258104713609E+00   -0.395419739685874239E+00   -0.336037538714190065E+01   -0.507535304453562546E+02   -0.473931550582143544E+02   -0.154151535193769273E+02    1
    0.136237984291943048E+01   -0.774836227602475058E+00    0.858358523939506846E+00   -0.560076058315696734E+00   -0.336037538714190065E+01   -0.507499009337523290E+02   -0.473895255466104288E+02   -0.154251535193769236E+02    1
    0.125476627400633234E+01   -0.844082902329626683E+00    0.845611575834354756E+00   -0.451759043756289336E+00   -0.336037538714190065E+01   -0.507490715718628493E+02   -0.473886961847209491E+02   -0.154351535193769198E+02    1
    0.128296222529599202E+01   -0.488731788974526626E+00    0.673919511270299587E+00   -0.629976806321109750E+00   -0.336037538714190065E+01   -0.507483529222195813E+02   -0.473879775350776811E+02   -0.154451535193769267E+02    1
    0.122931949223227521E+01   -0.732479183470039263E+00    0.791437258961621204E+00   -0.492389985477421743E+00   -0.336037538714190065E+01   -0.507445876775256650E+02   -0.473842122903837648E+02   -0.154551535193769283E+02    1
    0.130404279045136784E+01   -0.743636655557520676E+00    0.815308213433772799E+00   -0.536362869920244290E+00   -0.336037538714190065E+01   -0.507429194719782188E+02   -0.473825440848363186E+02   -0.154651535193769263E+02    1
    0.130380530738028222E+01   -0.737757214873269174E+00    0.807850177235529987E+00   -0.540240866854447166E+00   -0.336037538714190065E+01   -0.507427920805925226E+02   -0.473824166934506223E+02   -0.154751535193769261E+02    1
    0.140343797149297789E+01   -0.525154225085992854E+00    0.730439379790433385E+00   -0.685345310224747650E+00   -0.336037538714190065E+01   -0.507370236819653044E+02   -0.473766482948234042E+02   -0.154851535193769205E+02    1
    0.105754855020165284E+01   -0.555313116890994607E+00    0.645005726164541660E+00   -0.455971018034011744E+00   -0.336037538714190065E+01   -0.507366021878924869E+02   -0.473762268007505867E+02   -0.154951535193769203E+02    1
    0.118785832754396470E+01   -0.549880194787863097E+00    0.674797537952348758E+00   -0.540717073840404128E+00   -0.336037538714190065E+01   -0.507361511490267958E+02   -0.473757757618848956E+02   -0.155051535193769237E+02    1
    0.138054804727766633E+01   -0.727068007305751829E+00    0.840398122627174615E+00   -0.596650104272312132E+00   -0.336037538714190065E+01   -0.507350247251076425E+02   -0.473746493379657423E+02   -0.155151535193769234E+02    1
    0.145469729840478390E+01   -0.670055692410912784E+00    0.826698269623755699E+00   -0.668957689554339763E+00   -0.336037538714190065E+01   -0.507333658542545791E+02   -0.473729904671126789E+02   -0.155251535193769197E+02    1
    0.139362959409212417E+01   -0.805406245851262081E+00    0.869164477196971097E+00   -0.568445870483065274E+00   -0.336037538714190065E+01   -0.507316438106696310E+02   -0.473712684235277308E+02   -0.155351535193769248E+02    1
    0.132381462504506420E+01   -0.630250504271007483E+00    0.764232353163047273E+00   -0.596063886938076992E+00   -0.336037538714190065E+01   -0.507304060205049652E+02   -0.473700306333630650E+02   -0.155451535193769281E+02    1
    0.122357192082515898E+01   -0.671078257570065118E+00    0.749277510965199678E+00   -0.513273614206293249E+00   -0.336037538714190065E+01   -0.507295604009369896E+02   -0.473691850137950894E+02   -0.155551535193769244E+02    1
    0.139393496096987590E+01   -0.890556278601672635E+00    0.909923391119159763E+00   -0.531605040995843714E+00   -0.336037538714190065E+01   -0.507292933111876749E+02   -0.473689179240457747E+02   -0.155651535193769259E+02    1
    0.145419444067077963E+01   -0.873755416134359475E+00    0.921835959906466496E+00   -0.569689635886747481E+00   -0.336037538714190065E+01   -0.507290422859314276E+02   -0.473686668987895274E+02   -0.155751535193769239E+02    1
    0.101277053190363642E+01   -0.587117529289903906E+00    0.639409280191618912E+00   -0.416796571976708219E+00   -0.336037538714190065E+01   -0.507287172665623274E+02   -0.473683418794204272E+02   -0.155851535193769202E+02    1
    0.116999375762736513E+01   -0.540972589710325469E+00    0.665132590678635616E+00   -0.533938759686266362E+00   -0.336037538714190065E+01   -0.507280500553703888E+02   -0.473676746682284886E+02   -0.155951535193769217E+02    1
    0.131626555008243695E+01   -0.659034507645976375E+00    0.775184550015512119E+00   -0.583047081779311860E+00   -0.336037538714190065E+01   -0.507274604438778454E+02   -0.473670850567359452E+02   -0.156051535193769233E+02    1
    0.148138844395335401E+01   -0.698826810815619259E+00    0.850951746679573962E+00   -0.667789164802266466E+00   -0.336037538714190065E+01   -0.507273531881028319E+02   -0.473669778009609317E+02   -0.156151535193769195E+02    1
    0.108845465438949285E+01   -0.607280456358968546E+00    0.672570864029547799E+00   -0.452617380353533216E+00   -0.336037538714190065E+01   -0.507273506773765064E+02   -0.473669752902346062E+02   -0.156251535193769264E+02    1
    0.120156998671590909E+01   -0.682841940836065753E+00    0.751536624406103249E+00   -0.500813420805431342E+00   -0.336037538714190065E+01   -0.507252051012601228E+02   -0.473648297141182226E+02   -0.156351535193769333E+02    1
    0.145261539386767646E+01   -0.756892120129918022E+00    0.879765045429533821E+00   -0.626079125695941929E+00   -0.336037538714190065E+01   -0.507236527470432321E+02   -0.473632773599013319E+02   -0.156451535193769296E+02    1
    0.142163101609325615E+01   -0.660342546052327561E+00    0.815215589593574652E+00   -0.654991807544342497E+00   -0.336037538714190065E+01   -0.507232415415162450E+02   -0.473628661543743448E+02   -0.156551535193769293E+02    1
    0.107868943015348107E+01   -0.560156338445807478E+00    0.649985083861901458E+00   -0.474474895589848733E+00   -0.336037538714190065E+01   -0.507231524267686993E+02   -0.473627770396267991E+02   -0.156651535193769256E+02    1
    0.147779712246702033E+01   -0.707791496548033083E+00    0.855380035656822635E+00   -0.672825792805024747E+00   -0.336037538714190065E+01   -0.507217039490886634E+02   -0.473613285619467632E+02   -0.156751535193769271E+02    1
    0.145999735139410625E+01   -0.875547793641507033E+00    0.926466350322808552E+00   -0.581523813593955441E+00   -0.336037538714190065E+01   -0.507189120460846894E+02   -0.473585366589427892E+02   -0.156851535193769340E+02    1
    0.146237561346384703E+01   -0.784707065628199585E+00    0.890159089820096172E+00   -0.623000333653041971E+00   -0.336037538714190065E+01   -0.507179957078417658E+02   -0.473576203206998656E+02   -0.156951535193769303E+02    1
    0.108281396906844840E+01   -0.605905806633295851E+00    0.671411508750285435E+00   -0.451321704790812128E+00   -0.336037538714190065E+01   -0.507149043170838567E+02   -0.473545289299419565E+02   -0.157051535193769265E+02    1
    0.132955517754319752E+01   -0.786263024113595721E+00    0.845591773274704472E+00   -0.543043570421796962E+00   -0.336037538714190065E+01   -0.507132586367563292E+02   -0.473528832496144290E+02   -0.157151535193769245E+02    1
    0.146462409848222475E+01   -0.864479354700094849E+00    0.922379182144756005E+00   -0.587783118466609467E+00   -0.336037538714190065E+01   -0.507127770018833601E+02   -0.473524016147414599E+02   -0.157251535193769243E+02    1
    0.122378488571803423E+01   -0.628098836121841253E+00    0.734826557537196390E+00   -0.534367275003362785E+00   -0.336037538714190065E+01   -0.507127398840456962E+02   -0.473523644969037960E+02   -0.157351535193769205E+02    1
